[docbuilder][info] Starting sp_docbuilder.xhtml...
Running ant -f build.xml -propertyfile /work/tmp/scratch/docbuilder/buildArea/build_1890506/tmp/ditaot3205115720710860344.properties

[stdout]Unable to locate tools.jar. Expected to find it in /usr/lib/jvm/java-1.8.0-openjdk-1.8.0.292.b10-1.el8_4.x86_64/lib/tools.jar
[stdout]Buildfile: /u01/docbuilder/dita-ot-1.8.5/build.xml
[stdout]    [mkdir] Created dir: /u01/docbuilder/dita-ot-1.8.5/temp
[stdout]
[stdout]init:
[stdout]
[stdout]dita2sp_docbuilder.xhtml.init:
[stdout]
[stdout]d4p.map-driven-build-init:
[stdout]
[stdout]start-process:
[stdout]
[stdout]init-logger:
[stdout]
[stdout]init-URIResolver:
[stdout]
[stdout]use-init:
[stdout]
[stdout]check-arg:
[stdout]   [delete] Deleting directory /work/tmp/scratch/docbuilder/buildArea/build_1890506/tmp
[stdout]    [mkdir] Created dir: /work/tmp/scratch/docbuilder/buildArea/build_1890506/tmp
[stdout]     [echo] *****************************************************************
[stdout]     [echo] * basedir = /u01/docbuilder/dita-ot-1.8.5
[stdout]     [echo] * dita.dir = /u01/docbuilder/dita-ot-1.8.5
[stdout]     [echo] * input = /work/transformations/build_1890506/dita2dita/oracle-data-guard-broker.ditamap
[stdout]     [echo] * inputdir = /work/transformations/build_1890506/dita2dita
[stdout]     [echo] * transtype = sp_docbuilder.xhtml.local
[stdout]     [echo] * tempdir = /work/tmp/scratch/docbuilder/buildArea/build_1890506/tmp
[stdout]     [echo] * outputdir = /work/tmp/scratch/docbuilder/buildArea/build_1890506/out
[stdout]     [echo] * extname = .xml
[stdout]     [echo] * clean.temp = no
[stdout]     [echo] * DITA-OT version = 1.8.5
[stdout]     [echo] * XML parser = Xerces
[stdout]     [echo] * XSLT processor = Saxon
[stdout]     [echo] * collator = ICU
[stdout]     [echo] *****************************************************************
[stdout]     [echo] #Ant properties
[stdout]     [echo] #Sun May 11 21:22:34 PDT 2025
[stdout]     [echo] args.canadian.copyright=false
[stdout]     [echo] args.category.display=true
[stdout]     [echo] args.category.long_name=Database
[stdout]     [echo] args.category.short_name=database
[stdout]     [echo] args.chapter.layout=BASIC
[stdout]     [echo] args.copycss=yes
[stdout]     [echo] args.css.file.temp=${args.css}
[stdout]     [echo] args.css.real=${args.css}
[stdout]     [echo] args.docid=DGBKR
[stdout]     [echo] args.draft=no
[stdout]     [echo] args.filter=/work/transformations/build_1890506/dita2dita/context.ditaval
[stdout]     [echo] args.grammar.cache=yes
[stdout]     [echo] args.include.orareview=no
[stdout]     [echo] args.input=/work/transformations/build_1890506/dita2dita/oracle-data-guard-broker.ditamap
[stdout]     [echo] args.input.rootmap=/work/builds/1890506/oracle-data-guard-broker.ditamap
[stdout]     [echo] args.linkresolver.flag=true
[stdout]     [echo] args.linkresolver.ulContext=en/database/oracle/oracle-database/19/dgbkr
[stdout]     [echo] args.logdir=/work/tmp/scratch/docbuilder/buildArea/build_1890506/log
[stdout]     [echo] args.numbered.sections=false
[stdout]     [echo] args.outext=html
[stdout]     [echo] args.pdf.basename=data-guard-broker
[stdout]     [echo] args.product.display=true
[stdout]     [echo] args.product.long_name=Oracle
[stdout]     [echo] args.product.short_name=oracle-database
[stdout]     [echo] args.product_group.display=false
[stdout]     [echo] args.product_group.long_name=Not
[stdout]     [echo] args.product_group.short_name=not-applicable
[stdout]     [echo] args.publication.type=sdl
[stdout]     [echo] args.release.display=true
[stdout]     [echo] args.release.long_name=Release
[stdout]     [echo] args.release.short_name=19
[stdout]     [echo] args.rellinks=nofamily
[stdout]     [echo] args.sp_common.offline=true
[stdout]     [echo] args.sp_common.ohctemplate=book
[stdout]     [echo] args.ssot.basepath=en/database/oracle/oracle-database/19
[stdout]     [echo] args.suite.display=true
[stdout]     [echo] args.suite.long_name=Oracle
[stdout]     [echo] args.suite.short_name=oracle
[stdout]     [echo] args.xhtml.classattr=no
[stdout]     [echo] args.xhtml.toc=toc
[stdout]     [echo] args.xml.systemid.set=yes
[stdout]     [echo] dita.dir=/u01/docbuilder/dita-ot-1.8.5
[stdout]     [echo] dita.ext=.xml
[stdout]     [echo] dita.input.dirname=/work/transformations/build_1890506/dita2dita
[stdout]     [echo] dita.input.filename=oracle-data-guard-broker.ditamap
[stdout]     [echo] dita.input.valfile=/work/transformations/build_1890506/dita2dita/context.ditaval
[stdout]     [echo] dita.map.filename.root=oracle-data-guard-broker
[stdout]     [echo] dita.map.html5.no.package=yes
[stdout]     [echo] dita.plugin.com.oracle.us.doceng.pdf2.dir=/u01/docbuilder/dita-ot-1.8.5/plugins/doceng.pdf2
[stdout]     [echo] dita.plugin.com.oracle.us.infodev.browserhelp.dir=/u01/docbuilder/dita-ot-1.8.5/plugins/infodev.browserhelp
[stdout]     [echo] dita.plugin.com.oracle.us.infodev.common.ohj.dir=/u01/docbuilder/dita-ot-1.8.5/plugins/infodev.common.ohj
[stdout]     [echo] dita.plugin.com.oracle.us.infodev.converters.dir=/u01/docbuilder/dita-ot-1.8.5/plugins/infodev.converters
[stdout]     [echo] dita.plugin.com.oracle.us.infodev.dispatcher.dir=/u01/docbuilder/dita-ot-1.8.5/plugins/infodev.dispatcher
[stdout]     [echo] dita.plugin.com.oracle.us.infodev.dita2dita.dir=/u01/docbuilder/dita-ot-1.8.5/plugins/infodev.dita2dita
[stdout]     [echo] dita.plugin.com.oracle.us.infodev.doctypes.dir=/u01/docbuilder/dita-ot-1.8.5/plugins/infodev.doctypes
[stdout]     [echo] dita.plugin.com.oracle.us.infodev.eclipsehelp.dir=/u01/docbuilder/dita-ot-1.8.5/plugins/infodev.eclipsehelp
[stdout]     [echo] dita.plugin.com.oracle.us.infodev.epub.dir=/u01/docbuilder/dita-ot-1.8.5/plugins/infodev.epub
[stdout]     [echo] dita.plugin.com.oracle.us.infodev.fixup.dir=/u01/docbuilder/dita-ot-1.8.5/plugins/infodev.fixup
[stdout]     [echo] dita.plugin.com.oracle.us.infodev.kindle.dir=/u01/docbuilder/dita-ot-1.8.5/plugins/infodev.kindle
[stdout]     [echo] dita.plugin.com.oracle.us.infodev.link-resolver.dir=/u01/docbuilder/dita-ot-1.8.5/plugins/infodev.link-resolver
[stdout]     [echo] dita.plugin.com.oracle.us.infodev.mobile.dir=/u01/docbuilder/dita-ot-1.8.5/plugins/infodev.mobile
[stdout]     [echo] dita.plugin.com.oracle.us.infodev.ohj.dir=/u01/docbuilder/dita-ot-1.8.5/plugins/infodev.ohj
[stdout]     [echo] dita.plugin.com.oracle.us.infodev.pdf.dir=/u01/docbuilder/dita-ot-1.8.5/plugins/infodev.pdf
[stdout]     [echo] dita.plugin.com.oracle.us.infodev.qa.dir=/u01/docbuilder/dita-ot-1.8.5/plugins/infodev.qa
[stdout]     [echo] dita.plugin.com.oracle.us.infodev.translation.dir=/u01/docbuilder/dita-ot-1.8.5/plugins/infodev.translation
[stdout]     [echo] dita.plugin.com.oracle.us.infodev.xhtml.dir=/u01/docbuilder/dita-ot-1.8.5/plugins/infodev.xhtml
[stdout]     [echo] dita.plugin.com.oracle.us.infodev.xml.dir=/u01/docbuilder/dita-ot-1.8.5/plugins/infodev.xml
[stdout]     [echo] dita.plugin.com.oracle.us.sp_docbuilder.xhtml.dir=/u01/docbuilder/dita-ot-1.8.5/plugins/sp_docbuilder.xhtml
[stdout]     [echo] dita.plugin.com.sophos.tocjs.dir=/u01/docbuilder/dita-ot-1.8.5/plugins/com.sophos.tocjs
[stdout]     [echo] dita.plugin.com.suite-sol.eps.pdf.dir=/u01/docbuilder/dita-ot-1.8.5/plugins/com.suite-sol.eps.pdf
[stdout]     [echo] dita.plugin.org.dita-community.adjust-copy-to.dir=/u01/docbuilder/dita-ot-1.8.5/plugins/org.dita-community.adjust-copy-to
[stdout]     [echo] dita.plugin.org.dita-community.common.xslt.dir=/u01/docbuilder/dita-ot-1.8.5/plugins/org.dita-community.common.xslt
[stdout]     [echo] dita.plugin.org.dita-community.preprocess-extensions.dir=/u01/docbuilder/dita-ot-1.8.5/plugins/org.dita-community.preprocess-extensions
[stdout]     [echo] dita.plugin.org.dita.base.dir=/u01/docbuilder/dita-ot-1.8.5
[stdout]     [echo] dita.plugin.org.dita.docbook.dir=/u01/docbuilder/dita-ot-1.8.5/plugins/org.dita.docbook
[stdout]     [echo] dita.plugin.org.dita.eclipsecontent.dir=/u01/docbuilder/dita-ot-1.8.5/plugins/org.dita.eclipsecontent
[stdout]     [echo] dita.plugin.org.dita.eclipsehelp.dir=/u01/docbuilder/dita-ot-1.8.5/plugins/org.dita.eclipsehelp
[stdout]     [echo] dita.plugin.org.dita.htmlhelp.dir=/u01/docbuilder/dita-ot-1.8.5/plugins/org.dita.htmlhelp
[stdout]     [echo] dita.plugin.org.dita.javahelp.dir=/u01/docbuilder/dita-ot-1.8.5/plugins/org.dita.javahelp
[stdout]     [echo] dita.plugin.org.dita.legacypdf.dir=/u01/docbuilder/dita-ot-1.8.5/plugins/legacypdf
[stdout]     [echo] dita.plugin.org.dita.odt.dir=/u01/docbuilder/dita-ot-1.8.5/plugins/org.dita.odt
[stdout]     [echo] dita.plugin.org.dita.pdf.dir=/u01/docbuilder/dita-ot-1.8.5/plugins/org.dita.pdf
[stdout]     [echo] dita.plugin.org.dita.pdf2.dir=/u01/docbuilder/dita-ot-1.8.5/plugins/org.dita.pdf2
[stdout]     [echo] dita.plugin.org.dita.specialization.dita11.dir=/u01/docbuilder/dita-ot-1.8.5/plugins/org.dita.specialization.dita11
[stdout]     [echo] dita.plugin.org.dita.specialization.dita132.dir=/u01/docbuilder/dita-ot-1.8.5/plugins/org.dita.specialization.dita132
[stdout]     [echo] dita.plugin.org.dita.specialization.eclipsemap.dir=/u01/docbuilder/dita-ot-1.8.5/plugins/org.dita.specialization.eclipsemap
[stdout]     [echo] dita.plugin.org.dita.specialization.h2d.dir=/u01/docbuilder/dita-ot-1.8.5/plugins/h2d
[stdout]     [echo] dita.plugin.org.dita.troff.dir=/u01/docbuilder/dita-ot-1.8.5/plugins/org.dita.troff
[stdout]     [echo] dita.plugin.org.dita.wordrtf.dir=/u01/docbuilder/dita-ot-1.8.5/plugins/org.dita.wordrtf
[stdout]     [echo] dita.plugin.org.dita.xhtml.dir=/u01/docbuilder/dita-ot-1.8.5/plugins/org.dita.xhtml
[stdout]     [echo] dita.plugin.org.dita4publishers.common.html.dir=/u01/docbuilder/dita-ot-1.8.5/plugins/org.dita4publishers.common.html
[stdout]     [echo] dita.plugin.org.dita4publishers.common.mapdriven.dir=/u01/docbuilder/dita-ot-1.8.5/plugins/org.dita4publishers.common.mapdriven
[stdout]     [echo] dita.plugin.org.dita4publishers.common.xslt.dir=/u01/docbuilder/dita-ot-1.8.5/plugins/org.dita4publishers.common.xslt
[stdout]     [echo] dita.plugin.org.dita4publishers.epub.dir=/u01/docbuilder/dita-ot-1.8.5/plugins/org.dita4publishers.epub
[stdout]     [echo] dita.plugin.org.dita4publishers.html2.dir=/u01/docbuilder/dita-ot-1.8.5/plugins/org.dita4publishers.html2
[stdout]     [echo] dita.plugin.org.dita4publishers.html5.dir=/u01/docbuilder/dita-ot-1.8.5/plugins/org.dita4publishers.html5
[stdout]     [echo] dita.plugin.org.dita4publishers.json.dir=/u01/docbuilder/dita-ot-1.8.5/plugins/org.dita4publishers.json
[stdout]     [echo] dita.plugin.org.dita4publishers.kindle.dir=/u01/docbuilder/dita-ot-1.8.5/plugins/org.dita4publishers.kindle
[stdout]     [echo] dita.plugin.org.dita4publishers.math-d.html.dir=/u01/docbuilder/dita-ot-1.8.5/plugins/org.dita4publishers.math-d.html
[stdout]     [echo] dita.plugin.org.dita4publishers.math.dir=/u01/docbuilder/dita-ot-1.8.5/plugins/org.dita4publishers.math
[stdout]     [echo] dita.plugin.org.dita4publishers.media-d.html.dir=/u01/docbuilder/dita-ot-1.8.5/plugins/org.dita4publishers.media-d.html
[stdout]     [echo] dita.plugins.dir=/u01/docbuilder/dita-ot-1.8.5/plugins
[stdout]     [echo] dita.preprocess.reloadstylesheet=false
[stdout]     [echo] dita.temp.dir=/work/tmp/scratch/docbuilder/buildArea/build_1890506/tmp
[stdout]     [echo] dita.topic.filename.root=oracle-data-guard-broker.ditamap
[stdout]     [echo] ditaot.dir=/u01
[stdout]     [echo] ditaot.temp.dir=/u01/docbuilder/dita-ot-1.8.5/temp
[stdout]     [echo] preprocess.dc-adjust-copy-to.noskip=true
[stdout]     [echo] *****************************************************************
[stdout]
[stdout]output-css-warn-message:
[stdout]
[stdout]output-msg:
[stdout]
[stdout]build-init:
[stdout]
[stdout]infodev-preprocess-solutions-fixup-transtype-check:
[stdout]
[stdout]infodev.preprocess.solutions.fixup.init:
[stdout]
[stdout]solution-sdl-ishjobticket-file-check:
[stdout]
[stdout]solution-sdl-ishjobticket2properties:
[stdout]     [xslt] Processing /work/transformations/build_1890506/dita2dita/ishjobticket.xml to /work/tmp/scratch/docbuilder/buildArea/build_1890506/tmp/solutions/ishjobticket.properties
[stdout]     [xslt] Loading stylesheet /u01/docbuilder/dita-ot-1.8.5/plugins/sp_docbuilder.xhtml/xsl/preprocess/ishjobticket2properties.xsl
[stdout][echoproperties] #Ant properties
[stdout][echoproperties] #Sun May 11 21:22:34 PDT 2025
[stdout][echoproperties] ishjob.attributes-to-ignore=navtitle, width, height, class, style, id, colnum, colname, align, char, charoff, colwidth, colsep, rowsep, ishcondition, ishresult
[stdout][echoproperties] ishjob.baseline-name=Data Guard Broker-v10.1.1-GUID-D5023ABB-EAA8-4E85-98D4-654CDB9F9A12-2021/07/23 04\:27\:46
[stdout][echoproperties] ishjob.documenttitle=Data Guard Broker
[stdout][echoproperties] ishjob.elements-for-parent-propagation=entry, stentry, colspec, thead, sthead, tbody, dlhead, dthd, ddhd, dt, dd, proptype, propvalue, propdesc, proptypehd, propvaluehd, propdeschd, shape, coords, cmd, stepresult, pt, pd, chhead, choption, chdesc, copyryear, copyrholder, relheader, relcolspec, relcell
[stdout][echoproperties] ishjob.elements-to-skip-children-propagation=image, hazardsymbol, glosssymbol, topicref, topichead, topicgroup, abbrevlist, amendments, appendix, appendices, backmatter, bibliolist, bookabstract, booklist, booklists, chapter, colophon, dedication, draftintro, figurelist, frontmatter, glossarylist, indexlist, notices, part, preface, tablelist, toc, trademarklist, anchorref, keydef, mapref, topicset, topicsetref, glossref
[stdout][echoproperties] ishjob.email-address=weblogic
[stdout][echoproperties] ishjob.event-identifier=EXPORTFORPUBLICATION SDLAPP-0 20250511211055406 916680143
[stdout][echoproperties] ishjob.event-name=EXPORTFORPUBLICATION
[stdout][echoproperties] ishjob.export-document=GUID-D5023ABB-EAA8-4E85-98D4-654CDB9F9A12
[stdout][echoproperties] ishjob.export-document-level=lng
[stdout][echoproperties] ishjob.export-document-type=ISHPublication
[stdout][echoproperties] ishjob.export-ishlngref=8804296
[stdout][echoproperties] ishjob.export-path=C\:\\InfoShare\\Data\\PublishingService\\Data\\DataExports\\GUID-D5023ABB-EAA8-4E85-98D4-654CDB9F9A12.8804296.20250511091055562\\10.1.1\\en-US
[stdout][echoproperties] ishjob.export-report=GUID-D5023ABB-EAA8-4E85-98D4-654CDB9F9A12.report.xml
[stdout][echoproperties] ishjob.export-resources=GUID-03F92E83-CCF0-4C20-8353-099754A95445
[stdout][echoproperties] ishjob.export-start-document=GUID-9F8EAEFC-BE2D-4512-84F7-3642AA17B4DB
[stdout][echoproperties] ishjob.language=en-US
[stdout][echoproperties] ishjob.output-fileextension=zip
[stdout][echoproperties] ishjob.outputformat=XHTML - Title name (readable non-GUID)
[stdout][echoproperties] ishjob.publisher=ccmsapi2016
[stdout][echoproperties] ishjob.releasecandidate=yes
[stdout][echoproperties] ishjob.required-resolution=Print, Default
[stdout][echoproperties] ishjob.resourcelanguage=en-US
[stdout][echoproperties] ishjob.start-date=20250805182040
[stdout]
[stdout]solution-export-document-check:
[stdout]
[stdout]solution-sdl-ishfields2properties:
[stdout]     [xslt] Processing /work/transformations/build_1890506/dita2dita/GUID-D5023ABB-EAA8-4E85-98D4-654CDB9F9A12.met to /work/tmp/scratch/docbuilder/buildArea/build_1890506/tmp/solutions/ishfields.properties
[stdout]     [xslt] Loading stylesheet /u01/docbuilder/dita-ot-1.8.5/plugins/sp_docbuilder.xhtml/xsl/preprocess/ishfields2properties.xsl
[stdout][echoproperties] #Ant properties
[stdout][echoproperties] #Sun May 11 21:22:34 PDT 2025
[stdout][echoproperties] ishfield.created-on=23/07/2021 04\:27\:46
[stdout][echoproperties] ishfield.fchanges=19c\: updates and bug fixes
[stdout][echoproperties] ishfield.fdescription=Describes the Oracle Data Guard broker, a management and monitoring interface that automates many of the tasks involved in configuring and monitoring standby databases in an Oracle Data Guard configuration.
[stdout][echoproperties] ishfield.fishbaseline=Data Guard Broker-v10.1.1-GUID-D5023ABB-EAA8-4E85-98D4-654CDB9F9A12-2021/07/23 04\:27\:46
[stdout][echoproperties] ishfield.fishfallbacklngdefault=en-US
[stdout][echoproperties] ishfield.fishfallbacklngimages=en-US
[stdout][echoproperties] ishfield.fishfallbacklngresources=en-US
[stdout][echoproperties] ishfield.fishmasterref=GUID-9F8EAEFC-BE2D-4512-84F7-3642AA17B4DB
[stdout][echoproperties] ishfield.fishpublicationtype=Book
[stdout][echoproperties] ishfield.fishpubsourcelanguages=en-US
[stdout][echoproperties] ishfield.fishrequiredresolutions=Default
[stdout][echoproperties] ishfield.fishresources=GUID-03F92E83-CCF0-4C20-8353-099754A95445
[stdout][echoproperties] ishfield.fmapid=GUID-D5023ABB-EAA8-4E85-98D4-654CDB9F9A12
[stdout][echoproperties] ishfield.foracopyfirst=1999
[stdout][echoproperties] ishfield.foracopylast=2025
[stdout][echoproperties] ishfield.foradocid=DGBKR
[stdout][echoproperties] ishfield.forapartnum=E96245-04
[stdout][echoproperties] ishfield.foraprintdate=September 2021
[stdout][echoproperties] ishfield.foraprodname=Database
[stdout][echoproperties] ishfield.forapubautogenlinks=nofamily
[stdout][echoproperties] ishfield.forapubbetadraft=none
[stdout][echoproperties] ishfield.forapubbrand=DARB
[stdout][echoproperties] ishfield.forapubpartno=E96245-04
[stdout][echoproperties] ishfield.forapubprintdate=May 2025
[stdout][echoproperties] ishfield.forarelnumber=19.1.0
[stdout][echoproperties] ishfield.foraspcategory=Database
[stdout][echoproperties] ishfield.foraspdesc=Describes the Oracle Data Guard broker, a management and monitoring interface that automates many of the tasks involved in configuring and monitoring standby databases in an Oracle Data Guard configuration.
[stdout][echoproperties] ishfield.forasppalias=dgbkr
[stdout][echoproperties] ishfield.foraspprodgroup=Not Applicable
[stdout][echoproperties] ishfield.foraspproduct=Oracle Database
[stdout][echoproperties] ishfield.forasprelease=Release 19
[stdout][echoproperties] ishfield.foraspsuite=Oracle
[stdout][echoproperties] ishfield.fpubincludecomments=No
[stdout][echoproperties] ishfield.frequestedlanguages=en-US
[stdout][echoproperties] ishfield.ftitle=Data Guard Broker
[stdout][echoproperties] ishfield.modified-on=11/05/2025 21\:11\:03
[stdout][echoproperties] ishfield.version=10.1.1
[stdout]
[stdout]solution-sdl-load-metadata:
[stdout]
[stdout]solution-book-load-metadata:
[stdout]     [xslt] Processing /work/transformations/build_1890506/dita2dita/oracle-data-guard-broker.ditamap to /work/tmp/scratch/docbuilder/buildArea/build_1890506/tmp/solutions/bookmap.properties
[stdout]     [xslt] Loading stylesheet /u01/docbuilder/dita-ot-1.8.5/plugins/sp_docbuilder.xhtml/xsl/preprocess/ditamap2properties.xsl
[stdout][echoproperties] #Ant properties
[stdout][echoproperties] #Sun May 11 21:22:34 PDT 2025
[stdout][echoproperties] ditamap.document.lang=en-US
[stdout]
[stdout]solution-load-metadata:
[stdout]
[stdout]infodev-preprocess-solutions-fixup-check:
[stdout]
[stdout]infodev.preprocess.solutions.fixup:
[stdout]
[stdout]gen-list:
[stdout] [gen-list] GenMapAndTopicListModule.execute(): Starting...
[stdout] [gen-list] Using Xerces grammar pool for DTD and schema caching.
[stdout] [gen-list] Processing /work/transformations/build_1890506/dita2dita/oracle-data-guard-broker.ditamap
[stdout] [gen-list] Processing /work/transformations/build_1890506/dita2dita/staticconnectidentifier.xml
[stdout] [gen-list] Processing /work/transformations/build_1890506/dita2dita/related-documents.xml
[stdout] [gen-list] Processing /work/transformations/build_1890506/dita2dita/default-state.xml
[stdout] [gen-list] Processing /work/transformations/build_1890506/dita2dita/database-guard.xml
[stdout] [gen-list] Processing /work/transformations/build_1890506/dita2dita/database-property-management.xml
[stdout] [gen-list] Processing /work/transformations/build_1890506/dita2dita/standby-fails-automatically-start-due-unknown-service-ora-12514.xml
[stdout] [gen-list] Processing /work/transformations/build_1890506/dita2dita/lsbymaxeventsrecorded.xml
[stdout] [gen-list] Processing /work/transformations/build_1890506/dita2dita/configuration-object.xml
[stdout] [gen-list] Processing /work/transformations/build_1890506/dita2dita/externaldestination1.xml
[stdout] [gen-list] Processing /work/transformations/build_1890506/dita2dita/inconsistentlogxptprops-inconsistent-redo-transport-properties.xml
[stdout] [gen-list] Processing /work/transformations/build_1890506/dita2dita/managing-members-broker-configuration.xml
[stdout] [gen-list] Processing /work/transformations/build_1890506/dita2dita/faststartfailoverlaglimit.xml
[stdout] [gen-list] Processing /work/transformations/build_1890506/dita2dita/faststartfailoverpmyshutdown.xml
[stdout] [gen-list] Processing /work/transformations/build_1890506/dita2dita/help.xml
[stdout] [gen-list] Processing /work/transformations/build_1890506/dita2dita/stop-observer.xml
[stdout] [gen-list] Processing /work/transformations/build_1890506/dita2dita/oracle-data-guard-broker1.xml
[stdout] [gen-list] Processing /work/transformations/build_1890506/dita2dita/applyparallel.xml
[stdout] [gen-list] Processing /work/transformations/build_1890506/dita2dita/validating-server-parameter-files-role-change.xml
[stdout] [gen-list] Processing /work/transformations/build_1890506/dita2dita/disabling-observe-only-mode-fast-start-failover.xml
[stdout] [gen-list] Processing /work/transformations/build_1890506/dita2dita/switchover1.xml
[stdout] [gen-list] Processing /work/transformations/build_1890506/dita2dita/other-redo-transport-settings.xml
[stdout] [gen-list] Processing /work/transformations/build_1890506/dita2dita/managing-database-properties.xml
[stdout] [gen-list] Processing /work/transformations/build_1890506/dita2dita/managing-database-conversions.xml
[stdout] [gen-list] Processing /work/transformations/build_1890506/dita2dita/changes-oracle-database-release-19c.xml
[stdout] [gen-list] Processing /work/transformations/build_1890506/dita2dita/edit-configuration-rename.xml
[stdout] [gen-list] Processing /work/transformations/build_1890506/dita2dita/managing-broker-configuration-files-oracle-rac-environment.xml
[stdout] [gen-list] Processing /work/transformations/build_1890506/dita2dita/redo-routing-rules.xml
[stdout] [gen-list] Processing /work/transformations/build_1890506/dita2dita/preferredobserverhosts.xml
[stdout] [gen-list] Processing /work/transformations/build_1890506/dita2dita/validate-network-configuration.xml
[stdout] [gen-list] Processing /work/transformations/build_1890506/dita2dita/configurationsimplename.xml
[stdout] [gen-list] Processing /work/transformations/build_1890506/dita2dita/edit-database-property.xml
[stdout] [gen-list] Processing /work/transformations/build_1890506/dita2dita/managing-broker-configurations.xml
[stdout] [gen-list] Processing /work/transformations/build_1890506/dita2dita/using-switchover-command-task-4-issue-switchover-command.xml
[stdout] [gen-list] Processing /work/transformations/build_1890506/dita2dita/oracle-data-guard-broker-and-cdbs.xml
[stdout] [gen-list] Processing /work/transformations/build_1890506/dita2dita/standbyfilemanagement.xml
[stdout] [gen-list] Processing /work/transformations/build_1890506/dita2dita/renaming-broker-configuration-files.xml
[stdout] [gen-list] Processing /work/transformations/build_1890506/dita2dita/configuration-status.xml
[stdout] [gen-list] Processing /work/transformations/build_1890506/dita2dita/validating-database-role-change.xml
[stdout] [gen-list] Processing /work/transformations/build_1890506/dita2dita/validate-far_sync.xml
[stdout] [gen-list] Processing /work/transformations/build_1890506/dita2dita/viewing-information-all-observers.xml
[stdout] [gen-list] Processing /work/transformations/build_1890506/dita2dita/ons-configuration-requirements.xml
[stdout] [gen-list] Processing /work/transformations/build_1890506/dita2dita/oracle-data-guard-broker-and-oracle-global-data-services.xml
[stdout] [gen-list] Processing /work/transformations/build_1890506/dita2dita/edit-configuration-protection-mode.xml
[stdout] [gen-list] Processing /work/transformations/build_1890506/dita2dita/scenario-8-performing-routine-management-tasks.xml
[stdout] [gen-list] Processing /work/transformations/build_1890506/dita2dita/performing-manual-failover-task-1-determine-which-available-standby-databases-is-best-target-fa.xml
[stdout] [gen-list] Processing /work/transformations/build_1890506/dita2dita/manual-failover.xml
[stdout] [gen-list] Processing /work/transformations/build_1890506/dita2dita/edit-database-rename.xml
[stdout] [gen-list] Processing /work/transformations/build_1890506/dita2dita/alter-state-standby-database.xml
[stdout] [gen-list] Processing /work/transformations/build_1890506/dita2dita/primary-database.xml
[stdout] [gen-list] Processing /work/transformations/build_1890506/dita2dita/broker.xml
[stdout] [gen-list] Processing /work/transformations/build_1890506/dita2dita/setting-broker-configuration-files.xml
[stdout] [gen-list] Processing /work/transformations/build_1890506/dita2dita/managing-parallel-apply-redo-apply.xml
[stdout] [gen-list] Processing /work/transformations/build_1890506/dita2dita/dgmgrl-command-format-and-parameters.xml
[stdout] [gen-list] Processing /work/transformations/build_1890506/dita2dita/oracle-data-guard-monitor.xml
[stdout] [gen-list] Processing /work/transformations/build_1890506/dita2dita/redo-transport-services-oracle-rac-database-environment.xml
[stdout] [gen-list] Processing /work/transformations/build_1890506/dita2dita/importing-broker-configuration.xml
[stdout] [gen-list] Processing /work/transformations/build_1890506/dita2dita/encryption.xml
[stdout] [gen-list] Processing /work/transformations/build_1890506/dita2dita/sql-apply.xml
[stdout] [gen-list] Processing /work/transformations/build_1890506/dita2dita/oracle-data-guard-broker-upgrading-and-downgrading.xml
[stdout] [gen-list] Processing /work/transformations/build_1890506/dita2dita/managing-redo-transport-services-recovery-appliance.xml
[stdout] [gen-list] Processing /work/transformations/build_1890506/dita2dita/v_fs_failover_stats-view.xml
[stdout] [gen-list] Processing /work/transformations/build_1890506/dita2dita/moving-observer-another-computer.xml
[stdout] [gen-list] Processing /work/transformations/build_1890506/dita2dita/disable-configuration.xml
[stdout] [gen-list] Processing /work/transformations/build_1890506/dita2dita/scenario-4-setting-configuration-protection-mode.xml
[stdout] [gen-list] Processing /work/transformations/build_1890506/dita2dita/logarchiveformat.xml
[stdout] [gen-list] Processing /work/transformations/build_1890506/dita2dita/when-fast-start-failover-is-enabled-and-observer-is-running.xml
[stdout] [gen-list] Processing /work/transformations/build_1890506/dita2dita/oracle-enterprise-manager-cloud-control.xml
[stdout] [gen-list] Processing /work/transformations/build_1890506/dita2dita/set-trace_level.xml
[stdout] [gen-list] Processing /work/transformations/build_1890506/dita2dita/failed-broker-complete-physical-failovers.xml
[stdout] [gen-list] Processing /work/transformations/build_1890506/dita2dita/monitoring-configuration-task-4-check-inconsistentlogxptprops-monitorable-property.xml
[stdout] [gen-list] Processing /work/transformations/build_1890506/dita2dita/failover.xml
[stdout] [gen-list] Processing /work/transformations/build_1890506/dita2dita/considerations-while-using-dbms_rolling-package.xml
[stdout] [gen-list] Processing /work/transformations/build_1890506/dita2dita/warrantnotice_ak.xml
[stdout] [gen-list] Processing /work/transformations/build_1890506/dita2dita/scenarios-using-dgmgrl-command-line-interface.xml
[stdout] [gen-list] Processing /work/transformations/build_1890506/dita2dita/disabling-far-sync-instance.xml
[stdout] [gen-list] Processing /work/transformations/build_1890506/dita2dita/reinstating-former-primary-database-broker-configuration.xml
[stdout] [gen-list] Processing /work/transformations/build_1890506/dita2dita/snapshot-standby-database.xml
[stdout] [gen-list] Processing /work/transformations/build_1890506/dita2dita/audience.xml
[stdout] [gen-list] Processing /work/transformations/build_1890506/dita2dita/scenario-15-exporting-and-importing-broker-configuration-file.xml
[stdout] [gen-list] Processing /work/transformations/build_1890506/dita2dita/delaymins.xml
[stdout] [gen-list] Processing /work/transformations/build_1890506/dita2dita/data-guard-environment.xml
[stdout] [gen-list] Processing /work/transformations/build_1890506/dita2dita/edit-far_sync.xml
[stdout] [gen-list] Processing /work/transformations/build_1890506/dita2dita/using-oracle-asm-disk-groups-configuration-files.xml
[stdout] [gen-list] Processing /work/transformations/build_1890506/dita2dita/dataguardsynclatency.xml
[stdout] [gen-list] Processing /work/transformations/build_1890506/dita2dita/observerreconnect.xml
[stdout] [gen-list] Processing /work/transformations/build_1890506/dita2dita/exit.xml
[stdout] [gen-list] Processing /work/transformations/build_1890506/dita2dita/database-client-considerations.xml
[stdout] [gen-list] Processing /work/transformations/build_1890506/dita2dita/apply-instance.xml
[stdout] [gen-list] Processing /work/transformations/build_1890506/dita2dita/requirements.xml
[stdout] [gen-list] Processing /work/transformations/build_1890506/dita2dita/logarchiveminsucceeddest.xml
[stdout] [gen-list] Processing /work/transformations/build_1890506/dita2dita/setting-protection-mode-task-4-using-dgmgrl-or-cloud-control.xml
[stdout] [gen-list] Processing /work/transformations/build_1890506/dita2dita/create-configuration.xml
[stdout] [gen-list] Processing /work/transformations/build_1890506/dita2dita/many-log-files-are-received-standby-database-not-applied.xml
[stdout] [gen-list] Processing /work/transformations/build_1890506/dita2dita/configure-conditions-fast-start-failover.xml
[stdout] [gen-list] Processing /work/transformations/build_1890506/dita2dita/oracle-net-configuration-requirements.xml
[stdout] [gen-list] Processing /work/transformations/build_1890506/dita2dita/apply-instance-failover.xml
[stdout] [gen-list] Processing /work/transformations/build_1890506/dita2dita/requirements-removing-database-configuration.xml
[stdout] [gen-list] Processing /work/transformations/build_1890506/dita2dita/changes-oracle-database-release-18c-version-18.1.xml
[stdout] [gen-list] Processing /work/transformations/build_1890506/dita2dita/set-fast_start-failover-target.xml
[stdout] [gen-list] Processing /work/transformations/build_1890506/dita2dita/troubleshooting-problems-observer.xml
[stdout] [gen-list] Processing /work/transformations/build_1890506/dita2dita/scenario-14-adding-recovery-appliance-broker-configuration.xml
[stdout] [gen-list] Processing /work/transformations/build_1890506/dita2dita/how-broker-handles-failed-reinstatement.xml
[stdout] [gen-list] Processing /work/transformations/build_1890506/dita2dita/scenario-5-setting-maximum-availability-mode-far-sync-instance.xml
[stdout] [gen-list] Processing /work/transformations/build_1890506/dita2dita/faststartfailoverthreshold.xml
[stdout] [gen-list] Processing /work/transformations/build_1890506/dita2dita/standby-database.xml
[stdout] [gen-list] Processing /work/transformations/build_1890506/dita2dita/lsbyparameters-logical-standby-parameters.xml
[stdout] [gen-list] Processing /work/transformations/build_1890506/dita2dita/preferredapplyinstance.xml
[stdout] [gen-list] Processing /work/transformations/build_1890506/dita2dita/managing-log-apply-services.xml
[stdout] [gen-list] Processing /work/transformations/build_1890506/dita2dita/installing-and-starting-observer.xml
[stdout] [gen-list] Processing /work/transformations/build_1890506/dita2dita/patching-environment-when-observer-is-running-and-fast-start-failover-is-enabled.xml
[stdout] [gen-list] Processing /work/transformations/build_1890506/dita2dita/sendqentries-send-queue-entries.xml
[stdout] [gen-list] Processing /work/transformations/build_1890506/dita2dita/configuration-properties.xml
[stdout] [gen-list] Processing /work/transformations/build_1890506/dita2dita/disabling-fast-start-failover.xml
[stdout] [gen-list] Processing /work/transformations/build_1890506/dita2dita/upgrading-or-downgrading-current-protection-mode.xml
[stdout] [gen-list] Processing /work/transformations/build_1890506/dita2dita/startup.xml
[stdout] [gen-list] Processing /work/transformations/build_1890506/dita2dita/remove-configuration.xml
[stdout] [gen-list] Processing /work/transformations/build_1890506/dita2dita/configuration-properties1.xml
[stdout] [gen-list] Processing /work/transformations/build_1890506/dita2dita/request-timed-or-cloud-control-performance-is-sluggish.xml
[stdout] [gen-list] Processing /work/transformations/build_1890506/dita2dita/shutdown.xml
[stdout] [gen-list] Processing /work/transformations/build_1890506/dita2dita/managing-multi-instance-redo-apply.xml
[stdout] [gen-list] Processing /work/transformations/build_1890506/dita2dita/binding.xml
[stdout] [gen-list] Processing /work/transformations/build_1890506/dita2dita/far-sync-instance.xml
[stdout] [gen-list] Processing /work/transformations/build_1890506/dita2dita/how-broker-performs-switchover.xml
[stdout] [gen-list] Processing /work/transformations/build_1890506/dita2dita/enabling-fast-start-failover-task-1-determine-which-available-standby-databases-is-best-target-.xml
[stdout] [gen-list] Processing /work/transformations/build_1890506/dita2dita/logxptstatus-redo-transport-status.xml
[stdout] [gen-list] Processing /work/transformations/build_1890506/dita2dita/setting-redo-transport.xml
[stdout] [gen-list] Processing /work/transformations/build_1890506/dita2dita/stopping-observer.xml
[stdout] [gen-list] Processing /work/transformations/build_1890506/dita2dita/database-object.xml
[stdout] [gen-list] Processing /work/transformations/build_1890506/dita2dita/creating-configuration-task-1-invoke-dgmgrl.xml
[stdout] [gen-list] Processing /work/transformations/build_1890506/dita2dita/disabling-configuration-and-databases.xml
[stdout] [gen-list] Processing /work/transformations/build_1890506/dita2dita/managing-data-protection-modes.xml
[stdout] [gen-list] Processing /work/transformations/build_1890506/dita2dita/creating-configuration-task-5-show-configuration-information.xml
[stdout] [gen-list] Processing /work/transformations/build_1890506/dita2dita/edit-database-parameter.xml
[stdout] [gen-list] Processing /work/transformations/build_1890506/dita2dita/sources-diagnostic-information.xml
[stdout] [gen-list] Processing /work/transformations/build_1890506/dita2dita/fast-start-failover1.xml
[stdout] [gen-list] Processing /work/transformations/build_1890506/dita2dita/validate-database-spfile.xml
[stdout] [gen-list] Processing /work/transformations/build_1890506/dita2dita/enabling-fast-start-failover-task-4-set-faststartfailoverthreshold-configuration-property.xml
[stdout] [gen-list] Processing /work/transformations/build_1890506/dita2dita/enable-configuration.xml
[stdout] [gen-list] Processing /work/transformations/build_1890506/dita2dita/recvqentries-receive-queue-entries.xml
[stdout] [gen-list] Processing /work/transformations/build_1890506/dita2dita/lsbyfailedtxninfo-logical-standby-failed-transaction-information.xml
[stdout] [gen-list] Processing /work/transformations/build_1890506/dita2dita/fast-start-failover.xml
[stdout] [gen-list] Processing /work/transformations/build_1890506/dita2dita/how-protection-modes-influence-broker-operations.xml
[stdout] [gen-list] Processing /work/transformations/build_1890506/dita2dita/oracle-data-guard-configurations-and-broker-configurations.xml
[stdout] [gen-list] Processing /work/transformations/build_1890506/dita2dita/set-time.xml
[stdout] [gen-list] Processing /work/transformations/build_1890506/dita2dita/dbfilenameconvert.xml
[stdout] [gen-list] Processing /work/transformations/build_1890506/dita2dita/start-observer-background.xml
[stdout] [gen-list] Processing /work/transformations/build_1890506/dita2dita/import-configuration.xml
[stdout] [gen-list] Processing /work/transformations/build_1890506/dita2dita/lsbyrecordskiperrors.xml
[stdout] [gen-list] Processing /work/transformations/build_1890506/dita2dita/ora-16596-database-not-part-oracle-data-guard-broker-configuration.xml
[stdout] [gen-list] Processing /work/transformations/build_1890506/dita2dita/reenabling-disabled-databases-role-change.xml
[stdout] [gen-list] Processing /work/transformations/build_1890506/dita2dita/observer.xml
[stdout] [gen-list] Processing /work/transformations/build_1890506/dita2dita/edit-database-reset-paramater.xml
[stdout] [gen-list] Processing /work/transformations/build_1890506/dita2dita/scenario-12-converting-physical-standby-snapshot-standby.xml
[stdout] [gen-list] Processing /work/transformations/build_1890506/dita2dita/using-switchover-command-task-2-check-standby-database-that-is-target-switchover.xml
[stdout] [gen-list] Processing /work/transformations/build_1890506/dita2dita/connect.xml
[stdout] [gen-list] Processing /work/transformations/build_1890506/dita2dita/hazardnotice_ak.xml
[stdout] [gen-list] Processing /work/transformations/build_1890506/dita2dita/performing-manual-failover-operation.xml
[stdout] [gen-list] Processing /work/transformations/build_1890506/dita2dita/upgrading-oracle-database-10g-and-oracle-database-11g-oracle-database-12c.xml
[stdout] [gen-list] Processing /work/transformations/build_1890506/dita2dita/edit-recovery_appliance-parameter.xml
[stdout] [gen-list] Processing /work/transformations/build_1890506/dita2dita/troubleshooting-oracle-data-guard.xml
[stdout] [gen-list] Processing /work/transformations/build_1890506/dita2dita/read-only-mode.xml
[stdout] [gen-list] Processing /work/transformations/build_1890506/dita2dita/intended-state.xml
[stdout] [gen-list] Processing /work/transformations/build_1890506/dita2dita/transport-lag.xml
[stdout] [gen-list] Processing /work/transformations/build_1890506/dita2dita/choosing-target-standby-database-failover.xml
[stdout] [gen-list] Processing /work/transformations/build_1890506/dita2dita/applyinstances.xml
[stdout] [gen-list] Processing /work/transformations/build_1890506/dita2dita/selecting-apply-instance.xml
[stdout] [gen-list] Processing /work/transformations/build_1890506/dita2dita/onlinearchivelocation.xml
[stdout] [gen-list] Processing /work/transformations/build_1890506/dita2dita/overview-oracle-data-guard-and-broker.xml
[stdout] [gen-list] Processing /work/transformations/build_1890506/dita2dita/dgconnectidentifier.xml
[stdout] [gen-list] Processing /work/transformations/build_1890506/dita2dita/monitoring-configuration-task-3-check-logxptstatus-monitorable-property.xml
[stdout] [gen-list] Processing /work/transformations/build_1890506/dita2dita/remove-instance.xml
[stdout] [gen-list] Processing /work/transformations/build_1890506/dita2dita/disable-fast_start-failover.xml
[stdout] [gen-list] Processing /work/transformations/build_1890506/dita2dita/redo-accumulating-primary-is-not-sent-some-standby-databases.xml
[stdout] [gen-list] Processing /work/transformations/build_1890506/dita2dita/configuring-observe-only-mode-fast-start-failover.xml
[stdout] [gen-list] Processing /work/transformations/build_1890506/dita2dita/monitorable-read-only-properties1.xml
[stdout] [gen-list] Processing /work/transformations/build_1890506/dita2dita/switchover.xml
[stdout] [gen-list] Processing /work/transformations/build_1890506/dita2dita/add-database.xml
[stdout] [gen-list] Processing /work/transformations/build_1890506/dita2dita/capturing-observer-actions-observer-log-file.xml
[stdout] [gen-list] Processing /work/transformations/build_1890506/dita2dita/transportlagthreshold.xml
[stdout] [gen-list] Processing /work/transformations/build_1890506/dita2dita/you-perform-switchover-operation.xml
[stdout] [gen-list] Processing /work/transformations/build_1890506/dita2dita/redo-apply.xml
[stdout] [gen-list] Processing /work/transformations/build_1890506/dita2dita/preface.xml
[stdout] [gen-list] Processing /work/transformations/build_1890506/dita2dita/logarchivetrace.xml
[stdout] [gen-list] Processing /work/transformations/build_1890506/dita2dita/edit-far_sync-reset-property.xml
[stdout] [gen-list] Processing /work/transformations/build_1890506/dita2dita/webcontentnotice_ak.xml
[stdout] [gen-list] Processing /work/transformations/build_1890506/dita2dita/how-reinstate-database.xml
[stdout] [gen-list] Processing /work/transformations/build_1890506/dita2dita/validating-static-connect-identifier-role-change.xml
[stdout] [gen-list] Processing /work/transformations/build_1890506/dita2dita/shared-global-topic-documentation-accessibility.xml
[stdout] [gen-list] Processing /work/transformations/build_1890506/dita2dita/viewing-information-master-observer.xml
[stdout] [gen-list] Processing /work/transformations/build_1890506/dita2dita/turning-redo-transport-services-and.xml
[stdout] [gen-list] Processing /work/transformations/build_1890506/dita2dita/scenario-9-performing-switchover-operation.xml
[stdout] [gen-list] Processing /work/transformations/build_1890506/dita2dita/scenario-11-reinstating-failed-primary-database.xml
[stdout] [gen-list] Processing /work/transformations/build_1890506/dita2dita/standbyarchivelocation.xml
[stdout] [gen-list] Processing /work/transformations/build_1890506/dita2dita/managing-delayed-apply.xml
[stdout] [gen-list] Processing /work/transformations/build_1890506/dita2dita/prerequisites-getting-started.xml
[stdout] [gen-list] Processing /work/transformations/build_1890506/dita2dita/oracle-data-guard-broker-components.xml
[stdout] [gen-list] Processing /work/transformations/build_1890506/dita2dita/performing-manual-failover-task-3-reset-protection-mode.xml
[stdout] [gen-list] Processing /work/transformations/build_1890506/dita2dita/add-far_sync.xml
[stdout] [gen-list] Processing /work/transformations/build_1890506/dita2dita/disable-and-enable-operations.xml
[stdout] [gen-list] Processing /work/transformations/build_1890506/dita2dita/configuring-fast-start-failover-observe-only-mode.xml
[stdout] [gen-list] Processing /work/transformations/build_1890506/dita2dita/oracle-data-guard-monitor-dmon-process.xml
[stdout] [gen-list] Processing /work/transformations/build_1890506/dita2dita/redoroutes.xml
[stdout] [gen-list] Processing /work/transformations/build_1890506/dita2dita/set-echo.xml
[stdout] [gen-list] Processing /work/transformations/build_1890506/dita2dita/managing-fast-start-failover.xml
[stdout] [gen-list] Processing /work/transformations/build_1890506/dita2dita/resetting-broker-configurable-properties-default-values.xml
[stdout] [gen-list] Processing /work/transformations/build_1890506/dita2dita/managing-observer.xml
[stdout] [gen-list] Processing /work/transformations/build_1890506/dita2dita/oracle-data-guard-installation.xml
[stdout] [gen-list] Processing /work/transformations/build_1890506/dita2dita/overview-switchover-and-failover-broker-environment.xml
[stdout] [gen-list] Processing /work/transformations/build_1890506/dita2dita/oracle-data-guard-specific-fan-and-fcf-configuration-requirements.xml
[stdout] [gen-list] Processing /work/transformations/build_1890506/dita2dita/choosing-target-standby-database-switchover.xml
[stdout] [gen-list] Processing /work/transformations/build_1890506/dita2dita/troubleshooting-problems-switchover-operation.xml
[stdout] [gen-list] Processing /work/transformations/build_1890506/dita2dita/failed-failovers-logical-standby-databases.xml
[stdout] [gen-list] Processing /work/transformations/build_1890506/dita2dita/scenario-2-setting-database-properties.xml
[stdout] [gen-list] Processing /work/transformations/build_1890506/dita2dita/enable-recovery_appliance.xml
[stdout] [gen-list] Processing /work/transformations/build_1890506/dita2dita/restrictions-when-fast-start-failover-is-enabled.xml
[stdout] [gen-list] Processing /work/transformations/build_1890506/dita2dita/restrictedrightslegend_ak.xml
[stdout] [gen-list] Processing /work/transformations/build_1890506/dita2dita/confidentiallabelnotice_ak.xml
[stdout] [gen-list] Processing /work/transformations/build_1890506/dita2dita/failed-failovers-physical-standby-databases.xml
[stdout] [gen-list] Processing /work/transformations/build_1890506/dita2dita/applylagthreshold.xml
[stdout] [gen-list] Processing /work/transformations/build_1890506/dita2dita/instance-object.xml
[stdout] [gen-list] Processing /work/transformations/build_1890506/dita2dita/redocompression.xml
[stdout] [gen-list] Processing /work/transformations/build_1890506/dita2dita/failover1.xml
[stdout] [gen-list] Processing /work/transformations/build_1890506/dita2dita/logfilenameconvert.xml
[stdout] [gen-list] Processing /work/transformations/build_1890506/dita2dita/logxptmode.xml
[stdout] [gen-list] Processing /work/transformations/build_1890506/dita2dita/database-state-transitions.xml
[stdout] [gen-list] Processing /work/transformations/build_1890506/dita2dita/changes-this-release-oracle-data-guard-broker.xml
[stdout] [gen-list] Processing /work/transformations/build_1890506/dita2dita/removing-standby-database-configuration.xml
[stdout] [gen-list] Processing /work/transformations/build_1890506/dita2dita/show-far_sync.xml
[stdout] [gen-list] Processing /work/transformations/build_1890506/dita2dita/edit-recovery_appliance-property.xml
[stdout] [gen-list] Processing /work/transformations/build_1890506/dita2dita/lights-computing.xml
[stdout] [gen-list] Processing /work/transformations/build_1890506/dita2dita/alter-state-primary-database.xml
[stdout] [gen-list] Processing /work/transformations/build_1890506/dita2dita/edit-far_sync-reset-parameter.xml
[stdout] [gen-list] Processing /work/transformations/build_1890506/dita2dita/enable-fast_start-failover-condition.xml
[stdout] [gen-list] Processing /work/transformations/build_1890506/dita2dita/shutting-primary-database-when-fast-start-failover-is-enabled.xml
[stdout] [gen-list] Processing /work/transformations/build_1890506/dita2dita/primarylostwriteaction.xml
[stdout] [gen-list] Processing /work/transformations/build_1890506/dita2dita/advanced-redo-transport-settings.xml
[stdout] [gen-list] Processing /work/transformations/build_1890506/dita2dita/dgmgrl-optional-parameters.xml
[stdout] [gen-list] Processing /work/transformations/build_1890506/dita2dita/validate-static-connect-identifier.xml
[stdout] [gen-list] Processing /work/transformations/build_1890506/dita2dita/observerconnectidentifier.xml
[stdout] [gen-list] Processing /work/transformations/build_1890506/dita2dita/how-broker-performs-immediate-failover-operation.xml
[stdout] [gen-list] Processing /work/transformations/build_1890506/dita2dita/downgrading-oracle-database-12c.xml
[stdout] [gen-list] Processing /work/transformations/build_1890506/dita2dita/lsbypreservecommitorder.xml
[stdout] [gen-list] Processing /work/transformations/build_1890506/dita2dita/dgmgrl-command-usage-notes.xml
[stdout] [gen-list] Processing /work/transformations/build_1890506/dita2dita/show-database.xml
[stdout] [gen-list] Processing /work/transformations/build_1890506/dita2dita/reinstate-database.xml
[stdout] [gen-list] Processing /work/transformations/build_1890506/dita2dita/instancename.xml
[stdout] [gen-list] Processing /work/transformations/build_1890506/dita2dita/querying-database-status.xml
[stdout] [gen-list] Processing /work/transformations/build_1890506/dita2dita/performance-considerations-fast-start-failover.xml
[stdout] [gen-list] Processing /work/transformations/build_1890506/dita2dita/using-switchover-command-task-1-check-primary-database.xml
[stdout] [gen-list] Processing /work/transformations/build_1890506/dita2dita/prerequisites.xml
[stdout] [gen-list] Processing /work/transformations/build_1890506/dita2dita/onlinealternatelocation.xml
[stdout] [gen-list] Processing /work/transformations/build_1890506/dita2dita/add-recovery_appliance.xml
[stdout] [gen-list] Processing /work/transformations/build_1890506/dita2dita/show-all.xml
[stdout] [gen-list] Processing /work/transformations/build_1890506/dita2dita/configure-properties-tune-fast-start-failover.xml
[stdout] [gen-list] Processing /work/transformations/build_1890506/dita2dita/complete-and-immediate-manual-failovers.xml
[stdout] [gen-list] Processing /work/transformations/build_1890506/dita2dita/enable-fast_start-failover.xml
[stdout] [gen-list] Processing /work/transformations/build_1890506/dita2dita/show-fast_start-failover.xml
[stdout] [gen-list] Processing /work/transformations/build_1890506/dita2dita/oracle-data-guard-installation1.xml
[stdout] [gen-list] Processing /work/transformations/build_1890506/dita2dita/enabling-fast-start-failover.xml
[stdout] [gen-list] Processing /work/transformations/build_1890506/dita2dita/remove-database.xml
[stdout] [gen-list] Processing /work/transformations/build_1890506/dita2dita/how-broker-performs-complete-failover-operation.xml
[stdout] [gen-list] Processing /work/transformations/build_1890506/dita2dita/sample-content-log-files-observe-only-mode.xml
[stdout] [gen-list] Processing /work/transformations/build_1890506/dita2dita/topwaitevents.xml
[stdout] [gen-list] Processing /work/transformations/build_1890506/dita2dita/managing-observers-connection-primary.xml
[stdout] [gen-list] Processing /work/transformations/build_1890506/dita2dita/creating-configuration-task-3-clear-existing-remote-redo-transport-destinations.xml
[stdout] [gen-list] Processing /work/transformations/build_1890506/dita2dita/oracle-data-guard-broker-user-interfaces.xml
[stdout] [gen-list] Processing /work/transformations/build_1890506/dita2dita/enabling-fast-start-failover-task-2-specify-target-standby-database-faststartfailovertarget-con.xml
[stdout] [gen-list] Processing /work/transformations/build_1890506/dita2dita/scenario-13-monitoring-data-guard-configuration.xml
[stdout] [gen-list] Processing /work/transformations/build_1890506/dita2dita/performing-manual-role-changes-when-fast-start-failover-is-enabled.xml
[stdout] [gen-list] Processing /work/transformations/build_1890506/dita2dita/starting-data-guard-broker.xml
[stdout] [gen-list] Processing /work/transformations/build_1890506/dita2dita/physical-standby-database.xml
[stdout] [gen-list] Processing /work/transformations/build_1890506/dita2dita/managing-states-broker-configuration-members.xml
[stdout] [gen-list] Processing /work/transformations/build_1890506/dita2dita/convert-database.xml
[stdout] [gen-list] Processing /work/transformations/build_1890506/dita2dita/shutting-databases-fast-start-failover-environment.xml
[stdout] [gen-list] Processing /work/transformations/build_1890506/dita2dita/validate-fast_start-failover-19c.xml
[stdout] [gen-list] Processing /work/transformations/build_1890506/dita2dita/logshipping.xml
[stdout] [gen-list] Processing /work/transformations/build_1890506/dita2dita/remove-recovery_appliance.xml
[stdout] [gen-list] Processing /work/transformations/build_1890506/dita2dita/performing-manual-failover-task-2-start-failover.xml
[stdout] [gen-list] Processing /work/transformations/build_1890506/dita2dita/host.xml
[stdout] [gen-list] Processing /work/transformations/build_1890506/dita2dita/primary-database-is-flashed-back.xml
[stdout] [gen-list] Processing /work/transformations/build_1890506/dita2dita/maxfailure.xml
[stdout] [gen-list] Processing /work/transformations/build_1890506/dita2dita/enable-and-disable-operations.xml
[stdout] [gen-list] Processing /work/transformations/build_1890506/dita2dita/benefits-oracle-data-guard-broker.xml
[stdout] [gen-list] Processing /work/transformations/build_1890506/dita2dita/transportdisconnectedthreshold.xml
[stdout] [gen-list] Processing /work/transformations/build_1890506/dita2dita/enabling-fast-start-failover-task-10-verify-fast-start-failover-environment.xml
[stdout] [gen-list] Processing /work/transformations/build_1890506/dita2dita/set-masterobserver-observer_name.xml
[stdout] [gen-list] Processing /work/transformations/build_1890506/dita2dita/managing-broker-configuration-members.xml
[stdout] [gen-list] Processing /work/transformations/build_1890506/dita2dita/validating-network-configuration-role-change.xml
[stdout] [gen-list] Processing /work/transformations/build_1890506/dita2dita/general-problems-and-solutions.xml
[stdout] [gen-list] Processing /work/transformations/build_1890506/dita2dita/disable-database.xml
[stdout] [gen-list] Processing /work/transformations/build_1890506/dita2dita/faststartfailovertarget.xml
[stdout] [gen-list] Processing /work/transformations/build_1890506/dita2dita/failed-broker-immediate-physical-failovers.xml
[stdout] [gen-list] Processing /work/transformations/build_1890506/dita2dita/show-observerconfigfile.xml
[stdout] [gen-list] Processing /work/transformations/build_1890506/dita2dita/scenario-7-enabling-fast-start-failover-when-far-sync-instance-is-use.xml
[stdout] [gen-list] Processing /work/transformations/build_1890506/dita2dita/setting-protection-mode-your-configuration.xml
[stdout] [gen-list] Processing /work/transformations/build_1890506/dita2dita/apply-lag.xml
[stdout] [gen-list] Processing /work/transformations/build_1890506/dita2dita/enabling-fast-start-failover-task-5-set-other-properties-related-fast-start-failover-optional.xml
[stdout] [gen-list] Processing /work/transformations/build_1890506/dita2dita/show-configuration.xml
[stdout] [gen-list] Processing /work/transformations/build_1890506/dita2dita/removing-far-sync-instance-configuration.xml
[stdout] [gen-list] Processing /work/transformations/build_1890506/dita2dita/bystander-standby-database.xml
[stdout] [gen-list] Processing /work/transformations/build_1890506/dita2dita/apply-services-oracle-rac-database-environment.xml
[stdout] [gen-list] Processing /work/transformations/build_1890506/dita2dita/disable-far_sync.xml
[stdout] [gen-list] Processing /work/transformations/build_1890506/dita2dita/creating-configuration-task-4-create-broker-configuration.xml
[stdout] [gen-list] Processing /work/transformations/build_1890506/dita2dita/exporting-broker-configuration.xml
[stdout] [gen-list] Processing /work/transformations/build_1890506/dita2dita/scenario-10-performing-manual-failover-operation.xml
[stdout] [gen-list] Processing /work/transformations/build_1890506/dita2dita/configuration-support.xml
[stdout] [gen-list] Processing /work/transformations/build_1890506/dita2dita/setting-protection-mode-task-1-determine-which-data-protection-mode-you-want-use.xml
[stdout] [gen-list] Processing /work/transformations/build_1890506/dita2dita/managing-observers-multiple-configurations.xml
[stdout] [gen-list] Processing /work/transformations/build_1890506/dita2dita/performing-manual-failover-task-4-establish-disaster-recovery-configuration.xml
[stdout] [gen-list] Processing /work/transformations/build_1890506/dita2dita/management-cycle-broker-configuration.xml
[stdout] [gen-list] Processing /work/transformations/build_1890506/dita2dita/scenario-16-using-observe-only-mode-fast-start-failover.xml
[stdout] [gen-list] Processing /work/transformations/build_1890506/dita2dita/glossary.xml
[stdout] [gen-list] Processing /work/transformations/build_1890506/dita2dita/setting-protection-mode-task-2-set-standby-redo-log-files.xml
[stdout] [gen-list] Processing /work/transformations/build_1890506/dita2dita/v_database-view.xml
[stdout] [gen-list] Processing /work/transformations/build_1890506/dita2dita/show-configuration-when-primary-is.xml
[stdout] [gen-list] Processing /work/transformations/build_1890506/dita2dita/applyinstancetimeout.xml
[stdout] [gen-list] Processing /work/transformations/build_1890506/dita2dita/inconsistentproperties-inconsistent-properties.xml
[stdout] [gen-list] Processing /work/transformations/build_1890506/dita2dita/tracelevel.xml
[stdout] [gen-list] Processing /work/transformations/build_1890506/dita2dita/edit-recovery_appliance-rename.xml
[stdout] [gen-list] Processing /work/transformations/build_1890506/dita2dita/show-observers.xml
[stdout] [gen-list] Processing /work/transformations/build_1890506/dita2dita/validate-database-datafile.xml
[stdout] [gen-list] Processing /work/transformations/build_1890506/dita2dita/licensenotice_ak.xml
[stdout] [gen-list] Processing /work/transformations/build_1890506/dita2dita/reset-property-its-default-value.xml
[stdout] [gen-list] Processing /work/transformations/build_1890506/dita2dita/disable-configuration1.xml
[stdout] [gen-list] Processing /work/transformations/build_1890506/dita2dita/what-happens-if-observer-fails.xml
[stdout] [gen-list] Processing /work/transformations/build_1890506/dita2dita/slash-command.xml
[stdout] [gen-list] Processing /work/transformations/build_1890506/dita2dita/alter-database-property.xml
[stdout] [gen-list] Processing /work/transformations/build_1890506/dita2dita/edit-database-state.xml
[stdout] [gen-list] Processing /work/transformations/build_1890506/dita2dita/scenario-1-creating-configuration.xml
[stdout] [gen-list] Processing /work/transformations/build_1890506/dita2dita/quit.xml
[stdout] [gen-list] Processing /work/transformations/build_1890506/dita2dita/stop-observing.xml
[stdout] [gen-list] Processing /work/transformations/build_1890506/dita2dita/operationtimeout.xml
[stdout] [gen-list] Processing /work/transformations/build_1890506/dita2dita/starting-switchover.xml
[stdout] [gen-list] Processing /work/transformations/build_1890506/dita2dita/communicationtimeout.xml
[stdout] [gen-list] Processing /work/transformations/build_1890506/dita2dita/migrate-pluggable-database.xml
[stdout] [gen-list] Processing /work/transformations/build_1890506/dita2dita/setmasterobserverhosts.xml
[stdout] [gen-list] Processing /work/transformations/build_1890506/dita2dita/spool.xml
[stdout] [gen-list] Processing /work/transformations/build_1890506/dita2dita/conventions.xml
[stdout] [gen-list] Processing /work/transformations/build_1890506/dita2dita/removing-broker-configuration.xml
[stdout] [gen-list] Processing /work/transformations/build_1890506/dita2dita/oracle-data-guard-command-line-interface-dgmgrl.xml
[stdout] [gen-list] Processing /work/transformations/build_1890506/dita2dita/enabling-fast-start-failover-task-9-start-observer.xml
[stdout] [gen-list] Processing /work/transformations/build_1890506/dita2dita/failover-operations.xml
[stdout] [gen-list] Processing /work/transformations/build_1890506/dita2dita/show-recovery_appliance.xml
[stdout] [gen-list] Processing /work/transformations/build_1890506/dita2dita/disable-recovery_appliance.xml
[stdout] [gen-list] Processing /work/transformations/build_1890506/dita2dita/externaldestination2.xml
[stdout] [gen-list] Processing /work/transformations/build_1890506/dita2dita/reinstatement.xml
[stdout] [gen-list] Processing /work/transformations/build_1890506/dita2dita/trademarknotice_ak.xml
[stdout] [gen-list] Processing /work/transformations/build_1890506/dita2dita/using-switchover-command-task-3-confirm-that-database-is-ready-role-change.xml
[stdout] [gen-list] Processing /work/transformations/build_1890506/dita2dita/enabling-fast-start-failover-task-8-using-dgmgrl-or-cloud-control.xml
[stdout] [gen-list] Processing /work/transformations/build_1890506/dita2dita/database-status.xml
[stdout] [gen-list] Processing /work/transformations/build_1890506/dita2dita/application-continuity.xml
[stdout] [gen-list] Processing /work/transformations/build_1890506/dita2dita/manual-failover1.xml
[stdout] [gen-list] Processing /work/transformations/build_1890506/dita2dita/lsbyrecordskipddl.xml
[stdout] [gen-list] Processing /work/transformations/build_1890506/dita2dita/pregeneralavailabilitydraftlabelandpublicationdate_ak.xml
[stdout] [gen-list] Processing /work/transformations/build_1890506/dita2dita/how-create-and-reenable-disabled-database.xml
[stdout] [gen-list] Processing /work/transformations/build_1890506/dita2dita/observeroverride.xml
[stdout] [gen-list] Processing /work/transformations/build_1890506/dita2dita/configurable-properties.xml
[stdout] [gen-list] Processing /work/transformations/build_1890506/dita2dita/alphabetanotice_ak.xml
[stdout] [gen-list] Processing /work/transformations/build_1890506/dita2dita/revenuerecognitionnotice_ak.xml
[stdout] [gen-list] Processing /work/transformations/build_1890506/dita2dita/problems-because-observer-has-stopped.xml
[stdout] [gen-list] Processing /work/transformations/build_1890506/dita2dita/troubleshooting-problems-failover-operation.xml
[stdout] [gen-list] Processing /work/transformations/build_1890506/dita2dita/enabling-fast-start-failover-task-3-determine-protection-mode-you-want.xml
[stdout] [gen-list] Processing /work/transformations/build_1890506/dita2dita/setting-protection-mode-task-3-set-redo-transport-mode.xml
[stdout] [gen-list] Processing /work/transformations/build_1890506/dita2dita/show-observer.xml
[stdout] [gen-list] Processing /work/transformations/build_1890506/dita2dita/logarchivemaxprocesses.xml
[stdout] [gen-list] Processing /work/transformations/build_1890506/dita2dita/reopensecs.xml
[stdout] [gen-list] Processing /work/transformations/build_1890506/dita2dita/lsbymaxsga.xml
[stdout] [gen-list] Processing /work/transformations/build_1890506/dita2dita/managing-far-sync-instances.xml
[stdout] [gen-list] Processing /work/transformations/build_1890506/dita2dita/prerequisites-enabling-fast-start-failover.xml
[stdout] [gen-list] Processing /work/transformations/build_1890506/dita2dita/edit-recovery_appliance-reset-parameter.xml
[stdout] [gen-list] Processing /work/transformations/build_1890506/dita2dita/sql.xml
[stdout] [gen-list] Processing /work/transformations/build_1890506/dita2dita/start-observer.xml
[stdout] [gen-list] Processing /work/transformations/build_1890506/dita2dita/standbyalternatelocation.xml
[stdout] [gen-list] Processing /work/transformations/build_1890506/dita2dita/configurable-changeable-properties.xml
[stdout] [gen-list] Processing /work/transformations/build_1890506/dita2dita/data-guard-command-line-interface.xml
[stdout] [gen-list] Processing /work/transformations/build_1890506/dita2dita/switchover-operations.xml
[stdout] [gen-list] Processing /work/transformations/build_1890506/dita2dita/lsbymaxservers.xml
[stdout] [gen-list] Processing /work/transformations/build_1890506/dita2dita/application-initiated-fast-start-failover.xml
[stdout] [gen-list] Processing /work/transformations/build_1890506/dita2dita/scenario-6-enabling-fast-start-failover-and-starting-observer.xml
[stdout] [gen-list] Processing /work/transformations/build_1890506/dita2dita/requirements-other-operations.xml
[stdout] [gen-list] Processing /work/transformations/build_1890506/dita2dita/creating-configuration-task-6-add-standby-database-configuration.xml
[stdout] [gen-list] Processing /work/transformations/build_1890506/dita2dita/archivelagtarget.xml
[stdout] [gen-list] Processing /work/transformations/build_1890506/dita2dita/oracle-data-guard-broker-concepts.xml
[stdout] [gen-list] Processing /work/transformations/build_1890506/dita2dita/edit-recovery_appliance-reset-property.xml
[stdout] [gen-list] Processing /work/transformations/build_1890506/dita2dita/export-configuration.xml
[stdout] [gen-list] Processing /work/transformations/build_1890506/dita2dita/directing-fast-start-failover-application.xml
[stdout] [gen-list] Processing /work/transformations/build_1890506/dita2dita/removing-configuration_-standby-database_-or-far-sync-instance.xml
[stdout] [gen-list] Processing /work/transformations/build_1890506/dita2dita/remove-far_sync.xml
[stdout] [gen-list] Processing /work/transformations/build_1890506/dita2dita/enabling-fast-start-failover-task-6-enable-additional-fast-start-failover-conditions-optional.xml
[stdout] [gen-list] Processing /work/transformations/build_1890506/dita2dita/faststartfailoverautoreinstate.xml
[stdout] [gen-list] Processing /work/transformations/build_1890506/dita2dita/choosing-target-standby-database.xml
[stdout] [gen-list] Processing /work/transformations/build_1890506/dita2dita/using-switchover-command-task-5-show-configuration.xml
[stdout] [gen-list] Processing /work/transformations/build_1890506/dita2dita/using-cluster-file-system-cfs-configuration-files.xml
[stdout] [gen-list] Processing /work/transformations/build_1890506/dita2dita/enable-database.xml
[stdout] [gen-list] Processing /work/transformations/build_1890506/dita2dita/oracle-data-guard-broker-properties.xml
[stdout] [gen-list] Processing /work/transformations/build_1890506/dita2dita/oracle-data-guard-command-line-interface-reference.xml
[stdout] [gen-list] Processing /work/transformations/build_1890506/dita2dita/managing-redo-transport-services-data-protection-modes.xml
[stdout] [gen-list] Processing /work/transformations/build_1890506/dita2dita/how-observer-maintains-fast-start-failover-configuration-information.xml
[stdout] [gen-list] Processing /work/transformations/build_1890506/dita2dita/specifying-locations-archived-redo-log-files.xml
[stdout] [gen-list] Processing /work/transformations/build_1890506/dita2dita/configuration-management.xml
[stdout] [gen-list] Processing /work/transformations/build_1890506/dita2dita/nettimeout.xml
[stdout] [gen-list] Processing /work/transformations/build_1890506/dita2dita/enable-far_sync.xml
[stdout] [gen-list] Processing /work/transformations/build_1890506/dita2dita/validate-database.xml
[stdout] [gen-list] Processing /work/transformations/build_1890506/dita2dita/lsbyrecordappliedddl.xml
[stdout] [gen-list] Processing /work/transformations/build_1890506/dita2dita/edit-configuration-property.xml
[stdout] [gen-list] Processing /work/transformations/build_1890506/dita2dita/creating-configuration-task-2-connect-primary-database.xml
[stdout] [gen-list] Processing /work/transformations/build_1890506/dita2dita/edit-database-reset-property.xml
[stdout] [gen-list] Processing /work/transformations/build_1890506/dita2dita/changing-properties-and-states.xml
[stdout] [gen-list] Processing /work/transformations/build_1890506/dita2dita/monitorable-read-only-properties.xml
[stdout] [gen-list] Processing /work/transformations/build_1890506/dita2dita/disable-standby-database.xml
[stdout] [gen-list] Processing /work/transformations/build_1890506/dita2dita/logical-standby-database.xml
[stdout] [gen-list] Processing /work/transformations/build_1890506/dita2dita/database-service-configuration-requirements.xml
[stdout] [gen-list] Processing /work/transformations/build_1890506/dita2dita/starting-data-guard-command-line-interface.xml
[stdout] [gen-list] Processing /work/transformations/build_1890506/dita2dita/disable-fast_start-failover-condition.xml
[stdout] [gen-list] Processing /work/transformations/build_1890506/dita2dita/broker-configuration.xml
[stdout] [gen-list] Processing /work/transformations/build_1890506/dita2dita/restrictions-reinstatement.xml
[stdout] [gen-list] Processing /work/transformations/build_1890506/dita2dita/scenario-3-enabling-configuration-and-databases.xml
[stdout] [gen-list] Processing /work/transformations/build_1890506/dita2dita/sign-command.xml
[stdout] [gen-list] Processing /work/transformations/build_1890506/dita2dita/data-guard-configuration.xml
[stdout] [gen-list] Processing /work/transformations/build_1890506/dita2dita/exiting-data-guard-command-line-interface.xml
[stdout] [gen-list] Processing /work/transformations/build_1890506/dita2dita/bystandersfollowrolechange.xml
[stdout] [gen-list] Processing /work/transformations/build_1890506/dita2dita/set-oberverconfigfile.xml
[stdout] [gen-list] Processing /work/transformations/build_1890506/dita2dita/monitoring-configuration-task-2-check-database-status.xml
[stdout] [gen-list] Processing /work/transformations/build_1890506/dita2dita/switchover-and-failover-operations.xml
[stdout] [gen-list] Processing /work/transformations/build_1890506/dita2dita/start-observing.xml
[stdout] [gen-list] Processing /work/transformations/build_1890506/dita2dita/configurationwideservicename.xml
[stdout] [gen-list] Processing /work/transformations/build_1890506/dita2dita/managing-redo-transport-services.xml
[stdout] [gen-list] Processing /work/transformations/build_1890506/dita2dita/edit-configuration-reset-property.xml
[stdout] [gen-list] Processing /work/transformations/build_1890506/dita2dita/viewing-fast-start-failover-configuration-statistics-and-status.xml
[stdout] [gen-list] Processing /work/transformations/build_1890506/dita2dita/monitoring-configuration-task-1-check-configuration-status.xml
[stdout] [gen-list] Processing /work/transformations/build_1890506/dita2dita/show-instance.xml
[stdout] [gen-list] Processing /work/transformations/build_1890506/dita2dita/description-illustration-dgbkr001-eps.xml
[stdout] [gen-list] Processing /work/transformations/build_1890506/dita2dita/description-illustration-dgbkr004-eps.xml
[stdout] [gen-list] Processing /work/transformations/build_1890506/dita2dita/description-illustration-dgbkr008-eps.xml
[stdout] [gen-list] Processing /work/transformations/build_1890506/dita2dita/description-illustration-dgbkr003-eps.xml
[stdout] [gen-list] Processing /work/transformations/build_1890506/dita2dita/description-illustration-dgbkr007-eps.xml
[stdout] [gen-list] Processing /work/transformations/build_1890506/dita2dita/description-illustration-dgbkr009-eps.xml
[stdout] [gen-list] Processing /work/transformations/build_1890506/dita2dita/description-illustration-dgbkr005-eps.xml
[stdout] [gen-list] Processing /work/transformations/build_1890506/dita2dita/description-illustration-dgbkr002-eps.xml
[stdout] [gen-list] Serializing job specification
[stdout] [gen-list] GenMapAndTopicListModule.execute(): Execution time: 1.096 seconds
[stdout][job-helper] Processing /work/tmp/scratch/docbuilder/buildArea/build_1890506/tmp/.job.xml to /work/tmp/scratch/docbuilder/buildArea/build_1890506/tmp/outditafiles.list
[stdout][job-helper] Loading stylesheet /u01/docbuilder/dita-ot-1.8.5/xsl/job-helper.xsl
[stdout][job-helper] Processing /work/tmp/scratch/docbuilder/buildArea/build_1890506/tmp/.job.xml to /work/tmp/scratch/docbuilder/buildArea/build_1890506/tmp/fullditamapandtopic.list
[stdout][job-helper] Loading stylesheet /u01/docbuilder/dita-ot-1.8.5/xsl/job-helper.xsl
[stdout][job-helper] Processing /work/tmp/scratch/docbuilder/buildArea/build_1890506/tmp/.job.xml to /work/tmp/scratch/docbuilder/buildArea/build_1890506/tmp/fullditatopic.list
[stdout][job-helper] Loading stylesheet /u01/docbuilder/dita-ot-1.8.5/xsl/job-helper.xsl
[stdout][job-helper] Processing /work/tmp/scratch/docbuilder/buildArea/build_1890506/tmp/.job.xml to /work/tmp/scratch/docbuilder/buildArea/build_1890506/tmp/fullditamap.list
[stdout][job-helper] Loading stylesheet /u01/docbuilder/dita-ot-1.8.5/xsl/job-helper.xsl
[stdout][job-helper] Processing /work/tmp/scratch/docbuilder/buildArea/build_1890506/tmp/.job.xml to /work/tmp/scratch/docbuilder/buildArea/build_1890506/tmp/hrefditatopic.list
[stdout][job-helper] Loading stylesheet /u01/docbuilder/dita-ot-1.8.5/xsl/job-helper.xsl
[stdout][job-helper] Processing /work/tmp/scratch/docbuilder/buildArea/build_1890506/tmp/.job.xml to /work/tmp/scratch/docbuilder/buildArea/build_1890506/tmp/conref.list
[stdout][job-helper] Loading stylesheet /u01/docbuilder/dita-ot-1.8.5/xsl/job-helper.xsl
[stdout][job-helper] Processing /work/tmp/scratch/docbuilder/buildArea/build_1890506/tmp/.job.xml to /work/tmp/scratch/docbuilder/buildArea/build_1890506/tmp/image.list
[stdout][job-helper] Loading stylesheet /u01/docbuilder/dita-ot-1.8.5/xsl/job-helper.xsl
[stdout][job-helper] Processing /work/tmp/scratch/docbuilder/buildArea/build_1890506/tmp/.job.xml to /work/tmp/scratch/docbuilder/buildArea/build_1890506/tmp/flagimage.list
[stdout][job-helper] Loading stylesheet /u01/docbuilder/dita-ot-1.8.5/xsl/job-helper.xsl
[stdout][job-helper] Processing /work/tmp/scratch/docbuilder/buildArea/build_1890506/tmp/.job.xml to /work/tmp/scratch/docbuilder/buildArea/build_1890506/tmp/html.list
[stdout][job-helper] Loading stylesheet /u01/docbuilder/dita-ot-1.8.5/xsl/job-helper.xsl
[stdout][job-helper] Processing /work/tmp/scratch/docbuilder/buildArea/build_1890506/tmp/.job.xml to /work/tmp/scratch/docbuilder/buildArea/build_1890506/tmp/hreftargets.list
[stdout][job-helper] Loading stylesheet /u01/docbuilder/dita-ot-1.8.5/xsl/job-helper.xsl
[stdout][job-helper] Processing /work/tmp/scratch/docbuilder/buildArea/build_1890506/tmp/.job.xml to /work/tmp/scratch/docbuilder/buildArea/build_1890506/tmp/canditopics.list
[stdout][job-helper] Loading stylesheet /u01/docbuilder/dita-ot-1.8.5/xsl/job-helper.xsl
[stdout][job-helper] Processing /work/tmp/scratch/docbuilder/buildArea/build_1890506/tmp/.job.xml to /work/tmp/scratch/docbuilder/buildArea/build_1890506/tmp/skipchunk.list
[stdout][job-helper] Loading stylesheet /u01/docbuilder/dita-ot-1.8.5/xsl/job-helper.xsl
[stdout][job-helper] Processing /work/tmp/scratch/docbuilder/buildArea/build_1890506/tmp/.job.xml to /work/tmp/scratch/docbuilder/buildArea/build_1890506/tmp/subjectscheme.list
[stdout][job-helper] Loading stylesheet /u01/docbuilder/dita-ot-1.8.5/xsl/job-helper.xsl
[stdout][job-helper] Processing /work/tmp/scratch/docbuilder/buildArea/build_1890506/tmp/.job.xml to /work/tmp/scratch/docbuilder/buildArea/build_1890506/tmp/conreftargets.list
[stdout][job-helper] Loading stylesheet /u01/docbuilder/dita-ot-1.8.5/xsl/job-helper.xsl
[stdout][job-helper] Processing /work/tmp/scratch/docbuilder/buildArea/build_1890506/tmp/.job.xml to /work/tmp/scratch/docbuilder/buildArea/build_1890506/tmp/copytosource.list
[stdout][job-helper] Loading stylesheet /u01/docbuilder/dita-ot-1.8.5/xsl/job-helper.xsl
[stdout][job-helper] Processing /work/tmp/scratch/docbuilder/buildArea/build_1890506/tmp/.job.xml to /work/tmp/scratch/docbuilder/buildArea/build_1890506/tmp/subtargets.list
[stdout][job-helper] Loading stylesheet /u01/docbuilder/dita-ot-1.8.5/xsl/job-helper.xsl
[stdout][job-helper] Processing /work/tmp/scratch/docbuilder/buildArea/build_1890506/tmp/.job.xml to /work/tmp/scratch/docbuilder/buildArea/build_1890506/tmp/conrefpush.list
[stdout][job-helper] Loading stylesheet /u01/docbuilder/dita-ot-1.8.5/xsl/job-helper.xsl
[stdout][job-helper] Processing /work/tmp/scratch/docbuilder/buildArea/build_1890506/tmp/.job.xml to /work/tmp/scratch/docbuilder/buildArea/build_1890506/tmp/keyref.list
[stdout][job-helper] Loading stylesheet /u01/docbuilder/dita-ot-1.8.5/xsl/job-helper.xsl
[stdout][job-helper] Processing /work/tmp/scratch/docbuilder/buildArea/build_1890506/tmp/.job.xml to /work/tmp/scratch/docbuilder/buildArea/build_1890506/tmp/coderef.list
[stdout][job-helper] Loading stylesheet /u01/docbuilder/dita-ot-1.8.5/xsl/job-helper.xsl
[stdout][job-helper] Processing /work/tmp/scratch/docbuilder/buildArea/build_1890506/tmp/.job.xml to /work/tmp/scratch/docbuilder/buildArea/build_1890506/tmp/resourceonly.list
[stdout][job-helper] Loading stylesheet /u01/docbuilder/dita-ot-1.8.5/xsl/job-helper.xsl
[stdout]
[stdout]debug-filter:
[stdout]   [filter] DebugAndFilterModule.execute(): Starting...
[stdout]   [filter] Using Xerces grammar pool for DTD and schema caching.
[stdout]   [filter] Processing /work/transformations/build_1890506/dita2dita/show-recovery_appliance.xml
[stdout]   [filter] Processing /work/transformations/build_1890506/dita2dita/oracle-data-guard-specific-fan-and-fcf-configuration-requirements.xml
[stdout]   [filter] Processing /work/transformations/build_1890506/dita2dita/dgmgrl-command-format-and-parameters.xml
[stdout]   [filter] Processing /work/transformations/build_1890506/dita2dita/shutting-primary-database-when-fast-start-failover-is-enabled.xml
[stdout]   [filter] Processing /work/transformations/build_1890506/dita2dita/performing-manual-failover-task-2-start-failover.xml
[stdout]   [filter] Processing /work/transformations/build_1890506/dita2dita/maxfailure.xml
[stdout]   [filter] Processing /work/transformations/build_1890506/dita2dita/inconsistentproperties-inconsistent-properties.xml
[stdout]   [filter] Processing /work/transformations/build_1890506/dita2dita/scenario-8-performing-routine-management-tasks.xml
[stdout]   [filter] Processing /work/transformations/build_1890506/dita2dita/enable-configuration.xml
[stdout]   [filter] Processing /work/transformations/build_1890506/dita2dita/logarchivemaxprocesses.xml
[stdout]   [filter] Processing /work/transformations/build_1890506/dita2dita/considerations-while-using-dbms_rolling-package.xml
[stdout]   [filter] Processing /work/transformations/build_1890506/dita2dita/creating-configuration-task-1-invoke-dgmgrl.xml
[stdout]   [filter] Processing /work/transformations/build_1890506/dita2dita/revenuerecognitionnotice_ak.xml
[stdout]   [filter] Processing /work/transformations/build_1890506/dita2dita/disable-recovery_appliance.xml
[stdout]   [filter] Processing /work/transformations/build_1890506/dita2dita/lsbymaxsga.xml
[stdout]   [filter] Processing /work/transformations/build_1890506/dita2dita/apply-services-oracle-rac-database-environment.xml
[stdout]   [filter] Processing /work/transformations/build_1890506/dita2dita/pregeneralavailabilitydraftlabelandpublicationdate_ak.xml
[stdout]   [filter] Processing /work/transformations/build_1890506/dita2dita/oracle-data-guard-installation1.xml
[stdout]   [filter] Processing /work/transformations/build_1890506/dita2dita/create-configuration.xml
[stdout]   [filter] Processing /work/transformations/build_1890506/dita2dita/choosing-target-standby-database.xml
[stdout]   [filter] Processing /work/transformations/build_1890506/dita2dita/edit-recovery_appliance-reset-property.xml
[stdout]   [filter] Processing /work/transformations/build_1890506/dita2dita/database-service-configuration-requirements.xml
[stdout]   [filter] Processing /work/transformations/build_1890506/dita2dita/start-observer.xml
[stdout]   [filter] Processing /work/transformations/build_1890506/dita2dita/dgmgrl-command-usage-notes.xml
[stdout]   [filter] Processing /work/transformations/build_1890506/dita2dita/set-trace_level.xml
[stdout]   [filter] Processing /work/transformations/build_1890506/dita2dita/configuration-status.xml
[stdout]   [filter] Processing /work/transformations/build_1890506/dita2dita/primarylostwriteaction.xml
[stdout]   [filter] Processing /work/transformations/build_1890506/dita2dita/directing-fast-start-failover-application.xml
[stdout]   [filter] Processing /work/transformations/build_1890506/dita2dita/oracle-data-guard-broker1.xml
[stdout]   [filter] Processing /work/transformations/build_1890506/dita2dita/webcontentnotice_ak.xml
[stdout]   [filter] Processing /work/transformations/build_1890506/dita2dita/advanced-redo-transport-settings.xml
[stdout]   [filter] Processing /work/transformations/build_1890506/dita2dita/lsbyparameters-logical-standby-parameters.xml
[stdout]   [filter] Processing /work/transformations/build_1890506/dita2dita/spool.xml
[stdout]   [filter] Processing /work/transformations/build_1890506/dita2dita/configuration-properties.xml
[stdout]   [filter] Processing /work/transformations/build_1890506/dita2dita/disabling-far-sync-instance.xml
[stdout]   [filter] Processing /work/transformations/build_1890506/dita2dita/you-perform-switchover-operation.xml
[stdout]   [filter] Processing /work/transformations/build_1890506/dita2dita/dgmgrl-optional-parameters.xml
[stdout]   [filter] Processing /work/transformations/build_1890506/dita2dita/show-observer.xml
[stdout]   [filter] Processing /work/transformations/build_1890506/dita2dita/managing-delayed-apply.xml
[stdout]   [filter] Processing /work/transformations/build_1890506/dita2dita/licensenotice_ak.xml
[stdout]   [filter] Processing /work/transformations/build_1890506/dita2dita/setting-protection-mode-task-3-set-redo-transport-mode.xml
[stdout]   [filter] Processing /work/transformations/build_1890506/dita2dita/observer.xml
[stdout]   [filter] Processing /work/transformations/build_1890506/dita2dita/configuration-object.xml
[stdout]   [filter] Processing /work/transformations/build_1890506/dita2dita/transportdisconnectedthreshold.xml
[stdout]   [filter] Processing /work/transformations/build_1890506/dita2dita/start-observing.xml
[stdout]   [filter] Processing /work/transformations/build_1890506/dita2dita/scenario-3-enabling-configuration-and-databases.xml
[stdout]   [filter] Processing /work/transformations/build_1890506/dita2dita/validate-network-configuration.xml
[stdout]   [filter] Processing /work/transformations/build_1890506/dita2dita/disable-configuration.xml
[stdout]   [filter] Processing /work/transformations/build_1890506/dita2dita/scenario-15-exporting-and-importing-broker-configuration-file.xml
[stdout]   [filter] Processing /work/transformations/build_1890506/dita2dita/enabling-fast-start-failover-task-1-determine-which-available-standby-databases-is-best-target-.xml
[stdout]   [filter] Processing /work/transformations/build_1890506/dita2dita/restrictedrightslegend_ak.xml
[stdout]   [filter] Processing /work/transformations/build_1890506/dita2dita/managing-observers-connection-primary.xml
[stdout]   [filter] Processing /work/transformations/build_1890506/dita2dita/nettimeout.xml
[stdout]   [filter] Processing /work/transformations/build_1890506/dita2dita/querying-database-status.xml
[stdout]   [filter] Processing /work/transformations/build_1890506/dita2dita/enable-recovery_appliance.xml
[stdout]   [filter] Processing /work/transformations/build_1890506/dita2dita/removing-broker-configuration.xml
[stdout]   [filter] Processing /work/transformations/build_1890506/dita2dita/disabling-observe-only-mode-fast-start-failover.xml
[stdout]   [filter] Processing /work/transformations/build_1890506/dita2dita/problems-because-observer-has-stopped.xml
[stdout]   [filter] Processing /work/transformations/build_1890506/dita2dita/alter-state-standby-database.xml
[stdout]   [filter] Processing /work/transformations/build_1890506/dita2dita/oracle-data-guard-monitor.xml
[stdout]   [filter] Processing /work/transformations/build_1890506/dita2dita/scenario-6-enabling-fast-start-failover-and-starting-observer.xml
[stdout]   [filter] Processing /work/transformations/build_1890506/dita2dita/how-broker-performs-immediate-failover-operation.xml
[stdout]   [filter] Processing /work/transformations/build_1890506/dita2dita/configuration-support.xml
[stdout]   [filter] Processing /work/transformations/build_1890506/dita2dita/disable-far_sync.xml
[stdout]   [filter] Processing /work/transformations/build_1890506/dita2dita/scenario-16-using-observe-only-mode-fast-start-failover.xml
[stdout]   [filter] Processing /work/transformations/build_1890506/dita2dita/requirements-other-operations.xml
[stdout]   [filter] Processing /work/transformations/build_1890506/dita2dita/setting-protection-mode-task-1-determine-which-data-protection-mode-you-want-use.xml
[stdout]   [filter] Processing /work/transformations/build_1890506/dita2dita/edit-recovery_appliance-rename.xml
[stdout]   [filter] Processing /work/transformations/build_1890506/dita2dita/choosing-target-standby-database-failover.xml
[stdout]   [filter] Processing /work/transformations/build_1890506/dita2dita/remove-database.xml
[stdout]   [filter] Processing /work/transformations/build_1890506/dita2dita/applyinstancetimeout.xml
[stdout]   [filter] Processing /work/transformations/build_1890506/dita2dita/migrate-pluggable-database.xml
[stdout]   [filter] Processing /work/transformations/build_1890506/dita2dita/dbfilenameconvert.xml
[stdout]   [filter] Processing /work/transformations/build_1890506/dita2dita/restrictions-when-fast-start-failover-is-enabled.xml
[stdout]   [filter] Processing /work/transformations/build_1890506/dita2dita/oracle-data-guard-broker-properties.xml
[stdout]   [filter] Processing /work/transformations/build_1890506/dita2dita/show-database.xml
[stdout]   [filter] Processing /work/transformations/build_1890506/dita2dita/externaldestination2.xml
[stdout]   [filter] Processing /work/transformations/build_1890506/dita2dita/broker.xml
[stdout]   [filter] Processing /work/transformations/build_1890506/dita2dita/redo-apply.xml
[stdout]   [filter] Processing /work/transformations/build_1890506/dita2dita/configuration-properties1.xml
[stdout]   [filter] Processing /work/transformations/build_1890506/dita2dita/data-guard-command-line-interface.xml
[stdout]   [filter] Processing /work/transformations/build_1890506/dita2dita/managing-parallel-apply-redo-apply.xml
[stdout]   [filter] Processing /work/transformations/build_1890506/dita2dita/enabling-fast-start-failover-task-5-set-other-properties-related-fast-start-failover-optional.xml
[stdout]   [filter] Processing /work/transformations/build_1890506/dita2dita/staticconnectidentifier.xml
[stdout]   [filter] Processing /work/transformations/build_1890506/dita2dita/faststartfailoverpmyshutdown.xml
[stdout]   [filter] Processing /work/transformations/build_1890506/dita2dita/enabling-fast-start-failover-task-9-start-observer.xml
[stdout]   [filter] Processing /work/transformations/build_1890506/dita2dita/oracle-data-guard-configurations-and-broker-configurations.xml
[stdout]   [filter] Processing /work/transformations/build_1890506/dita2dita/enable-and-disable-operations.xml
[stdout]   [filter] Processing /work/transformations/build_1890506/dita2dita/using-switchover-command-task-3-confirm-that-database-is-ready-role-change.xml
[stdout]   [filter] Processing /work/transformations/build_1890506/dita2dita/edit-configuration-protection-mode.xml
[stdout]   [filter] Processing /work/transformations/build_1890506/dita2dita/add-recovery_appliance.xml
[stdout]   [filter] Processing /work/transformations/build_1890506/dita2dita/validating-database-role-change.xml
[stdout]   [filter] Processing /work/transformations/build_1890506/dita2dita/starting-switchover.xml
[stdout]   [filter] Processing /work/transformations/build_1890506/dita2dita/tracelevel.xml
[stdout]   [filter] Processing /work/transformations/build_1890506/dita2dita/setmasterobserverhosts.xml
[stdout]   [filter] Processing /work/transformations/build_1890506/dita2dita/application-continuity.xml
[stdout]   [filter] Processing /work/transformations/build_1890506/dita2dita/show-instance.xml
[stdout]   [filter] Processing /work/transformations/build_1890506/dita2dita/general-problems-and-solutions.xml
[stdout]   [filter] Processing /work/transformations/build_1890506/dita2dita/reset-property-its-default-value.xml
[stdout]   [filter] Processing /work/transformations/build_1890506/dita2dita/host.xml
[stdout]   [filter] Processing /work/transformations/build_1890506/dita2dita/failed-failovers-logical-standby-databases.xml
[stdout]   [filter] Processing /work/transformations/build_1890506/dita2dita/changes-oracle-database-release-18c-version-18.1.xml
[stdout]   [filter] Processing /work/transformations/build_1890506/dita2dita/broker-configuration.xml
[stdout]   [filter] Processing /work/transformations/build_1890506/dita2dita/redo-routing-rules.xml
[stdout]   [filter] Processing /work/transformations/build_1890506/dita2dita/remove-recovery_appliance.xml
[stdout]   [filter] Processing /work/transformations/build_1890506/dita2dita/data-guard-environment.xml
[stdout]   [filter] Processing /work/transformations/build_1890506/dita2dita/how-protection-modes-influence-broker-operations.xml
[stdout]   [filter] Processing /work/transformations/build_1890506/dita2dita/manual-failover1.xml
[stdout]   [filter] Processing /work/transformations/build_1890506/dita2dita/standbyalternatelocation.xml
[stdout]   [filter] Processing /work/transformations/build_1890506/dita2dita/add-database.xml
[stdout]   [filter] Processing /work/transformations/build_1890506/dita2dita/lsbymaxservers.xml
[stdout]   [filter] Processing /work/transformations/build_1890506/dita2dita/description-illustration-dgbkr002-eps.xml
[stdout]   [filter] Processing /work/transformations/build_1890506/dita2dita/edit-database-reset-paramater.xml
[stdout]   [filter] Processing /work/transformations/build_1890506/dita2dita/default-state.xml
[stdout]   [filter] Processing /work/transformations/build_1890506/dita2dita/database-state-transitions.xml
[stdout]   [filter] Processing /work/transformations/build_1890506/dita2dita/v_database-view.xml
[stdout]   [filter] Processing /work/transformations/build_1890506/dita2dita/failover.xml
[stdout]   [filter] Processing /work/transformations/build_1890506/dita2dita/application-initiated-fast-start-failover.xml
[stdout]   [filter] Processing /work/transformations/build_1890506/dita2dita/faststartfailoverautoreinstate.xml
[stdout]   [filter] Processing /work/transformations/build_1890506/dita2dita/creating-configuration-task-5-show-configuration-information.xml
[stdout]   [filter] Processing /work/transformations/build_1890506/dita2dita/scenario-12-converting-physical-standby-snapshot-standby.xml
[stdout]   [filter] Processing /work/transformations/build_1890506/dita2dita/oracle-data-guard-broker-and-oracle-global-data-services.xml
[stdout]   [filter] Processing /work/transformations/build_1890506/dita2dita/performing-manual-role-changes-when-fast-start-failover-is-enabled.xml
[stdout]   [filter] Processing /work/transformations/build_1890506/dita2dita/configurable-changeable-properties.xml
[stdout]   [filter] Processing /work/transformations/build_1890506/dita2dita/restrictions-reinstatement.xml
[stdout]   [filter] Processing /work/transformations/build_1890506/dita2dita/scenario-2-setting-database-properties.xml
[stdout]   [filter] Processing /work/transformations/build_1890506/dita2dita/using-switchover-command-task-5-show-configuration.xml
[stdout]   [filter] Processing /work/transformations/build_1890506/dita2dita/overview-switchover-and-failover-broker-environment.xml
[stdout]   [filter] Processing /work/transformations/build_1890506/dita2dita/description-illustration-dgbkr005-eps.xml
[stdout]   [filter] Processing /work/transformations/build_1890506/dita2dita/troubleshooting-problems-observer.xml
[stdout]   [filter] Processing /work/transformations/build_1890506/dita2dita/patching-environment-when-observer-is-running-and-fast-start-failover-is-enabled.xml
[stdout]   [filter] Processing /work/transformations/build_1890506/dita2dita/reinstatement.xml
[stdout]   [filter] Processing /work/transformations/build_1890506/dita2dita/monitoring-configuration-task-4-check-inconsistentlogxptprops-monitorable-property.xml
[stdout]   [filter] Processing /work/transformations/build_1890506/dita2dita/faststartfailoverthreshold.xml
[stdout]   [filter] Processing /work/transformations/build_1890506/dita2dita/applyparallel.xml
[stdout]   [filter] Processing /work/transformations/build_1890506/dita2dita/oracle-data-guard-installation.xml
[stdout]   [filter] Processing /work/transformations/build_1890506/dita2dita/set-echo.xml
[stdout]   [filter] Processing /work/transformations/build_1890506/dita2dita/management-cycle-broker-configuration.xml
[stdout]   [filter] Processing /work/transformations/build_1890506/dita2dita/managing-members-broker-configuration.xml
[stdout]   [filter] Processing /work/transformations/build_1890506/dita2dita/scenario-11-reinstating-failed-primary-database.xml
[stdout]   [filter] Processing /work/transformations/build_1890506/dita2dita/lights-computing.xml
[stdout]   [filter] Processing /work/transformations/build_1890506/dita2dita/creating-configuration-task-3-clear-existing-remote-redo-transport-destinations.xml
[stdout]   [filter] Processing /work/transformations/build_1890506/dita2dita/lsbyfailedtxninfo-logical-standby-failed-transaction-information.xml
[stdout]   [filter] Processing /work/transformations/build_1890506/dita2dita/upgrading-oracle-database-10g-and-oracle-database-11g-oracle-database-12c.xml
[stdout]   [filter] Processing /work/transformations/build_1890506/dita2dita/enable-fast_start-failover.xml
[stdout]   [filter] Processing /work/transformations/build_1890506/dita2dita/exporting-broker-configuration.xml
[stdout]   [filter] Processing /work/transformations/build_1890506/dita2dita/creating-configuration-task-2-connect-primary-database.xml
[stdout]   [filter] Processing /work/transformations/build_1890506/dita2dita/logical-standby-database.xml
[stdout]   [filter] Processing /work/transformations/build_1890506/dita2dita/oracle-data-guard-command-line-interface-dgmgrl.xml
[stdout]   [filter] Processing /work/transformations/build_1890506/dita2dita/database-status.xml
[stdout]   [filter] Processing /work/transformations/build_1890506/dita2dita/warrantnotice_ak.xml
[stdout]   [filter] Processing /work/transformations/build_1890506/dita2dita/inconsistentlogxptprops-inconsistent-redo-transport-properties.xml
[stdout]   [filter] Processing /work/transformations/build_1890506/dita2dita/externaldestination1.xml
[stdout]   [filter] Processing /work/transformations/build_1890506/dita2dita/using-cluster-file-system-cfs-configuration-files.xml
[stdout]   [filter] Processing /work/transformations/build_1890506/dita2dita/data-guard-configuration.xml
[stdout]   [filter] Processing /work/transformations/build_1890506/dita2dita/archivelagtarget.xml
[stdout]   [filter] Processing /work/transformations/build_1890506/dita2dita/renaming-broker-configuration-files.xml
[stdout]   [filter] Processing /work/transformations/build_1890506/dita2dita/edit-database-parameter.xml
[stdout]   [filter] Processing /work/transformations/build_1890506/dita2dita/bystander-standby-database.xml
[stdout]   [filter] Processing /work/transformations/build_1890506/dita2dita/validating-server-parameter-files-role-change.xml
[stdout]   [filter] Processing /work/transformations/build_1890506/dita2dita/instancename.xml
[stdout]   [filter] Processing /work/transformations/build_1890506/dita2dita/remove-far_sync.xml
[stdout]   [filter] Processing /work/transformations/build_1890506/dita2dita/show-configuration.xml
[stdout]   [filter] Processing /work/transformations/build_1890506/dita2dita/trademarknotice_ak.xml
[stdout]   [filter] Processing /work/transformations/build_1890506/dita2dita/scenario-10-performing-manual-failover-operation.xml
[stdout]   [filter] Processing /work/transformations/build_1890506/dita2dita/failed-failovers-physical-standby-databases.xml
[stdout]   [filter] Processing /work/transformations/build_1890506/dita2dita/fast-start-failover1.xml
[stdout]   [filter] Processing /work/transformations/build_1890506/dita2dita/enabling-fast-start-failover.xml
[stdout]   [filter] Processing /work/transformations/build_1890506/dita2dita/edit-far_sync-reset-parameter.xml
[stdout]   [filter] Processing /work/transformations/build_1890506/dita2dita/import-configuration.xml
[stdout]   [filter] Processing /work/transformations/build_1890506/dita2dita/configure-conditions-fast-start-failover.xml
[stdout]   [filter] Processing /work/transformations/build_1890506/dita2dita/monitoring-configuration-task-3-check-logxptstatus-monitorable-property.xml
[stdout]   [filter] Processing /work/transformations/build_1890506/dita2dita/primary-database-is-flashed-back.xml
[stdout]   [filter] Processing /work/transformations/build_1890506/dita2dita/redocompression.xml
[stdout]   [filter] Processing /work/transformations/build_1890506/dita2dita/specifying-locations-archived-redo-log-files.xml
[stdout]   [filter] Processing /work/transformations/build_1890506/dita2dita/moving-observer-another-computer.xml
[stdout]   [filter] Processing /work/transformations/build_1890506/dita2dita/redoroutes.xml
[stdout]   [filter] Processing /work/transformations/build_1890506/dita2dita/topwaitevents.xml
[stdout]   [filter] Processing /work/transformations/build_1890506/dita2dita/scenario-7-enabling-fast-start-failover-when-far-sync-instance-is-use.xml
[stdout]   [filter] Processing /work/transformations/build_1890506/dita2dita/database-client-considerations.xml
[stdout]   [filter] Processing /work/transformations/build_1890506/dita2dita/applyinstances.xml
[stdout]   [filter] Processing /work/transformations/build_1890506/dita2dita/stop-observing.xml
[stdout]   [filter] Processing /work/transformations/build_1890506/dita2dita/configure-properties-tune-fast-start-failover.xml
[stdout]   [filter] Processing /work/transformations/build_1890506/dita2dita/disable-standby-database.xml
[stdout]   [filter] Processing /work/transformations/build_1890506/dita2dita/database-guard.xml
[stdout]   [filter] Processing /work/transformations/build_1890506/dita2dita/oracle-data-guard-broker-concepts.xml
[stdout]   [filter] Processing /work/transformations/build_1890506/dita2dita/stopping-observer.xml
[stdout]   [filter] Processing /work/transformations/build_1890506/dita2dita/edit-recovery_appliance-parameter.xml
[stdout]   [filter] Processing /work/transformations/build_1890506/dita2dita/managing-observers-multiple-configurations.xml
[stdout]   [filter] Processing /work/transformations/build_1890506/dita2dita/scenario-1-creating-configuration.xml
[stdout]   [filter] Processing /work/transformations/build_1890506/dita2dita/setting-broker-configuration-files.xml
[stdout]   [filter] Processing /work/transformations/build_1890506/dita2dita/upgrading-or-downgrading-current-protection-mode.xml
[stdout]   [filter] Processing /work/transformations/build_1890506/dita2dita/show-far_sync.xml
[stdout]   [filter] Processing /work/transformations/build_1890506/dita2dita/importing-broker-configuration.xml
[stdout]   [filter] Processing /work/transformations/build_1890506/dita2dita/reinstate-database.xml
[stdout]   [filter] Processing /work/transformations/build_1890506/dita2dita/disable-configuration1.xml
[stdout]   [filter] Processing /work/transformations/build_1890506/dita2dita/sample-content-log-files-observe-only-mode.xml
[stdout]   [filter] Processing /work/transformations/build_1890506/dita2dita/failed-broker-immediate-physical-failovers.xml
[stdout]   [filter] Processing /work/transformations/build_1890506/dita2dita/sql.xml
[stdout]   [filter] Processing /work/transformations/build_1890506/dita2dita/failover1.xml
[stdout]   [filter] Processing /work/transformations/build_1890506/dita2dita/faststartfailovertarget.xml
[stdout]   [filter] Processing /work/transformations/build_1890506/dita2dita/enabling-fast-start-failover-task-6-enable-additional-fast-start-failover-conditions-optional.xml
[stdout]   [filter] Processing /work/transformations/build_1890506/dita2dita/show-configuration-when-primary-is.xml
[stdout]   [filter] Processing /work/transformations/build_1890506/dita2dita/turning-redo-transport-services-and.xml
[stdout]   [filter] Processing /work/transformations/build_1890506/dita2dita/logxptstatus-redo-transport-status.xml
[stdout]   [filter] Processing /work/transformations/build_1890506/dita2dita/scenario-14-adding-recovery-appliance-broker-configuration.xml
[stdout]   [filter] Processing /work/transformations/build_1890506/dita2dita/standby-database.xml
[stdout]   [filter] Processing /work/transformations/build_1890506/dita2dita/ons-configuration-requirements.xml
[stdout]   [filter] Processing /work/transformations/build_1890506/dita2dita/alphabetanotice_ak.xml
[stdout]   [filter] Processing /work/transformations/build_1890506/dita2dita/audience.xml
[stdout]   [filter] Processing /work/transformations/build_1890506/dita2dita/onlinealternatelocation.xml
[stdout]   [filter] Processing /work/transformations/build_1890506/dita2dita/manual-failover.xml
[stdout]   [filter] Processing /work/transformations/build_1890506/dita2dita/remove-configuration.xml
[stdout]   [filter] Processing /work/transformations/build_1890506/dita2dita/monitoring-configuration-task-2-check-database-status.xml
[stdout]   [filter] Processing /work/transformations/build_1890506/dita2dita/changes-this-release-oracle-data-guard-broker.xml
[stdout]   [filter] Processing /work/transformations/build_1890506/dita2dita/apply-lag.xml
[stdout]   [filter] Processing /work/transformations/build_1890506/dita2dita/preface.xml
[stdout]   [filter] Processing /work/transformations/build_1890506/dita2dita/managing-database-properties.xml
[stdout]   [filter] Processing /work/transformations/build_1890506/dita2dita/managing-multi-instance-redo-apply.xml
[stdout]   [filter] Processing /work/transformations/build_1890506/dita2dita/scenario-9-performing-switchover-operation.xml
[stdout]   [filter] Processing /work/transformations/build_1890506/dita2dita/dgconnectidentifier.xml
[stdout]   [filter] Processing /work/transformations/build_1890506/dita2dita/alter-state-primary-database.xml
[stdout]   [filter] Processing /work/transformations/build_1890506/dita2dita/apply-instance-failover.xml
[stdout]   [filter] Processing /work/transformations/build_1890506/dita2dita/enabling-fast-start-failover-task-3-determine-protection-mode-you-want.xml
[stdout]   [filter] Processing /work/transformations/build_1890506/dita2dita/managing-log-apply-services.xml
[stdout]   [filter] Processing /work/transformations/build_1890506/dita2dita/sign-command.xml
[stdout]   [filter] Processing /work/transformations/build_1890506/dita2dita/failover-operations.xml
[stdout]   [filter] Processing /work/transformations/build_1890506/dita2dita/set-fast_start-failover-target.xml
[stdout]   [filter] Processing /work/transformations/build_1890506/dita2dita/scenario-4-setting-configuration-protection-mode.xml
[stdout]   [filter] Processing /work/transformations/build_1890506/dita2dita/conventions.xml
[stdout]   [filter] Processing /work/transformations/build_1890506/dita2dita/switchover-operations.xml
[stdout]   [filter] Processing /work/transformations/build_1890506/dita2dita/choosing-target-standby-database-switchover.xml
[stdout]   [filter] Processing /work/transformations/build_1890506/dita2dita/oracle-data-guard-monitor-dmon-process.xml
[stdout]   [filter] Processing /work/transformations/build_1890506/dita2dita/disabling-fast-start-failover.xml
[stdout]   [filter] Processing /work/transformations/build_1890506/dita2dita/lsbyrecordappliedddl.xml
[stdout]   [filter] Processing /work/transformations/build_1890506/dita2dita/bystandersfollowrolechange.xml
[stdout]   [filter] Processing /work/transformations/build_1890506/dita2dita/performance-considerations-fast-start-failover.xml
[stdout]   [filter] Processing /work/transformations/build_1890506/dita2dita/switchover1.xml
[stdout]   [filter] Processing /work/transformations/build_1890506/dita2dita/configuring-observe-only-mode-fast-start-failover.xml
[stdout]   [filter] Processing /work/transformations/build_1890506/dita2dita/enabling-fast-start-failover-task-10-verify-fast-start-failover-environment.xml
[stdout]   [filter] Processing /work/transformations/build_1890506/dita2dita/onlinearchivelocation.xml
[stdout]   [filter] Processing /work/transformations/build_1890506/dita2dita/validate-far_sync.xml
[stdout]   [filter] Processing /work/transformations/build_1890506/dita2dita/operationtimeout.xml
[stdout]   [filter] Processing /work/transformations/build_1890506/dita2dita/using-switchover-command-task-4-issue-switchover-command.xml
[stdout]   [filter] Processing /work/transformations/build_1890506/dita2dita/selecting-apply-instance.xml
[stdout]   [filter] Processing /work/transformations/build_1890506/dita2dita/encryption.xml
[stdout]   [filter] Processing /work/transformations/build_1890506/dita2dita/exit.xml
[stdout]   [filter] Processing /work/transformations/build_1890506/dita2dita/what-happens-if-observer-fails.xml
[stdout]   [filter] Processing /work/transformations/build_1890506/dita2dita/description-illustration-dgbkr001-eps.xml
[stdout]   [filter] Processing /work/transformations/build_1890506/dita2dita/logxptmode.xml
[stdout]   [filter] Processing /work/transformations/build_1890506/dita2dita/scenario-13-monitoring-data-guard-configuration.xml
[stdout]   [filter] Processing /work/transformations/build_1890506/dita2dita/performing-manual-failover-task-1-determine-which-available-standby-databases-is-best-target-fa.xml
[stdout]   [filter] Processing /work/transformations/build_1890506/dita2dita/capturing-observer-actions-observer-log-file.xml
[stdout]   [filter] Processing /work/transformations/build_1890506/dita2dita/troubleshooting-problems-switchover-operation.xml
[stdout]   [filter] Processing /work/transformations/build_1890506/dita2dita/slash-command.xml
[stdout]   [filter] Processing /work/transformations/build_1890506/dita2dita/set-masterobserver-observer_name.xml
[stdout]   [filter] Processing /work/transformations/build_1890506/dita2dita/set-oberverconfigfile.xml
[stdout]   [filter] Processing /work/transformations/build_1890506/dita2dita/installing-and-starting-observer.xml
[stdout]   [filter] Processing /work/transformations/build_1890506/dita2dita/observerconnectidentifier.xml
[stdout]   [filter] Processing /work/transformations/build_1890506/dita2dita/lsbymaxeventsrecorded.xml
[stdout]   [filter] Processing /work/transformations/build_1890506/dita2dita/downgrading-oracle-database-12c.xml
[stdout]   [filter] Processing /work/transformations/build_1890506/dita2dita/database-property-management.xml
[stdout]   [filter] Processing /work/transformations/build_1890506/dita2dita/failed-broker-complete-physical-failovers.xml
[stdout]   [filter] Processing /work/transformations/build_1890506/dita2dita/description-illustration-dgbkr007-eps.xml
[stdout]   [filter] Processing /work/transformations/build_1890506/dita2dita/applylagthreshold.xml
[stdout]   [filter] Processing /work/transformations/build_1890506/dita2dita/description-illustration-dgbkr004-eps.xml
[stdout]   [filter] Processing /work/transformations/build_1890506/dita2dita/oracle-data-guard-broker-upgrading-and-downgrading.xml
[stdout]   [filter] Processing /work/transformations/build_1890506/dita2dita/reinstating-former-primary-database-broker-configuration.xml
[stdout]   [filter] Processing /work/transformations/build_1890506/dita2dita/enabling-fast-start-failover-task-4-set-faststartfailoverthreshold-configuration-property.xml
[stdout]   [filter] Processing /work/transformations/build_1890506/dita2dita/show-observers.xml
[stdout]   [filter] Processing /work/transformations/build_1890506/dita2dita/complete-and-immediate-manual-failovers.xml
[stdout]   [filter] Processing /work/transformations/build_1890506/dita2dita/removing-far-sync-instance-configuration.xml
[stdout]   [filter] Processing /work/transformations/build_1890506/dita2dita/glossary.xml
[stdout]   [filter] Processing /work/transformations/build_1890506/dita2dita/shutting-databases-fast-start-failover-environment.xml
[stdout]   [filter] Processing /work/transformations/build_1890506/dita2dita/benefits-oracle-data-guard-broker.xml
[stdout]   [filter] Processing /work/transformations/build_1890506/dita2dita/edit-configuration-rename.xml
[stdout]   [filter] Processing /work/transformations/build_1890506/dita2dita/logarchivetrace.xml
[stdout]   [filter] Processing /work/transformations/build_1890506/dita2dita/edit-configuration-reset-property.xml
[stdout]   [filter] Processing /work/transformations/build_1890506/dita2dita/enable-far_sync.xml
[stdout]   [filter] Processing /work/transformations/build_1890506/dita2dita/other-redo-transport-settings.xml
[stdout]   [filter] Processing /work/transformations/build_1890506/dita2dita/how-broker-performs-complete-failover-operation.xml
[stdout]   [filter] Processing /work/transformations/build_1890506/dita2dita/requirements-removing-database-configuration.xml
[stdout]   [filter] Processing /work/transformations/build_1890506/dita2dita/edit-database-state.xml
[stdout]   [filter] Processing /work/transformations/build_1890506/dita2dita/viewing-fast-start-failover-configuration-statistics-and-status.xml
[stdout]   [filter] Processing /work/transformations/build_1890506/dita2dita/physical-standby-database.xml
[stdout]   [filter] Processing /work/transformations/build_1890506/dita2dita/oracle-data-guard-command-line-interface-reference.xml
[stdout]   [filter] Processing /work/transformations/build_1890506/dita2dita/validate-static-connect-identifier.xml
[stdout]   [filter] Processing /work/transformations/build_1890506/dita2dita/configuration-management.xml
[stdout]   [filter] Processing /work/transformations/build_1890506/dita2dita/reenabling-disabled-databases-role-change.xml
[stdout]   [filter] Processing /work/transformations/build_1890506/dita2dita/oracle-data-guard-broker.ditamap
[stdout]   [filter] [DOTJ031I][INFO] No specified rule for 'condition=BetaDraft' was found in the ditaval file. This value will use the default action, or a parent prop action if specified. To remove this message, you can specify a rule for 'condition=BetaDraft' in the ditaval file.
[stdout]   [filter] [DOTJ031I][INFO] No specified rule for 'condition=RevRec' was found in the ditaval file. This value will use the default action, or a parent prop action if specified. To remove this message, you can specify a rule for 'condition=RevRec' in the ditaval file.
[stdout]   [filter] Processing /work/transformations/build_1890506/dita2dita/standbyfilemanagement.xml
[stdout]   [filter] Processing /work/transformations/build_1890506/dita2dita/lsbyrecordskipddl.xml
[stdout]   [filter] Processing /work/transformations/build_1890506/dita2dita/ora-16596-database-not-part-oracle-data-guard-broker-configuration.xml
[stdout]   [filter] Processing /work/transformations/build_1890506/dita2dita/starting-data-guard-broker.xml
[stdout]   [filter] Processing /work/transformations/build_1890506/dita2dita/configurationwideservicename.xml
[stdout]   [filter] Processing /work/transformations/build_1890506/dita2dita/validate-fast_start-failover-19c.xml
[stdout]   [filter] Processing /work/transformations/build_1890506/dita2dita/quit.xml
[stdout]   [filter] Processing /work/transformations/build_1890506/dita2dita/setting-redo-transport.xml
[stdout]   [filter] Processing /work/transformations/build_1890506/dita2dita/redo-accumulating-primary-is-not-sent-some-standby-databases.xml
[stdout]   [filter] Processing /work/transformations/build_1890506/dita2dita/snapshot-standby-database.xml
[stdout]   [filter] Processing /work/transformations/build_1890506/dita2dita/lsbyrecordskiperrors.xml
[stdout]   [filter] Processing /work/transformations/build_1890506/dita2dita/validate-database.xml
[stdout]   [filter] Processing /work/transformations/build_1890506/dita2dita/managing-redo-transport-services-data-protection-modes.xml
[stdout]   [filter] Processing /work/transformations/build_1890506/dita2dita/sources-diagnostic-information.xml
[stdout]   [filter] Processing /work/transformations/build_1890506/dita2dita/managing-states-broker-configuration-members.xml
[stdout]   [filter] Processing /work/transformations/build_1890506/dita2dita/overview-oracle-data-guard-and-broker.xml
[stdout]   [filter] Processing /work/transformations/build_1890506/dita2dita/export-configuration.xml
[stdout]   [filter] Processing /work/transformations/build_1890506/dita2dita/switchover-and-failover-operations.xml
[stdout]   [filter] Processing /work/transformations/build_1890506/dita2dita/recvqentries-receive-queue-entries.xml
[stdout]   [filter] Processing /work/transformations/build_1890506/dita2dita/how-broker-performs-switchover.xml
[stdout]   [filter] Processing /work/transformations/build_1890506/dita2dita/transport-lag.xml
[stdout]   [filter] Processing /work/transformations/build_1890506/dita2dita/starting-data-guard-command-line-interface.xml
[stdout]   [filter] Processing /work/transformations/build_1890506/dita2dita/fast-start-failover.xml
[stdout]   [filter] Processing /work/transformations/build_1890506/dita2dita/performing-manual-failover-operation.xml
[stdout]   [filter] Processing /work/transformations/build_1890506/dita2dita/troubleshooting-oracle-data-guard.xml
[stdout]   [filter] Processing /work/transformations/build_1890506/dita2dita/enable-database.xml
[stdout]   [filter] Processing /work/transformations/build_1890506/dita2dita/creating-configuration-task-4-create-broker-configuration.xml
[stdout]   [filter] Processing /work/transformations/build_1890506/dita2dita/how-reinstate-database.xml
[stdout]   [filter] Processing /work/transformations/build_1890506/dita2dita/managing-database-conversions.xml
[stdout]   [filter] Processing /work/transformations/build_1890506/dita2dita/preferredobserverhosts.xml
[stdout]   [filter] Processing /work/transformations/build_1890506/dita2dita/far-sync-instance.xml
[stdout]   [filter] Processing /work/transformations/build_1890506/dita2dita/when-fast-start-failover-is-enabled-and-observer-is-running.xml
[stdout]   [filter] Processing /work/transformations/build_1890506/dita2dita/logarchiveminsucceeddest.xml
[stdout]   [filter] Processing /work/transformations/build_1890506/dita2dita/start-observer-background.xml
[stdout]   [filter] Processing /work/transformations/build_1890506/dita2dita/set-time.xml
[stdout]   [filter] Processing /work/transformations/build_1890506/dita2dita/lsbypreservecommitorder.xml
[stdout]   [filter] Processing /work/transformations/build_1890506/dita2dita/show-all.xml
[stdout]   [filter] Processing /work/transformations/build_1890506/dita2dita/validate-database-spfile.xml
[stdout]   [filter] Processing /work/transformations/build_1890506/dita2dita/oracle-data-guard-broker-user-interfaces.xml
[stdout]   [filter] Processing /work/transformations/build_1890506/dita2dita/managing-broker-configuration-files-oracle-rac-environment.xml
[stdout]   [filter] Processing /work/transformations/build_1890506/dita2dita/disable-fast_start-failover.xml
[stdout]   [filter] Processing /work/transformations/build_1890506/dita2dita/edit-configuration-property.xml
[stdout]   [filter] Processing /work/transformations/build_1890506/dita2dita/edit-far_sync.xml
[stdout]   [filter] Processing /work/transformations/build_1890506/dita2dita/observeroverride.xml
[stdout]   [filter] Processing /work/transformations/build_1890506/dita2dita/troubleshooting-problems-failover-operation.xml
[stdout]   [filter] Processing /work/transformations/build_1890506/dita2dita/setting-protection-mode-task-4-using-dgmgrl-or-cloud-control.xml
[stdout]   [filter] Processing /work/transformations/build_1890506/dita2dita/dataguardsynclatency.xml
[stdout]   [filter] Processing /work/transformations/build_1890506/dita2dita/read-only-mode.xml
[stdout]   [filter] Processing /work/transformations/build_1890506/dita2dita/disabling-configuration-and-databases.xml
[stdout]   [filter] Processing /work/transformations/build_1890506/dita2dita/shared-global-topic-documentation-accessibility.xml
[stdout]   [filter] Processing /work/transformations/build_1890506/dita2dita/enable-fast_start-failover-condition.xml
[stdout]   [filter] Processing /work/transformations/build_1890506/dita2dita/managing-broker-configurations.xml
[stdout]   [filter] Processing /work/transformations/build_1890506/dita2dita/validating-static-connect-identifier-role-change.xml
[stdout]   [filter] Processing /work/transformations/build_1890506/dita2dita/edit-recovery_appliance-property.xml
[stdout]   [filter] Processing /work/transformations/build_1890506/dita2dita/communicationtimeout.xml
[stdout]   [filter] Processing /work/transformations/build_1890506/dita2dita/exiting-data-guard-command-line-interface.xml
[stdout]   [filter] Processing /work/transformations/build_1890506/dita2dita/description-illustration-dgbkr008-eps.xml
[stdout]   [filter] Processing /work/transformations/build_1890506/dita2dita/logarchiveformat.xml
[stdout]   [filter] Processing /work/transformations/build_1890506/dita2dita/reopensecs.xml
[stdout]   [filter] Processing /work/transformations/build_1890506/dita2dita/monitorable-read-only-properties.xml
[stdout]   [filter] Processing /work/transformations/build_1890506/dita2dita/enabling-fast-start-failover-task-2-specify-target-standby-database-faststartfailovertarget-con.xml
[stdout]   [filter] Processing /work/transformations/build_1890506/dita2dita/help.xml
[stdout]   [filter] Processing /work/transformations/build_1890506/dita2dita/redo-transport-services-oracle-rac-database-environment.xml
[stdout]   [filter] Processing /work/transformations/build_1890506/dita2dita/managing-fast-start-failover.xml
[stdout]   [filter] Processing /work/transformations/build_1890506/dita2dita/convert-database.xml
[stdout]   [filter] Processing /work/transformations/build_1890506/dita2dita/how-broker-handles-failed-reinstatement.xml
[stdout]   [filter] Processing /work/transformations/build_1890506/dita2dita/removing-configuration_-standby-database_-or-far-sync-instance.xml
[stdout]   [filter] Processing /work/transformations/build_1890506/dita2dita/shutdown.xml
[stdout]   [filter] Processing /work/transformations/build_1890506/dita2dita/scenarios-using-dgmgrl-command-line-interface.xml
[stdout]   [filter] Processing /work/transformations/build_1890506/dita2dita/faststartfailoverlaglimit.xml
[stdout]   [filter] Processing /work/transformations/build_1890506/dita2dita/remove-instance.xml
[stdout]   [filter] Processing /work/transformations/build_1890506/dita2dita/primary-database.xml
[stdout]   [filter] Processing /work/transformations/build_1890506/dita2dita/startup.xml
[stdout]   [filter] Processing /work/transformations/build_1890506/dita2dita/validating-network-configuration-role-change.xml
[stdout]   [filter] Processing /work/transformations/build_1890506/dita2dita/observerreconnect.xml
[stdout]   [filter] Processing /work/transformations/build_1890506/dita2dita/managing-observer.xml
[stdout]   [filter] Processing /work/transformations/build_1890506/dita2dita/managing-redo-transport-services.xml
[stdout]   [filter] Processing /work/transformations/build_1890506/dita2dita/disable-fast_start-failover-condition.xml
[stdout]   [filter] Processing /work/transformations/build_1890506/dita2dita/disable-database.xml
[stdout]   [filter] Processing /work/transformations/build_1890506/dita2dita/related-documents.xml
[stdout]   [filter] Processing /work/transformations/build_1890506/dita2dita/oracle-enterprise-manager-cloud-control.xml
[stdout]   [filter] Processing /work/transformations/build_1890506/dita2dita/enabling-fast-start-failover-task-8-using-dgmgrl-or-cloud-control.xml
[stdout]   [filter] Processing /work/transformations/build_1890506/dita2dita/edit-far_sync-reset-property.xml
[stdout]   [filter] Processing /work/transformations/build_1890506/dita2dita/validate-database-datafile.xml
[stdout]   [filter] Processing /work/transformations/build_1890506/dita2dita/monitorable-read-only-properties1.xml
[stdout]   [filter] Processing /work/transformations/build_1890506/dita2dita/logfilenameconvert.xml
[stdout]   [filter] Processing /work/transformations/build_1890506/dita2dita/add-far_sync.xml
[stdout]   [filter] Processing /work/transformations/build_1890506/dita2dita/removing-standby-database-configuration.xml
[stdout]   [filter] Processing /work/transformations/build_1890506/dita2dita/changing-properties-and-states.xml
[stdout]   [filter] Processing /work/transformations/build_1890506/dita2dita/switchover.xml
[stdout]   [filter] Processing /work/transformations/build_1890506/dita2dita/how-create-and-reenable-disabled-database.xml
[stdout]   [filter] Processing /work/transformations/build_1890506/dita2dita/edit-recovery_appliance-reset-parameter.xml
[stdout]   [filter] Processing /work/transformations/build_1890506/dita2dita/edit-database-rename.xml
[stdout]   [filter] Processing /work/transformations/build_1890506/dita2dita/prerequisites-enabling-fast-start-failover.xml
[stdout]   [filter] Processing /work/transformations/build_1890506/dita2dita/preferredapplyinstance.xml
[stdout]   [filter] Processing /work/transformations/build_1890506/dita2dita/monitoring-configuration-task-1-check-configuration-status.xml
[stdout]   [filter] Processing /work/transformations/build_1890506/dita2dita/viewing-information-all-observers.xml
[stdout]   [filter] Processing /work/transformations/build_1890506/dita2dita/standby-fails-automatically-start-due-unknown-service-ora-12514.xml
[stdout]   [filter] Processing /work/transformations/build_1890506/dita2dita/oracle-data-guard-broker-and-cdbs.xml
[stdout]   [filter] Processing /work/transformations/build_1890506/dita2dita/using-switchover-command-task-2-check-standby-database-that-is-target-switchover.xml
[stdout]   [filter] Processing /work/transformations/build_1890506/dita2dita/configurable-properties.xml
[stdout]   [filter] Processing /work/transformations/build_1890506/dita2dita/edit-database-property.xml
[stdout]   [filter] Processing /work/transformations/build_1890506/dita2dita/managing-redo-transport-services-recovery-appliance.xml
[stdout]   [filter] Processing /work/transformations/build_1890506/dita2dita/confidentiallabelnotice_ak.xml
[stdout]   [filter] Processing /work/transformations/build_1890506/dita2dita/resetting-broker-configurable-properties-default-values.xml
[stdout]   [filter] Processing /work/transformations/build_1890506/dita2dita/connect.xml
[stdout]   [filter] Processing /work/transformations/build_1890506/dita2dita/oracle-data-guard-broker-components.xml
[stdout]   [filter] Processing /work/transformations/build_1890506/dita2dita/hazardnotice_ak.xml
[stdout]   [filter] Processing /work/transformations/build_1890506/dita2dita/prerequisites.xml
[stdout]   [filter] Processing /work/transformations/build_1890506/dita2dita/creating-configuration-task-6-add-standby-database-configuration.xml
[stdout]   [filter] Processing /work/transformations/build_1890506/dita2dita/many-log-files-are-received-standby-database-not-applied.xml
[stdout]   [filter] Processing /work/transformations/build_1890506/dita2dita/stop-observer.xml
[stdout]   [filter] Processing /work/transformations/build_1890506/dita2dita/managing-far-sync-instances.xml
[stdout]   [filter] Processing /work/transformations/build_1890506/dita2dita/description-illustration-dgbkr003-eps.xml
[stdout]   [filter] Processing /work/transformations/build_1890506/dita2dita/how-observer-maintains-fast-start-failover-configuration-information.xml
[stdout]   [filter] Processing /work/transformations/build_1890506/dita2dita/changes-oracle-database-release-19c.xml
[stdout]   [filter] Processing /work/transformations/build_1890506/dita2dita/managing-data-protection-modes.xml
[stdout]   [filter] Processing /work/transformations/build_1890506/dita2dita/transportlagthreshold.xml
[stdout]   [filter] Processing /work/transformations/build_1890506/dita2dita/setting-protection-mode-task-2-set-standby-redo-log-files.xml
[stdout]   [filter] Processing /work/transformations/build_1890506/dita2dita/sql-apply.xml
[stdout]   [filter] Processing /work/transformations/build_1890506/dita2dita/logshipping.xml
[stdout]   [filter] Processing /work/transformations/build_1890506/dita2dita/setting-protection-mode-your-configuration.xml
[stdout]   [filter] Processing /work/transformations/build_1890506/dita2dita/configuring-fast-start-failover-observe-only-mode.xml
[stdout]   [filter] Processing /work/transformations/build_1890506/dita2dita/database-object.xml
[stdout]   [filter] Processing /work/transformations/build_1890506/dita2dita/binding.xml
[stdout]   [filter] Processing /work/transformations/build_1890506/dita2dita/alter-database-property.xml
[stdout]   [filter] Processing /work/transformations/build_1890506/dita2dita/instance-object.xml
[stdout]   [filter] Processing /work/transformations/build_1890506/dita2dita/v_fs_failover_stats-view.xml
[stdout]   [filter] Processing /work/transformations/build_1890506/dita2dita/performing-manual-failover-task-4-establish-disaster-recovery-configuration.xml
[stdout]   [filter] Processing /work/transformations/build_1890506/dita2dita/scenario-5-setting-maximum-availability-mode-far-sync-instance.xml
[stdout]   [filter] Processing /work/transformations/build_1890506/dita2dita/delaymins.xml
[stdout]   [filter] Processing /work/transformations/build_1890506/dita2dita/show-observerconfigfile.xml
[stdout]   [filter] Processing /work/transformations/build_1890506/dita2dita/request-timed-or-cloud-control-performance-is-sluggish.xml
[stdout]   [filter] Processing /work/transformations/build_1890506/dita2dita/using-oracle-asm-disk-groups-configuration-files.xml
[stdout]   [filter] Processing /work/transformations/build_1890506/dita2dita/using-switchover-command-task-1-check-primary-database.xml
[stdout]   [filter] Processing /work/transformations/build_1890506/dita2dita/standbyarchivelocation.xml
[stdout]   [filter] Processing /work/transformations/build_1890506/dita2dita/prerequisites-getting-started.xml
[stdout]   [filter] Processing /work/transformations/build_1890506/dita2dita/performing-manual-failover-task-3-reset-protection-mode.xml
[stdout]   [filter] Processing /work/transformations/build_1890506/dita2dita/oracle-net-configuration-requirements.xml
[stdout]   [filter] Processing /work/transformations/build_1890506/dita2dita/edit-database-reset-property.xml
[stdout]   [filter] Processing /work/transformations/build_1890506/dita2dita/description-illustration-dgbkr009-eps.xml
[stdout]   [filter] Processing /work/transformations/build_1890506/dita2dita/apply-instance.xml
[stdout]   [filter] Processing /work/transformations/build_1890506/dita2dita/viewing-information-master-observer.xml
[stdout]   [filter] Processing /work/transformations/build_1890506/dita2dita/managing-broker-configuration-members.xml
[stdout]   [filter] Processing /work/transformations/build_1890506/dita2dita/requirements.xml
[stdout]   [filter] Processing /work/transformations/build_1890506/dita2dita/disable-and-enable-operations.xml
[stdout]   [filter] Processing /work/transformations/build_1890506/dita2dita/configurationsimplename.xml
[stdout]   [filter] Processing /work/transformations/build_1890506/dita2dita/sendqentries-send-queue-entries.xml
[stdout]   [filter] Processing /work/transformations/build_1890506/dita2dita/show-fast_start-failover.xml
[stdout]   [filter] Processing /work/transformations/build_1890506/dita2dita/intended-state.xml
[stdout]   [filter] Execution time: 0.757 seconds
[stdout][job-helper] Processing /work/tmp/scratch/docbuilder/buildArea/build_1890506/tmp/.job.xml to /work/tmp/scratch/docbuilder/buildArea/build_1890506/tmp/user.input.file.list
[stdout][job-helper] Loading stylesheet /u01/docbuilder/dita-ot-1.8.5/xsl/job-helper.xsl
[stdout][job-helper] Processing /work/tmp/scratch/docbuilder/buildArea/build_1890506/tmp/.job.xml to /work/tmp/scratch/docbuilder/buildArea/build_1890506/tmp/hreftargets.list
[stdout][job-helper] Loading stylesheet /u01/docbuilder/dita-ot-1.8.5/xsl/job-helper.xsl
[stdout][job-helper] Processing /work/tmp/scratch/docbuilder/buildArea/build_1890506/tmp/.job.xml to /work/tmp/scratch/docbuilder/buildArea/build_1890506/tmp/conref.list
[stdout][job-helper] Loading stylesheet /u01/docbuilder/dita-ot-1.8.5/xsl/job-helper.xsl
[stdout][job-helper] Processing /work/tmp/scratch/docbuilder/buildArea/build_1890506/tmp/.job.xml to /work/tmp/scratch/docbuilder/buildArea/build_1890506/tmp/hrefditatopic.list
[stdout][job-helper] Loading stylesheet /u01/docbuilder/dita-ot-1.8.5/xsl/job-helper.xsl
[stdout][job-helper] Processing /work/tmp/scratch/docbuilder/buildArea/build_1890506/tmp/.job.xml to /work/tmp/scratch/docbuilder/buildArea/build_1890506/tmp/fullditatopic.list
[stdout][job-helper] Loading stylesheet /u01/docbuilder/dita-ot-1.8.5/xsl/job-helper.xsl
[stdout][job-helper] Processing /work/tmp/scratch/docbuilder/buildArea/build_1890506/tmp/.job.xml to /work/tmp/scratch/docbuilder/buildArea/build_1890506/tmp/fullditamapandtopic.list
[stdout][job-helper] Loading stylesheet /u01/docbuilder/dita-ot-1.8.5/xsl/job-helper.xsl
[stdout][job-helper] Processing /work/tmp/scratch/docbuilder/buildArea/build_1890506/tmp/.job.xml to /work/tmp/scratch/docbuilder/buildArea/build_1890506/tmp/conreftargets.list
[stdout][job-helper] Loading stylesheet /u01/docbuilder/dita-ot-1.8.5/xsl/job-helper.xsl
[stdout][job-helper] Processing /work/tmp/scratch/docbuilder/buildArea/build_1890506/tmp/.job.xml to /work/tmp/scratch/docbuilder/buildArea/build_1890506/tmp/conrefpush.list
[stdout][job-helper] Loading stylesheet /u01/docbuilder/dita-ot-1.8.5/xsl/job-helper.xsl
[stdout][job-helper] Processing /work/tmp/scratch/docbuilder/buildArea/build_1890506/tmp/.job.xml to /work/tmp/scratch/docbuilder/buildArea/build_1890506/tmp/keyref.list
[stdout][job-helper] Loading stylesheet /u01/docbuilder/dita-ot-1.8.5/xsl/job-helper.xsl
[stdout][job-helper] Processing /work/tmp/scratch/docbuilder/buildArea/build_1890506/tmp/.job.xml to /work/tmp/scratch/docbuilder/buildArea/build_1890506/tmp/skipchunk.list
[stdout][job-helper] Loading stylesheet /u01/docbuilder/dita-ot-1.8.5/xsl/job-helper.xsl
[stdout][job-helper] Processing /work/tmp/scratch/docbuilder/buildArea/build_1890506/tmp/.job.xml to /work/tmp/scratch/docbuilder/buildArea/build_1890506/tmp/canditopics.list
[stdout][job-helper] Loading stylesheet /u01/docbuilder/dita-ot-1.8.5/xsl/job-helper.xsl
[stdout][job-helper] Processing /work/tmp/scratch/docbuilder/buildArea/build_1890506/tmp/.job.xml to /work/tmp/scratch/docbuilder/buildArea/build_1890506/tmp/resourceonly.list
[stdout][job-helper] Loading stylesheet /u01/docbuilder/dita-ot-1.8.5/xsl/job-helper.xsl
[stdout]
[stdout]copy-image-check:
[stdout]
[stdout]copy-image-uplevels:
[stdout]     [copy] Copying 8 files to /work/tmp/scratch/docbuilder/buildArea/build_1890506/out
[stdout]
[stdout]copy-image-noraml:
[stdout]
[stdout]copy-image:
[stdout]
[stdout]copy-html-check:
[stdout]
[stdout]copy-html:
[stdout]
[stdout]copy-flag-check:
[stdout]
[stdout]copy-flag:
[stdout]
[stdout]copy-subsidiary-check:
[stdout]
[stdout]copy-subsidiary:
[stdout]
[stdout]copy-generated-files:
[stdout]     [copy] Copying 2 files to /work/tmp/scratch/docbuilder/buildArea/build_1890506/log
[stdout]
[stdout]copy-files:
[stdout]
[stdout]infodev-copy-met-files:
[stdout]
[stdout]infodev-copy-oak-met-files:
[stdout]
[stdout]infodev-copy-images:
[stdout]
[stdout]infodev-copy-files:
[stdout]
[stdout]book-load-metadata:
[stdout]     [xslt] Processing /work/transformations/build_1890506/dita2dita/oracle-data-guard-broker.ditamap to /work/tmp/scratch/docbuilder/buildArea/build_1890506/tmp/bookmap.properties
[stdout]     [xslt] Loading stylesheet /u01/docbuilder/dita-ot-1.8.5/plugins/infodev.fixup/xsl/ditamap2properties.xsl
[stdout][echoproperties] #Ant properties
[stdout][echoproperties] #Sun May 11 21:22:37 PDT 2025
[stdout][echoproperties] ditamap.document.lang=en-US
[stdout]
[stdout]sdl-ishjobticket-file-check:
[stdout]
[stdout]sdl-ishjobticket2properties:
[stdout]     [xslt] Processing /work/transformations/build_1890506/dita2dita/ishjobticket.xml to /work/tmp/scratch/docbuilder/buildArea/build_1890506/tmp/ishjobticket.properties
[stdout]     [xslt] Loading stylesheet /u01/docbuilder/dita-ot-1.8.5/plugins/infodev.fixup/xsl/ishjobticket2properties.xsl
[stdout][echoproperties] #Ant properties
[stdout][echoproperties] #Sun May 11 21:22:37 PDT 2025
[stdout][echoproperties] ishjob.attributes-to-ignore=navtitle, width, height, class, style, id, colnum, colname, align, char, charoff, colwidth, colsep, rowsep, ishcondition, ishresult
[stdout][echoproperties] ishjob.baseline-name=Data Guard Broker-v10.1.1-GUID-D5023ABB-EAA8-4E85-98D4-654CDB9F9A12-2021/07/23 04\:27\:46
[stdout][echoproperties] ishjob.documenttitle=Data Guard Broker
[stdout][echoproperties] ishjob.elements-for-parent-propagation=entry, stentry, colspec, thead, sthead, tbody, dlhead, dthd, ddhd, dt, dd, proptype, propvalue, propdesc, proptypehd, propvaluehd, propdeschd, shape, coords, cmd, stepresult, pt, pd, chhead, choption, chdesc, copyryear, copyrholder, relheader, relcolspec, relcell
[stdout][echoproperties] ishjob.elements-to-skip-children-propagation=image, hazardsymbol, glosssymbol, topicref, topichead, topicgroup, abbrevlist, amendments, appendix, appendices, backmatter, bibliolist, bookabstract, booklist, booklists, chapter, colophon, dedication, draftintro, figurelist, frontmatter, glossarylist, indexlist, notices, part, preface, tablelist, toc, trademarklist, anchorref, keydef, mapref, topicset, topicsetref, glossref
[stdout][echoproperties] ishjob.email-address=weblogic
[stdout][echoproperties] ishjob.event-identifier=EXPORTFORPUBLICATION SDLAPP-0 20250511211055406 916680143
[stdout][echoproperties] ishjob.event-name=EXPORTFORPUBLICATION
[stdout][echoproperties] ishjob.export-document=GUID-D5023ABB-EAA8-4E85-98D4-654CDB9F9A12
[stdout][echoproperties] ishjob.export-document-level=lng
[stdout][echoproperties] ishjob.export-document-type=ISHPublication
[stdout][echoproperties] ishjob.export-ishlngref=8804296
[stdout][echoproperties] ishjob.export-path=C\:\\InfoShare\\Data\\PublishingService\\Data\\DataExports\\GUID-D5023ABB-EAA8-4E85-98D4-654CDB9F9A12.8804296.20250511091055562\\10.1.1\\en-US
[stdout][echoproperties] ishjob.export-report=GUID-D5023ABB-EAA8-4E85-98D4-654CDB9F9A12.report.xml
[stdout][echoproperties] ishjob.export-resources=GUID-03F92E83-CCF0-4C20-8353-099754A95445
[stdout][echoproperties] ishjob.export-start-document=GUID-9F8EAEFC-BE2D-4512-84F7-3642AA17B4DB
[stdout][echoproperties] ishjob.language=en-US
[stdout][echoproperties] ishjob.output-fileextension=zip
[stdout][echoproperties] ishjob.outputformat=XHTML - Title name (readable non-GUID)
[stdout][echoproperties] ishjob.publisher=ccmsapi2016
[stdout][echoproperties] ishjob.releasecandidate=yes
[stdout][echoproperties] ishjob.required-resolution=Print, Default
[stdout][echoproperties] ishjob.resourcelanguage=en-US
[stdout][echoproperties] ishjob.start-date=20250805182040
[stdout]
[stdout]export-document-check:
[stdout]
[stdout]sdl-ishfields2properties:
[stdout]     [xslt] Processing /work/transformations/build_1890506/dita2dita/GUID-D5023ABB-EAA8-4E85-98D4-654CDB9F9A12.met to /work/tmp/scratch/docbuilder/buildArea/build_1890506/tmp/ishfields.properties
[stdout]     [xslt] Loading stylesheet /u01/docbuilder/dita-ot-1.8.5/plugins/infodev.fixup/xsl/ishfields2properties.xsl
[stdout][echoproperties] #Ant properties
[stdout][echoproperties] #Sun May 11 21:22:37 PDT 2025
[stdout][echoproperties] ishfield.created-on=23/07/2021 04\:27\:46
[stdout][echoproperties] ishfield.fchanges=19c\: updates and bug fixes
[stdout][echoproperties] ishfield.fdescription=Describes the Oracle Data Guard broker, a management and monitoring interface that automates many of the tasks involved in configuring and monitoring standby databases in an Oracle Data Guard configuration.
[stdout][echoproperties] ishfield.fishbaseline=Data Guard Broker-v10.1.1-GUID-D5023ABB-EAA8-4E85-98D4-654CDB9F9A12-2021/07/23 04\:27\:46
[stdout][echoproperties] ishfield.fishfallbacklngdefault=en-US
[stdout][echoproperties] ishfield.fishfallbacklngimages=en-US
[stdout][echoproperties] ishfield.fishfallbacklngresources=en-US
[stdout][echoproperties] ishfield.fishmasterref=GUID-9F8EAEFC-BE2D-4512-84F7-3642AA17B4DB
[stdout][echoproperties] ishfield.fishpublicationtype=Book
[stdout][echoproperties] ishfield.fishpubsourcelanguages=en-US
[stdout][echoproperties] ishfield.fishrequiredresolutions=Default
[stdout][echoproperties] ishfield.fishresources=GUID-03F92E83-CCF0-4C20-8353-099754A95445
[stdout][echoproperties] ishfield.fmapid=GUID-D5023ABB-EAA8-4E85-98D4-654CDB9F9A12
[stdout][echoproperties] ishfield.foracopyfirst=1999
[stdout][echoproperties] ishfield.foracopylast=2025
[stdout][echoproperties] ishfield.foradocid=DGBKR
[stdout][echoproperties] ishfield.forapartnum=E96245-04
[stdout][echoproperties] ishfield.foraprintdate=September 2021
[stdout][echoproperties] ishfield.foraprodname=Database
[stdout][echoproperties] ishfield.forapubautogenlinks=nofamily
[stdout][echoproperties] ishfield.forapubbetadraft=none
[stdout][echoproperties] ishfield.forapubbrand=DARB
[stdout][echoproperties] ishfield.forapubpartno=E96245-04
[stdout][echoproperties] ishfield.forapubprintdate=May 2025
[stdout][echoproperties] ishfield.forarelnumber=19.1.0
[stdout][echoproperties] ishfield.foraspcategory=Database
[stdout][echoproperties] ishfield.foraspdesc=Describes the Oracle Data Guard broker, a management and monitoring interface that automates many of the tasks involved in configuring and monitoring standby databases in an Oracle Data Guard configuration.
[stdout][echoproperties] ishfield.forasppalias=dgbkr
[stdout][echoproperties] ishfield.foraspprodgroup=Not Applicable
[stdout][echoproperties] ishfield.foraspproduct=Oracle Database
[stdout][echoproperties] ishfield.forasprelease=Release 19
[stdout][echoproperties] ishfield.foraspsuite=Oracle
[stdout][echoproperties] ishfield.fpubincludecomments=No
[stdout][echoproperties] ishfield.frequestedlanguages=en-US
[stdout][echoproperties] ishfield.ftitle=Data Guard Broker
[stdout][echoproperties] ishfield.modified-on=11/05/2025 21\:11\:03
[stdout][echoproperties] ishfield.version=10.1.1
[stdout]
[stdout]oakf-metadata-file-check:
[stdout]
[stdout]oakf-metadata2properties:
[stdout]
[stdout]sdl-load-metadata:
[stdout]
[stdout]load-metadata:
[stdout]
[stdout]infodev-pullmet:
[stdout]     [xslt] Transforming into /work/tmp/scratch/docbuilder/buildArea/build_1890506/tmp
[stdout]     [xslt] Processing /work/tmp/scratch/docbuilder/buildArea/build_1890506/tmp/oracle-data-guard-broker.ditamap to /work/tmp/scratch/docbuilder/buildArea/build_1890506/tmp/oracle-data-guard-broker.ditamap.pullmet
[stdout]     [xslt] Loading stylesheet /u01/docbuilder/dita-ot-1.8.5/plugins/infodev.fixup/xsl/infodev-pullmet.xsl
[stdout]     [move] Moving 1 file to /work/tmp/scratch/docbuilder/buildArea/build_1890506/tmp
[stdout]
[stdout]conrefpush-check:
[stdout]
[stdout]conrefpush:
[stdout]
[stdout]conref-check:
[stdout]
[stdout]conref:
[stdout]
[stdout]keyref-check:
[stdout]
[stdout]keyref:
[stdout]
[stdout]coderef-check:
[stdout]
[stdout]coderef:
[stdout]
[stdout]mapref-check:
[stdout]
[stdout]mapref:
[stdout]   [mapref] Transforming into /work/tmp/scratch/docbuilder/buildArea/build_1890506/tmp
[stdout]   [mapref] Processing /work/tmp/scratch/docbuilder/buildArea/build_1890506/tmp/oracle-data-guard-broker.ditamap to /work/tmp/scratch/docbuilder/buildArea/build_1890506/tmp/oracle-data-guard-broker.ditamap.ref
[stdout]   [mapref] Loading stylesheet /u01/docbuilder/dita-ot-1.8.5/xsl/preprocess/mapref.xsl
[stdout]     [move] Moving 1 file to /work/tmp/scratch/docbuilder/buildArea/build_1890506/tmp
[stdout]
[stdout]move-meta-entries-check:
[stdout]
[stdout]move-meta-entries:
[stdout][move-meta] Reading /work/tmp/scratch/docbuilder/buildArea/build_1890506/tmp/oracle-data-guard-broker.ditamap
[stdout][move-meta] Processing /work/tmp/scratch/docbuilder/buildArea/build_1890506/tmp/removing-broker-configuration.xml
[stdout][move-meta] Processing /work/tmp/scratch/docbuilder/buildArea/build_1890506/tmp/oracle-data-guard-broker-and-cdbs.xml
[stdout][move-meta] Processing /work/tmp/scratch/docbuilder/buildArea/build_1890506/tmp/disable-configuration1.xml
[stdout][move-meta] Processing /work/tmp/scratch/docbuilder/buildArea/build_1890506/tmp/directing-fast-start-failover-application.xml
[stdout][move-meta] Processing /work/tmp/scratch/docbuilder/buildArea/build_1890506/tmp/archivelagtarget.xml
[stdout][move-meta] Processing /work/tmp/scratch/docbuilder/buildArea/build_1890506/tmp/configuration-object.xml
[stdout][move-meta] Processing /work/tmp/scratch/docbuilder/buildArea/build_1890506/tmp/restrictedrightslegend_ak.xml
[stdout][move-meta] Processing /work/tmp/scratch/docbuilder/buildArea/build_1890506/tmp/transport-lag.xml
[stdout][move-meta] Processing /work/tmp/scratch/docbuilder/buildArea/build_1890506/tmp/creating-configuration-task-4-create-broker-configuration.xml
[stdout][move-meta] Processing /work/tmp/scratch/docbuilder/buildArea/build_1890506/tmp/edit-database-reset-property.xml
[stdout][move-meta] Processing /work/tmp/scratch/docbuilder/buildArea/build_1890506/tmp/disable-and-enable-operations.xml
[stdout][move-meta] Processing /work/tmp/scratch/docbuilder/buildArea/build_1890506/tmp/creating-configuration-task-2-connect-primary-database.xml
[stdout][move-meta] Processing /work/tmp/scratch/docbuilder/buildArea/build_1890506/tmp/managing-observers-multiple-configurations.xml
[stdout][move-meta] Processing /work/tmp/scratch/docbuilder/buildArea/build_1890506/tmp/recvqentries-receive-queue-entries.xml
[stdout][move-meta] Processing /work/tmp/scratch/docbuilder/buildArea/build_1890506/tmp/add-far_sync.xml
[stdout][move-meta] Processing /work/tmp/scratch/docbuilder/buildArea/build_1890506/tmp/configuring-fast-start-failover-observe-only-mode.xml
[stdout][move-meta] Processing /work/tmp/scratch/docbuilder/buildArea/build_1890506/tmp/scenario-9-performing-switchover-operation.xml
[stdout][move-meta] Processing /work/tmp/scratch/docbuilder/buildArea/build_1890506/tmp/data-guard-command-line-interface.xml
[stdout][move-meta] Processing /work/tmp/scratch/docbuilder/buildArea/build_1890506/tmp/logarchiveformat.xml
[stdout][move-meta] Processing /work/tmp/scratch/docbuilder/buildArea/build_1890506/tmp/how-broker-handles-failed-reinstatement.xml
[stdout][move-meta] Processing /work/tmp/scratch/docbuilder/buildArea/build_1890506/tmp/configuration-support.xml
[stdout][move-meta] Processing /work/tmp/scratch/docbuilder/buildArea/build_1890506/tmp/audience.xml
[stdout][move-meta] Processing /work/tmp/scratch/docbuilder/buildArea/build_1890506/tmp/failover1.xml
[stdout][move-meta] Processing /work/tmp/scratch/docbuilder/buildArea/build_1890506/tmp/disable-configuration.xml
[stdout][move-meta] Processing /work/tmp/scratch/docbuilder/buildArea/build_1890506/tmp/sample-content-log-files-observe-only-mode.xml
[stdout][move-meta] Processing /work/tmp/scratch/docbuilder/buildArea/build_1890506/tmp/monitorable-read-only-properties1.xml
[stdout][move-meta] Processing /work/tmp/scratch/docbuilder/buildArea/build_1890506/tmp/database-state-transitions.xml
[stdout][move-meta] Processing /work/tmp/scratch/docbuilder/buildArea/build_1890506/tmp/scenario-5-setting-maximum-availability-mode-far-sync-instance.xml
[stdout][move-meta] Processing /work/tmp/scratch/docbuilder/buildArea/build_1890506/tmp/enabling-fast-start-failover-task-2-specify-target-standby-database-faststartfailovertarget-con.xml
[stdout][move-meta] Processing /work/tmp/scratch/docbuilder/buildArea/build_1890506/tmp/monitorable-read-only-properties.xml
[stdout][move-meta] Processing /work/tmp/scratch/docbuilder/buildArea/build_1890506/tmp/setting-protection-mode-your-configuration.xml
[stdout][move-meta] Processing /work/tmp/scratch/docbuilder/buildArea/build_1890506/tmp/dgmgrl-command-format-and-parameters.xml
[stdout][move-meta] Processing /work/tmp/scratch/docbuilder/buildArea/build_1890506/tmp/enabling-fast-start-failover-task-10-verify-fast-start-failover-environment.xml
[stdout][move-meta] Processing /work/tmp/scratch/docbuilder/buildArea/build_1890506/tmp/using-switchover-command-task-4-issue-switchover-command.xml
[stdout][move-meta] Processing /work/tmp/scratch/docbuilder/buildArea/build_1890506/tmp/oracle-enterprise-manager-cloud-control.xml
[stdout][move-meta] Processing /work/tmp/scratch/docbuilder/buildArea/build_1890506/tmp/changes-oracle-database-release-19c.xml
[stdout][move-meta] Processing /work/tmp/scratch/docbuilder/buildArea/build_1890506/tmp/apply-lag.xml
[stdout][move-meta] Processing /work/tmp/scratch/docbuilder/buildArea/build_1890506/tmp/nettimeout.xml
[stdout][move-meta] Processing /work/tmp/scratch/docbuilder/buildArea/build_1890506/tmp/disable-standby-database.xml
[stdout][move-meta] Processing /work/tmp/scratch/docbuilder/buildArea/build_1890506/tmp/binding.xml
[stdout][move-meta] Processing /work/tmp/scratch/docbuilder/buildArea/build_1890506/tmp/reinstate-database.xml
[stdout][move-meta] Processing /work/tmp/scratch/docbuilder/buildArea/build_1890506/tmp/managing-redo-transport-services-recovery-appliance.xml
[stdout][move-meta] Processing /work/tmp/scratch/docbuilder/buildArea/build_1890506/tmp/scenario-8-performing-routine-management-tasks.xml
[stdout][move-meta] Processing /work/tmp/scratch/docbuilder/buildArea/build_1890506/tmp/managing-data-protection-modes.xml
[stdout][move-meta] Processing /work/tmp/scratch/docbuilder/buildArea/build_1890506/tmp/troubleshooting-oracle-data-guard.xml
[stdout][move-meta] Processing /work/tmp/scratch/docbuilder/buildArea/build_1890506/tmp/applyinstancetimeout.xml
[stdout][move-meta] Processing /work/tmp/scratch/docbuilder/buildArea/build_1890506/tmp/configuration-properties1.xml
[stdout][move-meta] Processing /work/tmp/scratch/docbuilder/buildArea/build_1890506/tmp/configure-conditions-fast-start-failover.xml
[stdout][move-meta] Processing /work/tmp/scratch/docbuilder/buildArea/build_1890506/tmp/choosing-target-standby-database-failover.xml
[stdout][move-meta] Processing /work/tmp/scratch/docbuilder/buildArea/build_1890506/tmp/management-cycle-broker-configuration.xml
[stdout][move-meta] Processing /work/tmp/scratch/docbuilder/buildArea/build_1890506/tmp/start-observer.xml
[stdout][move-meta] Processing /work/tmp/scratch/docbuilder/buildArea/build_1890506/tmp/alphabetanotice_ak.xml
[stdout][move-meta] Processing /work/tmp/scratch/docbuilder/buildArea/build_1890506/tmp/upgrading-oracle-database-10g-and-oracle-database-11g-oracle-database-12c.xml
[stdout][move-meta] Processing /work/tmp/scratch/docbuilder/buildArea/build_1890506/tmp/remove-instance.xml
[stdout][move-meta] Processing /work/tmp/scratch/docbuilder/buildArea/build_1890506/tmp/edit-recovery_appliance-rename.xml
[stdout][move-meta] Processing /work/tmp/scratch/docbuilder/buildArea/build_1890506/tmp/conventions.xml
[stdout][move-meta] Processing /work/tmp/scratch/docbuilder/buildArea/build_1890506/tmp/creating-configuration-task-3-clear-existing-remote-redo-transport-destinations.xml
[stdout][move-meta] Processing /work/tmp/scratch/docbuilder/buildArea/build_1890506/tmp/requirements-removing-database-configuration.xml
[stdout][move-meta] Processing /work/tmp/scratch/docbuilder/buildArea/build_1890506/tmp/validating-server-parameter-files-role-change.xml
[stdout][move-meta] Processing /work/tmp/scratch/docbuilder/buildArea/build_1890506/tmp/validating-network-configuration-role-change.xml
[stdout][move-meta] Processing /work/tmp/scratch/docbuilder/buildArea/build_1890506/tmp/show-observer.xml
[stdout][move-meta] Processing /work/tmp/scratch/docbuilder/buildArea/build_1890506/tmp/transportdisconnectedthreshold.xml
[stdout][move-meta] Processing /work/tmp/scratch/docbuilder/buildArea/build_1890506/tmp/how-protection-modes-influence-broker-operations.xml
[stdout][move-meta] Processing /work/tmp/scratch/docbuilder/buildArea/build_1890506/tmp/scenario-7-enabling-fast-start-failover-when-far-sync-instance-is-use.xml
[stdout][move-meta] Processing /work/tmp/scratch/docbuilder/buildArea/build_1890506/tmp/transportlagthreshold.xml
[stdout][move-meta] Processing /work/tmp/scratch/docbuilder/buildArea/build_1890506/tmp/alter-state-primary-database.xml
[stdout][move-meta] Processing /work/tmp/scratch/docbuilder/buildArea/build_1890506/tmp/shutting-databases-fast-start-failover-environment.xml
[stdout][move-meta] Processing /work/tmp/scratch/docbuilder/buildArea/build_1890506/tmp/preferredobserverhosts.xml
[stdout][move-meta] Processing /work/tmp/scratch/docbuilder/buildArea/build_1890506/tmp/v_fs_failover_stats-view.xml
[stdout][move-meta] Processing /work/tmp/scratch/docbuilder/buildArea/build_1890506/tmp/intended-state.xml
[stdout][move-meta] Processing /work/tmp/scratch/docbuilder/buildArea/build_1890506/tmp/redo-routing-rules.xml
[stdout][move-meta] Processing /work/tmp/scratch/docbuilder/buildArea/build_1890506/tmp/glossary.xml
[stdout][move-meta] Processing /work/tmp/scratch/docbuilder/buildArea/build_1890506/tmp/installing-and-starting-observer.xml
[stdout][move-meta] Processing /work/tmp/scratch/docbuilder/buildArea/build_1890506/tmp/upgrading-or-downgrading-current-protection-mode.xml
[stdout][move-meta] Processing /work/tmp/scratch/docbuilder/buildArea/build_1890506/tmp/how-broker-performs-immediate-failover-operation.xml
[stdout][move-meta] Processing /work/tmp/scratch/docbuilder/buildArea/build_1890506/tmp/how-broker-performs-complete-failover-operation.xml
[stdout][move-meta] Processing /work/tmp/scratch/docbuilder/buildArea/build_1890506/tmp/redo-accumulating-primary-is-not-sent-some-standby-databases.xml
[stdout][move-meta] Processing /work/tmp/scratch/docbuilder/buildArea/build_1890506/tmp/standby-database.xml
[stdout][move-meta] Processing /work/tmp/scratch/docbuilder/buildArea/build_1890506/tmp/disabling-observe-only-mode-fast-start-failover.xml
[stdout][move-meta] Processing /work/tmp/scratch/docbuilder/buildArea/build_1890506/tmp/importing-broker-configuration.xml
[stdout][move-meta] Processing /work/tmp/scratch/docbuilder/buildArea/build_1890506/tmp/sources-diagnostic-information.xml
[stdout][move-meta] Processing /work/tmp/scratch/docbuilder/buildArea/build_1890506/tmp/slash-command.xml
[stdout][move-meta] Processing /work/tmp/scratch/docbuilder/buildArea/build_1890506/tmp/edit-database-reset-paramater.xml
[stdout][move-meta] Processing /work/tmp/scratch/docbuilder/buildArea/build_1890506/tmp/logxptmode.xml
[stdout][move-meta] Processing /work/tmp/scratch/docbuilder/buildArea/build_1890506/tmp/creating-configuration-task-1-invoke-dgmgrl.xml
[stdout][move-meta] Processing /work/tmp/scratch/docbuilder/buildArea/build_1890506/tmp/edit-configuration-property.xml
[stdout][move-meta] Processing /work/tmp/scratch/docbuilder/buildArea/build_1890506/tmp/faststartfailoverautoreinstate.xml
[stdout][move-meta] Processing /work/tmp/scratch/docbuilder/buildArea/build_1890506/tmp/oracle-data-guard-broker-upgrading-and-downgrading.xml
[stdout][move-meta] Processing /work/tmp/scratch/docbuilder/buildArea/build_1890506/tmp/stopping-observer.xml
[stdout][move-meta] Processing /work/tmp/scratch/docbuilder/buildArea/build_1890506/tmp/show-fast_start-failover.xml
[stdout][move-meta] Processing /work/tmp/scratch/docbuilder/buildArea/build_1890506/tmp/sql-apply.xml
[stdout][move-meta] Processing /work/tmp/scratch/docbuilder/buildArea/build_1890506/tmp/troubleshooting-problems-switchover-operation.xml
[stdout][move-meta] Processing /work/tmp/scratch/docbuilder/buildArea/build_1890506/tmp/viewing-fast-start-failover-configuration-statistics-and-status.xml
[stdout][move-meta] Processing /work/tmp/scratch/docbuilder/buildArea/build_1890506/tmp/logarchivemaxprocesses.xml
[stdout][move-meta] Processing /work/tmp/scratch/docbuilder/buildArea/build_1890506/tmp/show-observers.xml
[stdout][move-meta] Processing /work/tmp/scratch/docbuilder/buildArea/build_1890506/tmp/enabling-fast-start-failover-task-8-using-dgmgrl-or-cloud-control.xml
[stdout][move-meta] Processing /work/tmp/scratch/docbuilder/buildArea/build_1890506/tmp/validate-database-datafile.xml
[stdout][move-meta] Processing /work/tmp/scratch/docbuilder/buildArea/build_1890506/tmp/set-oberverconfigfile.xml
[stdout][move-meta] Processing /work/tmp/scratch/docbuilder/buildArea/build_1890506/tmp/managing-multi-instance-redo-apply.xml
[stdout][move-meta] Processing /work/tmp/scratch/docbuilder/buildArea/build_1890506/tmp/enabling-fast-start-failover-task-1-determine-which-available-standby-databases-is-best-target-.xml
[stdout][move-meta] Processing /work/tmp/scratch/docbuilder/buildArea/build_1890506/tmp/stop-observing.xml
[stdout][move-meta] Processing /work/tmp/scratch/docbuilder/buildArea/build_1890506/tmp/show-configuration.xml
[stdout][move-meta] Processing /work/tmp/scratch/docbuilder/buildArea/build_1890506/tmp/many-log-files-are-received-standby-database-not-applied.xml
[stdout][move-meta] Processing /work/tmp/scratch/docbuilder/buildArea/build_1890506/tmp/edit-database-state.xml
[stdout][move-meta] Processing /work/tmp/scratch/docbuilder/buildArea/build_1890506/tmp/standbyalternatelocation.xml
[stdout][move-meta] Processing /work/tmp/scratch/docbuilder/buildArea/build_1890506/tmp/shutting-primary-database-when-fast-start-failover-is-enabled.xml
[stdout][move-meta] Processing /work/tmp/scratch/docbuilder/buildArea/build_1890506/tmp/edit-database-rename.xml
[stdout][move-meta] Processing /work/tmp/scratch/docbuilder/buildArea/build_1890506/tmp/externaldestination2.xml
[stdout][move-meta] Processing /work/tmp/scratch/docbuilder/buildArea/build_1890506/tmp/creating-configuration-task-5-show-configuration-information.xml
[stdout][move-meta] Processing /work/tmp/scratch/docbuilder/buildArea/build_1890506/tmp/applyparallel.xml
[stdout][move-meta] Processing /work/tmp/scratch/docbuilder/buildArea/build_1890506/tmp/oracle-data-guard-monitor-dmon-process.xml
[stdout][move-meta] Processing /work/tmp/scratch/docbuilder/buildArea/build_1890506/tmp/disable-fast_start-failover.xml
[stdout][move-meta] Processing /work/tmp/scratch/docbuilder/buildArea/build_1890506/tmp/enable-database.xml
[stdout][move-meta] Processing /work/tmp/scratch/docbuilder/buildArea/build_1890506/tmp/oracle-data-guard-specific-fan-and-fcf-configuration-requirements.xml
[stdout][move-meta] Processing /work/tmp/scratch/docbuilder/buildArea/build_1890506/tmp/managing-broker-configuration-files-oracle-rac-environment.xml
[stdout][move-meta] Processing /work/tmp/scratch/docbuilder/buildArea/build_1890506/tmp/set-echo.xml
[stdout][move-meta] Processing /work/tmp/scratch/docbuilder/buildArea/build_1890506/tmp/renaming-broker-configuration-files.xml
[stdout][move-meta] Processing /work/tmp/scratch/docbuilder/buildArea/build_1890506/tmp/exporting-broker-configuration.xml
[stdout][move-meta] Processing /work/tmp/scratch/docbuilder/buildArea/build_1890506/tmp/enable-fast_start-failover-condition.xml
[stdout][move-meta] Processing /work/tmp/scratch/docbuilder/buildArea/build_1890506/tmp/failed-failovers-logical-standby-databases.xml
[stdout][move-meta] Processing /work/tmp/scratch/docbuilder/buildArea/build_1890506/tmp/remove-recovery_appliance.xml
[stdout][move-meta] Processing /work/tmp/scratch/docbuilder/buildArea/build_1890506/tmp/reinstatement.xml
[stdout][move-meta] Processing /work/tmp/scratch/docbuilder/buildArea/build_1890506/tmp/removing-standby-database-configuration.xml
[stdout][move-meta] Processing /work/tmp/scratch/docbuilder/buildArea/build_1890506/tmp/failover-operations.xml
[stdout][move-meta] Processing /work/tmp/scratch/docbuilder/buildArea/build_1890506/tmp/lsbymaxeventsrecorded.xml
[stdout][move-meta] Processing /work/tmp/scratch/docbuilder/buildArea/build_1890506/tmp/monitoring-configuration-task-1-check-configuration-status.xml
[stdout][move-meta] Processing /work/tmp/scratch/docbuilder/buildArea/build_1890506/tmp/requirements-other-operations.xml
[stdout][move-meta] Processing /work/tmp/scratch/docbuilder/buildArea/build_1890506/tmp/set-trace_level.xml
[stdout][move-meta] Processing /work/tmp/scratch/docbuilder/buildArea/build_1890506/tmp/troubleshooting-problems-failover-operation.xml
[stdout][move-meta] Processing /work/tmp/scratch/docbuilder/buildArea/build_1890506/tmp/edit-recovery_appliance-parameter.xml
[stdout][move-meta] Processing /work/tmp/scratch/docbuilder/buildArea/build_1890506/tmp/disabling-far-sync-instance.xml
[stdout][move-meta] Processing /work/tmp/scratch/docbuilder/buildArea/build_1890506/tmp/edit-configuration-rename.xml
[stdout][move-meta] Processing /work/tmp/scratch/docbuilder/buildArea/build_1890506/tmp/patching-environment-when-observer-is-running-and-fast-start-failover-is-enabled.xml
[stdout][move-meta] Processing /work/tmp/scratch/docbuilder/buildArea/build_1890506/tmp/overview-switchover-and-failover-broker-environment.xml
[stdout][move-meta] Processing /work/tmp/scratch/docbuilder/buildArea/build_1890506/tmp/licensenotice_ak.xml
[stdout][move-meta] Processing /work/tmp/scratch/docbuilder/buildArea/build_1890506/tmp/oracle-data-guard-broker-user-interfaces.xml
[stdout][move-meta] Processing /work/tmp/scratch/docbuilder/buildArea/build_1890506/tmp/validate-database.xml
[stdout][move-meta] Processing /work/tmp/scratch/docbuilder/buildArea/build_1890506/tmp/performing-manual-failover-task-4-establish-disaster-recovery-configuration.xml
[stdout][move-meta] Processing /work/tmp/scratch/docbuilder/buildArea/build_1890506/tmp/standbyfilemanagement.xml
[stdout][move-meta] Processing /work/tmp/scratch/docbuilder/buildArea/build_1890506/tmp/disable-database.xml
[stdout][move-meta] Processing /work/tmp/scratch/docbuilder/buildArea/build_1890506/tmp/complete-and-immediate-manual-failovers.xml
[stdout][move-meta] Processing /work/tmp/scratch/docbuilder/buildArea/build_1890506/tmp/remove-configuration.xml
[stdout][move-meta] Processing /work/tmp/scratch/docbuilder/buildArea/build_1890506/tmp/enabling-fast-start-failover-task-4-set-faststartfailoverthreshold-configuration-property.xml
[stdout][move-meta] Processing /work/tmp/scratch/docbuilder/buildArea/build_1890506/tmp/host.xml
[stdout][move-meta] Processing /work/tmp/scratch/docbuilder/buildArea/build_1890506/tmp/when-fast-start-failover-is-enabled-and-observer-is-running.xml
[stdout][move-meta] Processing /work/tmp/scratch/docbuilder/buildArea/build_1890506/tmp/enabling-fast-start-failover-task-9-start-observer.xml
[stdout][move-meta] Processing /work/tmp/scratch/docbuilder/buildArea/build_1890506/tmp/other-redo-transport-settings.xml
[stdout][move-meta] Processing /work/tmp/scratch/docbuilder/buildArea/build_1890506/tmp/reopensecs.xml
[stdout][move-meta] Processing /work/tmp/scratch/docbuilder/buildArea/build_1890506/tmp/edit-database-parameter.xml
[stdout][move-meta] Processing /work/tmp/scratch/docbuilder/buildArea/build_1890506/tmp/enable-fast_start-failover.xml
[stdout][move-meta] Processing /work/tmp/scratch/docbuilder/buildArea/build_1890506/tmp/convert-database.xml
[stdout][move-meta] Processing /work/tmp/scratch/docbuilder/buildArea/build_1890506/tmp/changes-oracle-database-release-18c-version-18.1.xml
[stdout][move-meta] Processing /work/tmp/scratch/docbuilder/buildArea/build_1890506/tmp/managing-members-broker-configuration.xml
[stdout][move-meta] Processing /work/tmp/scratch/docbuilder/buildArea/build_1890506/tmp/problems-because-observer-has-stopped.xml
[stdout][move-meta] Processing /work/tmp/scratch/docbuilder/buildArea/build_1890506/tmp/specifying-locations-archived-redo-log-files.xml
[stdout][move-meta] Processing /work/tmp/scratch/docbuilder/buildArea/build_1890506/tmp/show-database.xml
[stdout][move-meta] Processing /work/tmp/scratch/docbuilder/buildArea/build_1890506/tmp/edit-configuration-reset-property.xml
[stdout][move-meta] Processing /work/tmp/scratch/docbuilder/buildArea/build_1890506/tmp/webcontentnotice_ak.xml
[stdout][move-meta] Processing /work/tmp/scratch/docbuilder/buildArea/build_1890506/tmp/validate-database-spfile.xml
[stdout][move-meta] Processing /work/tmp/scratch/docbuilder/buildArea/build_1890506/tmp/show-all.xml
[stdout][move-meta] Processing /work/tmp/scratch/docbuilder/buildArea/build_1890506/tmp/scenario-15-exporting-and-importing-broker-configuration-file.xml
[stdout][move-meta] Processing /work/tmp/scratch/docbuilder/buildArea/build_1890506/tmp/scenario-14-adding-recovery-appliance-broker-configuration.xml
[stdout][move-meta] Processing /work/tmp/scratch/docbuilder/buildArea/build_1890506/tmp/disable-fast_start-failover-condition.xml
[stdout][move-meta] Processing /work/tmp/scratch/docbuilder/buildArea/build_1890506/tmp/redocompression.xml
[stdout][move-meta] Processing /work/tmp/scratch/docbuilder/buildArea/build_1890506/tmp/oracle-data-guard-broker1.xml
[stdout][move-meta] Processing /work/tmp/scratch/docbuilder/buildArea/build_1890506/tmp/configurationwideservicename.xml
[stdout][move-meta] Processing /work/tmp/scratch/docbuilder/buildArea/build_1890506/tmp/managing-log-apply-services.xml
[stdout][move-meta] Processing /work/tmp/scratch/docbuilder/buildArea/build_1890506/tmp/performance-considerations-fast-start-failover.xml
[stdout][move-meta] Processing /work/tmp/scratch/docbuilder/buildArea/build_1890506/tmp/reenabling-disabled-databases-role-change.xml
[stdout][move-meta] Processing /work/tmp/scratch/docbuilder/buildArea/build_1890506/tmp/manual-failover.xml
[stdout][move-meta] Processing /work/tmp/scratch/docbuilder/buildArea/build_1890506/tmp/logfilenameconvert.xml
[stdout][move-meta] Processing /work/tmp/scratch/docbuilder/buildArea/build_1890506/tmp/data-guard-configuration.xml
[stdout][move-meta] Processing /work/tmp/scratch/docbuilder/buildArea/build_1890506/tmp/enable-and-disable-operations.xml
[stdout][move-meta] Processing /work/tmp/scratch/docbuilder/buildArea/build_1890506/tmp/managing-states-broker-configuration-members.xml
[stdout][move-meta] Processing /work/tmp/scratch/docbuilder/buildArea/build_1890506/tmp/configuring-observe-only-mode-fast-start-failover.xml
[stdout][move-meta] Processing /work/tmp/scratch/docbuilder/buildArea/build_1890506/tmp/sendqentries-send-queue-entries.xml
[stdout][move-meta] Processing /work/tmp/scratch/docbuilder/buildArea/build_1890506/tmp/exiting-data-guard-command-line-interface.xml
[stdout][move-meta] Processing /work/tmp/scratch/docbuilder/buildArea/build_1890506/tmp/preface.xml
[stdout][move-meta] Processing /work/tmp/scratch/docbuilder/buildArea/build_1890506/tmp/scenario-13-monitoring-data-guard-configuration.xml
[stdout][move-meta] Processing /work/tmp/scratch/docbuilder/buildArea/build_1890506/tmp/apply-services-oracle-rac-database-environment.xml
[stdout][move-meta] Processing /work/tmp/scratch/docbuilder/buildArea/build_1890506/tmp/inconsistentlogxptprops-inconsistent-redo-transport-properties.xml
[stdout][move-meta] Processing /work/tmp/scratch/docbuilder/buildArea/build_1890506/tmp/shared-global-topic-documentation-accessibility.xml
[stdout][move-meta] Processing /work/tmp/scratch/docbuilder/buildArea/build_1890506/tmp/lsbyrecordskipddl.xml
[stdout][move-meta] Processing /work/tmp/scratch/docbuilder/buildArea/build_1890506/tmp/default-state.xml
[stdout][move-meta] Processing /work/tmp/scratch/docbuilder/buildArea/build_1890506/tmp/preferredapplyinstance.xml
[stdout][move-meta] Processing /work/tmp/scratch/docbuilder/buildArea/build_1890506/tmp/resetting-broker-configurable-properties-default-values.xml
[stdout][move-meta] Processing /work/tmp/scratch/docbuilder/buildArea/build_1890506/tmp/faststartfailovertarget.xml
[stdout][move-meta] Processing /work/tmp/scratch/docbuilder/buildArea/build_1890506/tmp/reset-property-its-default-value.xml
[stdout][move-meta] Processing /work/tmp/scratch/docbuilder/buildArea/build_1890506/tmp/set-fast_start-failover-target.xml
[stdout][move-meta] Processing /work/tmp/scratch/docbuilder/buildArea/build_1890506/tmp/alter-state-standby-database.xml
[stdout][move-meta] Processing /work/tmp/scratch/docbuilder/buildArea/build_1890506/tmp/performing-manual-role-changes-when-fast-start-failover-is-enabled.xml
[stdout][move-meta] Processing /work/tmp/scratch/docbuilder/buildArea/build_1890506/tmp/oracle-data-guard-command-line-interface-dgmgrl.xml
[stdout][move-meta] Processing /work/tmp/scratch/docbuilder/buildArea/build_1890506/tmp/create-configuration.xml
[stdout][move-meta] Processing /work/tmp/scratch/docbuilder/buildArea/build_1890506/tmp/validate-far_sync.xml
[stdout][move-meta] Processing /work/tmp/scratch/docbuilder/buildArea/build_1890506/tmp/general-problems-and-solutions.xml
[stdout][move-meta] Processing /work/tmp/scratch/docbuilder/buildArea/build_1890506/tmp/starting-switchover.xml
[stdout][move-meta] Processing /work/tmp/scratch/docbuilder/buildArea/build_1890506/tmp/applylagthreshold.xml
[stdout][move-meta] Processing /work/tmp/scratch/docbuilder/buildArea/build_1890506/tmp/managing-parallel-apply-redo-apply.xml
[stdout][move-meta] Processing /work/tmp/scratch/docbuilder/buildArea/build_1890506/tmp/restrictions-when-fast-start-failover-is-enabled.xml
[stdout][move-meta] Processing /work/tmp/scratch/docbuilder/buildArea/build_1890506/tmp/prerequisites-getting-started.xml
[stdout][move-meta] Processing /work/tmp/scratch/docbuilder/buildArea/build_1890506/tmp/snapshot-standby-database.xml
[stdout][move-meta] Processing /work/tmp/scratch/docbuilder/buildArea/build_1890506/tmp/viewing-information-master-observer.xml
[stdout][move-meta] Processing /work/tmp/scratch/docbuilder/buildArea/build_1890506/tmp/validate-fast_start-failover-19c.xml
[stdout][move-meta] Processing /work/tmp/scratch/docbuilder/buildArea/build_1890506/tmp/choosing-target-standby-database.xml
[stdout][move-meta] Processing /work/tmp/scratch/docbuilder/buildArea/build_1890506/tmp/lsbymaxsga.xml
[stdout][move-meta] Processing /work/tmp/scratch/docbuilder/buildArea/build_1890506/tmp/bystander-standby-database.xml
[stdout][move-meta] Processing /work/tmp/scratch/docbuilder/buildArea/build_1890506/tmp/enable-far_sync.xml
[stdout][move-meta] Processing /work/tmp/scratch/docbuilder/buildArea/build_1890506/tmp/set-time.xml
[stdout][move-meta] Processing /work/tmp/scratch/docbuilder/buildArea/build_1890506/tmp/maxfailure.xml
[stdout][move-meta] Processing /work/tmp/scratch/docbuilder/buildArea/build_1890506/tmp/turning-redo-transport-services-and.xml
[stdout][move-meta] Processing /work/tmp/scratch/docbuilder/buildArea/build_1890506/tmp/observeroverride.xml
[stdout][move-meta] Processing /work/tmp/scratch/docbuilder/buildArea/build_1890506/tmp/pregeneralavailabilitydraftlabelandpublicationdate_ak.xml
[stdout][move-meta] Processing /work/tmp/scratch/docbuilder/buildArea/build_1890506/tmp/logical-standby-database.xml
[stdout][move-meta] Processing /work/tmp/scratch/docbuilder/buildArea/build_1890506/tmp/standby-fails-automatically-start-due-unknown-service-ora-12514.xml
[stdout][move-meta] Processing /work/tmp/scratch/docbuilder/buildArea/build_1890506/tmp/edit-recovery_appliance-reset-parameter.xml
[stdout][move-meta] Processing /work/tmp/scratch/docbuilder/buildArea/build_1890506/tmp/logarchivetrace.xml
[stdout][move-meta] Processing /work/tmp/scratch/docbuilder/buildArea/build_1890506/tmp/using-switchover-command-task-5-show-configuration.xml
[stdout][move-meta] Processing /work/tmp/scratch/docbuilder/buildArea/build_1890506/tmp/exit.xml
[stdout][move-meta] Processing /work/tmp/scratch/docbuilder/buildArea/build_1890506/tmp/prerequisites.xml
[stdout][move-meta] Processing /work/tmp/scratch/docbuilder/buildArea/build_1890506/tmp/remove-database.xml
[stdout][move-meta] Processing /work/tmp/scratch/docbuilder/buildArea/build_1890506/tmp/managing-database-properties.xml
[stdout][move-meta] Processing /work/tmp/scratch/docbuilder/buildArea/build_1890506/tmp/delaymins.xml
[stdout][move-meta] Processing /work/tmp/scratch/docbuilder/buildArea/build_1890506/tmp/switchover-operations.xml
[stdout][move-meta] Processing /work/tmp/scratch/docbuilder/buildArea/build_1890506/tmp/disable-recovery_appliance.xml
[stdout][move-meta] Processing /work/tmp/scratch/docbuilder/buildArea/build_1890506/tmp/capturing-observer-actions-observer-log-file.xml
[stdout][move-meta] Processing /work/tmp/scratch/docbuilder/buildArea/build_1890506/tmp/configuration-properties.xml
[stdout][move-meta] Processing /work/tmp/scratch/docbuilder/buildArea/build_1890506/tmp/confidentiallabelnotice_ak.xml
[stdout][move-meta] Processing /work/tmp/scratch/docbuilder/buildArea/build_1890506/tmp/enabling-fast-start-failover-task-3-determine-protection-mode-you-want.xml
[stdout][move-meta] Processing /work/tmp/scratch/docbuilder/buildArea/build_1890506/tmp/managing-broker-configuration-members.xml
[stdout][move-meta] Processing /work/tmp/scratch/docbuilder/buildArea/build_1890506/tmp/configure-properties-tune-fast-start-failover.xml
[stdout][move-meta] Processing /work/tmp/scratch/docbuilder/buildArea/build_1890506/tmp/reinstating-former-primary-database-broker-configuration.xml
[stdout][move-meta] Processing /work/tmp/scratch/docbuilder/buildArea/build_1890506/tmp/database-status.xml
[stdout][move-meta] Processing /work/tmp/scratch/docbuilder/buildArea/build_1890506/tmp/setting-protection-mode-task-3-set-redo-transport-mode.xml
[stdout][move-meta] Processing /work/tmp/scratch/docbuilder/buildArea/build_1890506/tmp/disable-far_sync.xml
[stdout][move-meta] Processing /work/tmp/scratch/docbuilder/buildArea/build_1890506/tmp/enabling-fast-start-failover-task-6-enable-additional-fast-start-failover-conditions-optional.xml
[stdout][move-meta] Processing /work/tmp/scratch/docbuilder/buildArea/build_1890506/tmp/add-recovery_appliance.xml
[stdout][move-meta] Processing /work/tmp/scratch/docbuilder/buildArea/build_1890506/tmp/database-client-considerations.xml
[stdout][move-meta] Processing /work/tmp/scratch/docbuilder/buildArea/build_1890506/tmp/far-sync-instance.xml
[stdout][move-meta] Processing /work/tmp/scratch/docbuilder/buildArea/build_1890506/tmp/oracle-data-guard-broker-components.xml
[stdout][move-meta] Processing /work/tmp/scratch/docbuilder/buildArea/build_1890506/tmp/edit-far_sync.xml
[stdout][move-meta] Processing /work/tmp/scratch/docbuilder/buildArea/build_1890506/tmp/selecting-apply-instance.xml
[stdout][move-meta] Processing /work/tmp/scratch/docbuilder/buildArea/build_1890506/tmp/validating-static-connect-identifier-role-change.xml
[stdout][move-meta] Processing /work/tmp/scratch/docbuilder/buildArea/build_1890506/tmp/communicationtimeout.xml
[stdout][move-meta] Processing /work/tmp/scratch/docbuilder/buildArea/build_1890506/tmp/scenario-3-enabling-configuration-and-databases.xml
[stdout][move-meta] Processing /work/tmp/scratch/docbuilder/buildArea/build_1890506/tmp/creating-configuration-task-6-add-standby-database-configuration.xml
[stdout][move-meta] Processing /work/tmp/scratch/docbuilder/buildArea/build_1890506/tmp/choosing-target-standby-database-switchover.xml
[stdout][move-meta] Processing /work/tmp/scratch/docbuilder/buildArea/build_1890506/tmp/performing-manual-failover-task-3-reset-protection-mode.xml
[stdout][move-meta] Processing /work/tmp/scratch/docbuilder/buildArea/build_1890506/tmp/scenario-12-converting-physical-standby-snapshot-standby.xml
[stdout][move-meta] Processing /work/tmp/scratch/docbuilder/buildArea/build_1890506/tmp/lsbymaxservers.xml
[stdout][move-meta] Processing /work/tmp/scratch/docbuilder/buildArea/build_1890506/tmp/considerations-while-using-dbms_rolling-package.xml
[stdout][move-meta] Processing /work/tmp/scratch/docbuilder/buildArea/build_1890506/tmp/how-create-and-reenable-disabled-database.xml
[stdout][move-meta] Processing /work/tmp/scratch/docbuilder/buildArea/build_1890506/tmp/oracle-data-guard-installation.xml
[stdout][move-meta] Processing /work/tmp/scratch/docbuilder/buildArea/build_1890506/tmp/viewing-information-all-observers.xml
[stdout][move-meta] Processing /work/tmp/scratch/docbuilder/buildArea/build_1890506/tmp/application-continuity.xml
[stdout][move-meta] Processing /work/tmp/scratch/docbuilder/buildArea/build_1890506/tmp/overview-oracle-data-guard-and-broker.xml
[stdout][move-meta] Processing /work/tmp/scratch/docbuilder/buildArea/build_1890506/tmp/scenario-1-creating-configuration.xml
[stdout][move-meta] Processing /work/tmp/scratch/docbuilder/buildArea/build_1890506/tmp/show-far_sync.xml
[stdout][move-meta] Processing /work/tmp/scratch/docbuilder/buildArea/build_1890506/tmp/oracle-data-guard-monitor.xml
[stdout][move-meta] Processing /work/tmp/scratch/docbuilder/buildArea/build_1890506/tmp/primarylostwriteaction.xml
[stdout][move-meta] Processing /work/tmp/scratch/docbuilder/buildArea/build_1890506/tmp/redo-transport-services-oracle-rac-database-environment.xml
[stdout][move-meta] Processing /work/tmp/scratch/docbuilder/buildArea/build_1890506/tmp/lsbyrecordskiperrors.xml
[stdout][move-meta] Processing /work/tmp/scratch/docbuilder/buildArea/build_1890506/tmp/managing-delayed-apply.xml
[stdout][move-meta] Processing /work/tmp/scratch/docbuilder/buildArea/build_1890506/tmp/redoroutes.xml
[stdout][move-meta] Processing /work/tmp/scratch/docbuilder/buildArea/build_1890506/tmp/using-oracle-asm-disk-groups-configuration-files.xml
[stdout][move-meta] Processing /work/tmp/scratch/docbuilder/buildArea/build_1890506/tmp/ora-16596-database-not-part-oracle-data-guard-broker-configuration.xml
[stdout][move-meta] Processing /work/tmp/scratch/docbuilder/buildArea/build_1890506/tmp/oracle-data-guard-command-line-interface-reference.xml
[stdout][move-meta] Processing /work/tmp/scratch/docbuilder/buildArea/build_1890506/tmp/export-configuration.xml
[stdout][move-meta] Processing /work/tmp/scratch/docbuilder/buildArea/build_1890506/tmp/failed-broker-immediate-physical-failovers.xml
[stdout][move-meta] Processing /work/tmp/scratch/docbuilder/buildArea/build_1890506/tmp/lights-computing.xml
[stdout][move-meta] Processing /work/tmp/scratch/docbuilder/buildArea/build_1890506/tmp/removing-configuration_-standby-database_-or-far-sync-instance.xml
[stdout][move-meta] Processing /work/tmp/scratch/docbuilder/buildArea/build_1890506/tmp/scenario-16-using-observe-only-mode-fast-start-failover.xml
[stdout][move-meta] Processing /work/tmp/scratch/docbuilder/buildArea/build_1890506/tmp/benefits-oracle-data-guard-broker.xml
[stdout][move-meta] Processing /work/tmp/scratch/docbuilder/buildArea/build_1890506/tmp/show-configuration-when-primary-is.xml
[stdout][move-meta] Processing /work/tmp/scratch/docbuilder/buildArea/build_1890506/tmp/apply-instance.xml
[stdout][move-meta] Processing /work/tmp/scratch/docbuilder/buildArea/build_1890506/tmp/topwaitevents.xml
[stdout][move-meta] Processing /work/tmp/scratch/docbuilder/buildArea/build_1890506/tmp/oracle-net-configuration-requirements.xml
[stdout][move-meta] Processing /work/tmp/scratch/docbuilder/buildArea/build_1890506/tmp/apply-instance-failover.xml
[stdout][move-meta] Processing /work/tmp/scratch/docbuilder/buildArea/build_1890506/tmp/quit.xml
[stdout][move-meta] Processing /work/tmp/scratch/docbuilder/buildArea/build_1890506/tmp/validate-static-connect-identifier.xml
[stdout][move-meta] Processing /work/tmp/scratch/docbuilder/buildArea/build_1890506/tmp/manual-failover1.xml
[stdout][move-meta] Processing /work/tmp/scratch/docbuilder/buildArea/build_1890506/tmp/setting-protection-mode-task-1-determine-which-data-protection-mode-you-want-use.xml
[stdout][move-meta] Processing /work/tmp/scratch/docbuilder/buildArea/build_1890506/tmp/lsbyrecordappliedddl.xml
[stdout][move-meta] Processing /work/tmp/scratch/docbuilder/buildArea/build_1890506/tmp/you-perform-switchover-operation.xml
[stdout][move-meta] Processing /work/tmp/scratch/docbuilder/buildArea/build_1890506/tmp/moving-observer-another-computer.xml
[stdout][move-meta] Processing /work/tmp/scratch/docbuilder/buildArea/build_1890506/tmp/managing-observer.xml
[stdout][move-meta] Processing /work/tmp/scratch/docbuilder/buildArea/build_1890506/tmp/enabling-fast-start-failover-task-5-set-other-properties-related-fast-start-failover-optional.xml
[stdout][move-meta] Processing /work/tmp/scratch/docbuilder/buildArea/build_1890506/tmp/primary-database-is-flashed-back.xml
[stdout][move-meta] Processing /work/tmp/scratch/docbuilder/buildArea/build_1890506/tmp/remove-far_sync.xml
[stdout][move-meta] Processing /work/tmp/scratch/docbuilder/buildArea/build_1890506/tmp/configurationsimplename.xml
[stdout][move-meta] Processing /work/tmp/scratch/docbuilder/buildArea/build_1890506/tmp/oracle-data-guard-broker-properties.xml
[stdout][move-meta] Processing /work/tmp/scratch/docbuilder/buildArea/build_1890506/tmp/prerequisites-enabling-fast-start-failover.xml
[stdout][move-meta] Processing /work/tmp/scratch/docbuilder/buildArea/build_1890506/tmp/enable-configuration.xml
[stdout][move-meta] Processing /work/tmp/scratch/docbuilder/buildArea/build_1890506/tmp/operationtimeout.xml
[stdout][move-meta] Processing /work/tmp/scratch/docbuilder/buildArea/build_1890506/tmp/warrantnotice_ak.xml
[stdout][move-meta] Processing /work/tmp/scratch/docbuilder/buildArea/build_1890506/tmp/help.xml
[stdout][move-meta] Processing /work/tmp/scratch/docbuilder/buildArea/build_1890506/tmp/faststartfailoverlaglimit.xml
[stdout][move-meta] Processing /work/tmp/scratch/docbuilder/buildArea/build_1890506/tmp/database-guard.xml
[stdout][move-meta] Processing /work/tmp/scratch/docbuilder/buildArea/build_1890506/tmp/managing-observers-connection-primary.xml
[stdout][move-meta] Processing /work/tmp/scratch/docbuilder/buildArea/build_1890506/tmp/fast-start-failover.xml
[stdout][move-meta] Processing /work/tmp/scratch/docbuilder/buildArea/build_1890506/tmp/alter-database-property.xml
[stdout][move-meta] Processing /work/tmp/scratch/docbuilder/buildArea/build_1890506/tmp/database-object.xml
[stdout][move-meta] Processing /work/tmp/scratch/docbuilder/buildArea/build_1890506/tmp/broker-configuration.xml
[stdout][move-meta] Processing /work/tmp/scratch/docbuilder/buildArea/build_1890506/tmp/configurable-properties.xml
[stdout][move-meta] Processing /work/tmp/scratch/docbuilder/buildArea/build_1890506/tmp/show-recovery_appliance.xml
[stdout][move-meta] Processing /work/tmp/scratch/docbuilder/buildArea/build_1890506/tmp/start-observer-background.xml
[stdout][move-meta] Processing /work/tmp/scratch/docbuilder/buildArea/build_1890506/tmp/bystandersfollowrolechange.xml
[stdout][move-meta] Processing /work/tmp/scratch/docbuilder/buildArea/build_1890506/tmp/switchover-and-failover-operations.xml
[stdout][move-meta] Processing /work/tmp/scratch/docbuilder/buildArea/build_1890506/tmp/instancename.xml
[stdout][move-meta] Processing /work/tmp/scratch/docbuilder/buildArea/build_1890506/tmp/managing-fast-start-failover.xml
[stdout][move-meta] Processing /work/tmp/scratch/docbuilder/buildArea/build_1890506/tmp/dgmgrl-optional-parameters.xml
[stdout][move-meta] Processing /work/tmp/scratch/docbuilder/buildArea/build_1890506/tmp/managing-database-conversions.xml
[stdout][move-meta] Processing /work/tmp/scratch/docbuilder/buildArea/build_1890506/tmp/oracle-data-guard-broker-and-oracle-global-data-services.xml
[stdout][move-meta] Processing /work/tmp/scratch/docbuilder/buildArea/build_1890506/tmp/broker.xml
[stdout][move-meta] Processing /work/tmp/scratch/docbuilder/buildArea/build_1890506/tmp/lsbypreservecommitorder.xml
[stdout][move-meta] Processing /work/tmp/scratch/docbuilder/buildArea/build_1890506/tmp/monitoring-configuration-task-3-check-logxptstatus-monitorable-property.xml
[stdout][move-meta] Processing /work/tmp/scratch/docbuilder/buildArea/build_1890506/tmp/ons-configuration-requirements.xml
[stdout][move-meta] Processing /work/tmp/scratch/docbuilder/buildArea/build_1890506/tmp/related-documents.xml
[stdout][move-meta] Processing /work/tmp/scratch/docbuilder/buildArea/build_1890506/tmp/dgmgrl-command-usage-notes.xml
[stdout][move-meta] Processing /work/tmp/scratch/docbuilder/buildArea/build_1890506/tmp/managing-broker-configurations.xml
[stdout][move-meta] Processing /work/tmp/scratch/docbuilder/buildArea/build_1890506/tmp/onlinealternatelocation.xml
[stdout][move-meta] Processing /work/tmp/scratch/docbuilder/buildArea/build_1890506/tmp/lsbyfailedtxninfo-logical-standby-failed-transaction-information.xml
[stdout][move-meta] Processing /work/tmp/scratch/docbuilder/buildArea/build_1890506/tmp/disabling-configuration-and-databases.xml
[stdout][move-meta] Processing /work/tmp/scratch/docbuilder/buildArea/build_1890506/tmp/advanced-redo-transport-settings.xml
[stdout][move-meta] Processing /work/tmp/scratch/docbuilder/buildArea/build_1890506/tmp/database-service-configuration-requirements.xml
[stdout][move-meta] Processing /work/tmp/scratch/docbuilder/buildArea/build_1890506/tmp/setting-protection-mode-task-2-set-standby-redo-log-files.xml
[stdout][move-meta] Processing /work/tmp/scratch/docbuilder/buildArea/build_1890506/tmp/setting-protection-mode-task-4-using-dgmgrl-or-cloud-control.xml
[stdout][move-meta] Processing /work/tmp/scratch/docbuilder/buildArea/build_1890506/tmp/monitoring-configuration-task-4-check-inconsistentlogxptprops-monitorable-property.xml
[stdout][move-meta] Processing /work/tmp/scratch/docbuilder/buildArea/build_1890506/tmp/edit-recovery_appliance-property.xml
[stdout][move-meta] Processing /work/tmp/scratch/docbuilder/buildArea/build_1890506/tmp/connect.xml
[stdout][move-meta] Processing /work/tmp/scratch/docbuilder/buildArea/build_1890506/tmp/shutdown.xml
[stdout][move-meta] Processing /work/tmp/scratch/docbuilder/buildArea/build_1890506/tmp/managing-redo-transport-services-data-protection-modes.xml
[stdout][move-meta] Processing /work/tmp/scratch/docbuilder/buildArea/build_1890506/tmp/import-configuration.xml
[stdout][move-meta] Processing /work/tmp/scratch/docbuilder/buildArea/build_1890506/tmp/application-initiated-fast-start-failover.xml
[stdout][move-meta] Processing /work/tmp/scratch/docbuilder/buildArea/build_1890506/tmp/data-guard-environment.xml
[stdout][move-meta] Processing /work/tmp/scratch/docbuilder/buildArea/build_1890506/tmp/validate-network-configuration.xml
[stdout][move-meta] Processing /work/tmp/scratch/docbuilder/buildArea/build_1890506/tmp/observerconnectidentifier.xml
[stdout][move-meta] Processing /work/tmp/scratch/docbuilder/buildArea/build_1890506/tmp/using-cluster-file-system-cfs-configuration-files.xml
[stdout][move-meta] Processing /work/tmp/scratch/docbuilder/buildArea/build_1890506/tmp/scenario-11-reinstating-failed-primary-database.xml
[stdout][move-meta] Processing /work/tmp/scratch/docbuilder/buildArea/build_1890506/tmp/enabling-fast-start-failover.xml
[stdout][move-meta] Processing /work/tmp/scratch/docbuilder/buildArea/build_1890506/tmp/start-observing.xml
[stdout][move-meta] Processing /work/tmp/scratch/docbuilder/buildArea/build_1890506/tmp/starting-data-guard-broker.xml
[stdout][move-meta] Processing /work/tmp/scratch/docbuilder/buildArea/build_1890506/tmp/migrate-pluggable-database.xml
[stdout][move-meta] Processing /work/tmp/scratch/docbuilder/buildArea/build_1890506/tmp/setting-broker-configuration-files.xml
[stdout][move-meta] Processing /work/tmp/scratch/docbuilder/buildArea/build_1890506/tmp/switchover.xml
[stdout][move-meta] Processing /work/tmp/scratch/docbuilder/buildArea/build_1890506/tmp/database-property-management.xml
[stdout][move-meta] Processing /work/tmp/scratch/docbuilder/buildArea/build_1890506/tmp/failover.xml
[stdout][move-meta] Processing /work/tmp/scratch/docbuilder/buildArea/build_1890506/tmp/requirements.xml
[stdout][move-meta] Processing /work/tmp/scratch/docbuilder/buildArea/build_1890506/tmp/trademarknotice_ak.xml
[stdout][move-meta] Processing /work/tmp/scratch/docbuilder/buildArea/build_1890506/tmp/startup.xml
[stdout][move-meta] Processing /work/tmp/scratch/docbuilder/buildArea/build_1890506/tmp/performing-manual-failover-task-2-start-failover.xml
[stdout][move-meta] Processing /work/tmp/scratch/docbuilder/buildArea/build_1890506/tmp/scenario-6-enabling-fast-start-failover-and-starting-observer.xml
[stdout][move-meta] Processing /work/tmp/scratch/docbuilder/buildArea/build_1890506/tmp/onlinearchivelocation.xml
[stdout][move-meta] Processing /work/tmp/scratch/docbuilder/buildArea/build_1890506/tmp/fast-start-failover1.xml
[stdout][move-meta] Processing /work/tmp/scratch/docbuilder/buildArea/build_1890506/tmp/oracle-data-guard-configurations-and-broker-configurations.xml
[stdout][move-meta] Processing /work/tmp/scratch/docbuilder/buildArea/build_1890506/tmp/scenario-4-setting-configuration-protection-mode.xml
[stdout][move-meta] Processing /work/tmp/scratch/docbuilder/buildArea/build_1890506/tmp/changes-this-release-oracle-data-guard-broker.xml
[stdout][move-meta] Processing /work/tmp/scratch/docbuilder/buildArea/build_1890506/tmp/hazardnotice_ak.xml
[stdout][move-meta] Processing /work/tmp/scratch/docbuilder/buildArea/build_1890506/tmp/dataguardsynclatency.xml
[stdout][move-meta] Processing /work/tmp/scratch/docbuilder/buildArea/build_1890506/tmp/stop-observer.xml
[stdout][move-meta] Processing /work/tmp/scratch/docbuilder/buildArea/build_1890506/tmp/troubleshooting-problems-observer.xml
[stdout][move-meta] Processing /work/tmp/scratch/docbuilder/buildArea/build_1890506/tmp/edit-database-property.xml
[stdout][move-meta] Processing /work/tmp/scratch/docbuilder/buildArea/build_1890506/tmp/monitoring-configuration-task-2-check-database-status.xml
[stdout][move-meta] Processing /work/tmp/scratch/docbuilder/buildArea/build_1890506/tmp/add-database.xml
[stdout][move-meta] Processing /work/tmp/scratch/docbuilder/buildArea/build_1890506/tmp/edit-far_sync-reset-property.xml
[stdout][move-meta] Processing /work/tmp/scratch/docbuilder/buildArea/build_1890506/tmp/observerreconnect.xml
[stdout][move-meta] Processing /work/tmp/scratch/docbuilder/buildArea/build_1890506/tmp/redo-apply.xml
[stdout][move-meta] Processing /work/tmp/scratch/docbuilder/buildArea/build_1890506/tmp/instance-object.xml
[stdout][move-meta] Processing /work/tmp/scratch/docbuilder/buildArea/build_1890506/tmp/how-broker-performs-switchover.xml
[stdout][move-meta] Processing /work/tmp/scratch/docbuilder/buildArea/build_1890506/tmp/performing-manual-failover-operation.xml
[stdout][move-meta] Processing /work/tmp/scratch/docbuilder/buildArea/build_1890506/tmp/oracle-data-guard-installation1.xml
[stdout][move-meta] Processing /work/tmp/scratch/docbuilder/buildArea/build_1890506/tmp/externaldestination1.xml
[stdout][move-meta] Processing /work/tmp/scratch/docbuilder/buildArea/build_1890506/tmp/spool.xml
[stdout][move-meta] Processing /work/tmp/scratch/docbuilder/buildArea/build_1890506/tmp/configuration-status.xml
[stdout][move-meta] Processing /work/tmp/scratch/docbuilder/buildArea/build_1890506/tmp/scenario-10-performing-manual-failover-operation.xml
[stdout][move-meta] Processing /work/tmp/scratch/docbuilder/buildArea/build_1890506/tmp/faststartfailoverthreshold.xml
[stdout][move-meta] Processing /work/tmp/scratch/docbuilder/buildArea/build_1890506/tmp/edit-recovery_appliance-reset-property.xml
[stdout][move-meta] Processing /work/tmp/scratch/docbuilder/buildArea/build_1890506/tmp/how-observer-maintains-fast-start-failover-configuration-information.xml
[stdout][move-meta] Processing /work/tmp/scratch/docbuilder/buildArea/build_1890506/tmp/primary-database.xml
[stdout][move-meta] Processing /work/tmp/scratch/docbuilder/buildArea/build_1890506/tmp/request-timed-or-cloud-control-performance-is-sluggish.xml
[stdout][move-meta] Processing /work/tmp/scratch/docbuilder/buildArea/build_1890506/tmp/validating-database-role-change.xml
[stdout][move-meta] Processing /work/tmp/scratch/docbuilder/buildArea/build_1890506/tmp/revenuerecognitionnotice_ak.xml
[stdout][move-meta] Processing /work/tmp/scratch/docbuilder/buildArea/build_1890506/tmp/managing-redo-transport-services.xml
[stdout][move-meta] Processing /work/tmp/scratch/docbuilder/buildArea/build_1890506/tmp/how-reinstate-database.xml
[stdout][move-meta] Processing /work/tmp/scratch/docbuilder/buildArea/build_1890506/tmp/managing-far-sync-instances.xml
[stdout][move-meta] Processing /work/tmp/scratch/docbuilder/buildArea/build_1890506/tmp/lsbyparameters-logical-standby-parameters.xml
[stdout][move-meta] Processing /work/tmp/scratch/docbuilder/buildArea/build_1890506/tmp/using-switchover-command-task-3-confirm-that-database-is-ready-role-change.xml
[stdout][move-meta] Processing /work/tmp/scratch/docbuilder/buildArea/build_1890506/tmp/enable-recovery_appliance.xml
[stdout][move-meta] Processing /work/tmp/scratch/docbuilder/buildArea/build_1890506/tmp/staticconnectidentifier.xml
[stdout][move-meta] Processing /work/tmp/scratch/docbuilder/buildArea/build_1890506/tmp/failed-broker-complete-physical-failovers.xml
[stdout][move-meta] Processing /work/tmp/scratch/docbuilder/buildArea/build_1890506/tmp/scenarios-using-dgmgrl-command-line-interface.xml
[stdout][move-meta] Processing /work/tmp/scratch/docbuilder/buildArea/build_1890506/tmp/read-only-mode.xml
[stdout][move-meta] Processing /work/tmp/scratch/docbuilder/buildArea/build_1890506/tmp/encryption.xml
[stdout][move-meta] Processing /work/tmp/scratch/docbuilder/buildArea/build_1890506/tmp/configuration-management.xml
[stdout][move-meta] Processing /work/tmp/scratch/docbuilder/buildArea/build_1890506/tmp/set-masterobserver-observer_name.xml
[stdout][move-meta] Processing /work/tmp/scratch/docbuilder/buildArea/build_1890506/tmp/changing-properties-and-states.xml
[stdout][move-meta] Processing /work/tmp/scratch/docbuilder/buildArea/build_1890506/tmp/oracle-data-guard-broker-concepts.xml
[stdout][move-meta] Processing /work/tmp/scratch/docbuilder/buildArea/build_1890506/tmp/setting-redo-transport.xml
[stdout][move-meta] Processing /work/tmp/scratch/docbuilder/buildArea/build_1890506/tmp/logshipping.xml
[stdout][move-meta] Processing /work/tmp/scratch/docbuilder/buildArea/build_1890506/tmp/logarchiveminsucceeddest.xml
[stdout][move-meta] Processing /work/tmp/scratch/docbuilder/buildArea/build_1890506/tmp/sign-command.xml
[stdout][move-meta] Processing /work/tmp/scratch/docbuilder/buildArea/build_1890506/tmp/performing-manual-failover-task-1-determine-which-available-standby-databases-is-best-target-fa.xml
[stdout][move-meta] Processing /work/tmp/scratch/docbuilder/buildArea/build_1890506/tmp/observer.xml
[stdout][move-meta] Processing /work/tmp/scratch/docbuilder/buildArea/build_1890506/tmp/logxptstatus-redo-transport-status.xml
[stdout][move-meta] Processing /work/tmp/scratch/docbuilder/buildArea/build_1890506/tmp/dgconnectidentifier.xml
[stdout][move-meta] Processing /work/tmp/scratch/docbuilder/buildArea/build_1890506/tmp/using-switchover-command-task-1-check-primary-database.xml
[stdout][move-meta] Processing /work/tmp/scratch/docbuilder/buildArea/build_1890506/tmp/configurable-changeable-properties.xml
[stdout][move-meta] Processing /work/tmp/scratch/docbuilder/buildArea/build_1890506/tmp/what-happens-if-observer-fails.xml
[stdout][move-meta] Processing /work/tmp/scratch/docbuilder/buildArea/build_1890506/tmp/downgrading-oracle-database-12c.xml
[stdout][move-meta] Processing /work/tmp/scratch/docbuilder/buildArea/build_1890506/tmp/edit-far_sync-reset-parameter.xml
[stdout][move-meta] Processing /work/tmp/scratch/docbuilder/buildArea/build_1890506/tmp/querying-database-status.xml
[stdout][move-meta] Processing /work/tmp/scratch/docbuilder/buildArea/build_1890506/tmp/switchover1.xml
[stdout][move-meta] Processing /work/tmp/scratch/docbuilder/buildArea/build_1890506/tmp/sql.xml
[stdout][move-meta] Processing /work/tmp/scratch/docbuilder/buildArea/build_1890506/tmp/faststartfailoverpmyshutdown.xml
[stdout][move-meta] Processing /work/tmp/scratch/docbuilder/buildArea/build_1890506/tmp/standbyarchivelocation.xml
[stdout][move-meta] Processing /work/tmp/scratch/docbuilder/buildArea/build_1890506/tmp/scenario-2-setting-database-properties.xml
[stdout][move-meta] Processing /work/tmp/scratch/docbuilder/buildArea/build_1890506/tmp/starting-data-guard-command-line-interface.xml
[stdout][move-meta] Processing /work/tmp/scratch/docbuilder/buildArea/build_1890506/tmp/tracelevel.xml
[stdout][move-meta] Processing /work/tmp/scratch/docbuilder/buildArea/build_1890506/tmp/inconsistentproperties-inconsistent-properties.xml
[stdout][move-meta] Processing /work/tmp/scratch/docbuilder/buildArea/build_1890506/tmp/using-switchover-command-task-2-check-standby-database-that-is-target-switchover.xml
[stdout][move-meta] Processing /work/tmp/scratch/docbuilder/buildArea/build_1890506/tmp/show-observerconfigfile.xml
[stdout][move-meta] Processing /work/tmp/scratch/docbuilder/buildArea/build_1890506/tmp/removing-far-sync-instance-configuration.xml
[stdout][move-meta] Processing /work/tmp/scratch/docbuilder/buildArea/build_1890506/tmp/dbfilenameconvert.xml
[stdout][move-meta] Processing /work/tmp/scratch/docbuilder/buildArea/build_1890506/tmp/show-instance.xml
[stdout][move-meta] Processing /work/tmp/scratch/docbuilder/buildArea/build_1890506/tmp/edit-configuration-protection-mode.xml
[stdout][move-meta] Processing /work/tmp/scratch/docbuilder/buildArea/build_1890506/tmp/v_database-view.xml
[stdout][move-meta] Processing /work/tmp/scratch/docbuilder/buildArea/build_1890506/tmp/disabling-fast-start-failover.xml
[stdout][move-meta] Processing /work/tmp/scratch/docbuilder/buildArea/build_1890506/tmp/restrictions-reinstatement.xml
[stdout][move-meta] Processing /work/tmp/scratch/docbuilder/buildArea/build_1890506/tmp/setmasterobserverhosts.xml
[stdout][move-meta] Processing /work/tmp/scratch/docbuilder/buildArea/build_1890506/tmp/physical-standby-database.xml
[stdout][move-meta] Processing /work/tmp/scratch/docbuilder/buildArea/build_1890506/tmp/failed-failovers-physical-standby-databases.xml
[stdout][move-meta] Processing /work/tmp/scratch/docbuilder/buildArea/build_1890506/tmp/applyinstances.xml
[stdout]
[stdout]mappull-check:
[stdout]
[stdout]mappull:
[stdout]  [mappull] Transforming into /work/tmp/scratch/docbuilder/buildArea/build_1890506/tmp
[stdout]  [mappull] Processing /work/tmp/scratch/docbuilder/buildArea/build_1890506/tmp/oracle-data-guard-broker.ditamap to /work/tmp/scratch/docbuilder/buildArea/build_1890506/tmp/oracle-data-guard-broker.ditamap.pull
[stdout]  [mappull] Loading stylesheet /u01/docbuilder/dita-ot-1.8.5/xsl/preprocess/mappull.xsl
[stdout]  [mappull] [DOTX019W][WARN]: The type attribute on a topicref was set to 'concept', but the topicref references a 'reference' topic. This may cause your links to sort incorrectly in the output. Note that the type attribute cascades in maps, so the value 'concept' may come from an ancestor topicref.  The location of this problem was at (File = /work/transformations/build_1890506/dita2dita/oracle-data-guard-broker.ditamap, Element = topicref:294;1:65961)
[stdout]     [move] Moving 1 file to /work/tmp/scratch/docbuilder/buildArea/build_1890506/tmp
[stdout]
[stdout]dc-adjust-copy-to-check:
[stdout]
[stdout]dc-adjust-copy-to:
[stdout]     [echo] * 
[stdout]     [echo] * Starting dc-adjust-copy-to...
[stdout]     [echo] * 
[stdout]     [copy] Copying 1 file to /work/tmp/scratch/docbuilder/buildArea/build_1890506/tmp
[stdout][adjust-copy-to] Transforming into /work/tmp/scratch/docbuilder/buildArea/build_1890506/tmp
[stdout][adjust-copy-to] Processing /work/tmp/scratch/docbuilder/buildArea/build_1890506/tmp/oracle-data-guard-broker.ditamap to /work/tmp/scratch/docbuilder/buildArea/build_1890506/tmp/oracle-data-guard-broker.ditamap.copy-to
[stdout][adjust-copy-to] Loading stylesheet /u01/docbuilder/dita-ot-1.8.5/plugins/org.dita-community.adjust-copy-to/xsl/adjustCopyTo.xsl
[stdout][adjust-copy-to]  + [INFO] ========================================
[stdout][adjust-copy-to]  + [INFO] Adjust copy-to parameters:
[stdout][adjust-copy-to]  + [INFO] 
[stdout][adjust-copy-to]  + [INFO] use-nav-keys: "no" (false)
[stdout][adjust-copy-to]  + [INFO] override-existing-copy-to: "no" (false)
[stdout][adjust-copy-to]  + [INFO] expand-reltable-refs: "no" (false)
[stdout][adjust-copy-to]  + [INFO] ========================================
[stdout][adjust-copy-to]  + [INFO] Analyzing topicrefs to determine copy-to adjustments...
[stdout][adjust-copy-to]  + [INFO] Analysis complete.
[stdout][adjust-copy-to]  + [DEBUG] saving topicToCopyToMap to file "file:/work/tmp/scratch/docbuilder/buildArea/build_1890506/tmp/topicToCopyToMap.xml"...
[stdout][adjust-copy-to]  + [INFO] Copy-to Adjustments:
[stdout][adjust-copy-to]  + [INFO]   No adjustments made.
[stdout][adjust-copy-to]  + [INFO] makeJobFiles: Generating copyToChangesJob file: file:/work/tmp/scratch/docbuilder/buildArea/build_1890506/tmp/copyToChangesJob.xml
[stdout][adjust-copy-to]  + [INFO] makeJobFiles: Generating updatedJob file: file:/work/tmp/scratch/docbuilder/buildArea/build_1890506/tmp/updatedJob.xml
[stdout][adjust-copy-to]  + [INFO] updateKeydefXml: Generating updatedKeydef.xml file: file:/work/tmp/scratch/docbuilder/buildArea/build_1890506/tmp/updatedKeydefs.xml... 
[stdout][adjust-copy-to]  + [INFO] Writing updated map document...
[stdout][adjust-copy-to]  + [INFO] Done.
[stdout]     [copy] Copying 1 file to /work/tmp/scratch/docbuilder/buildArea/build_1890506/tmp
[stdout]     [copy] Copying 1 file to /work/tmp/scratch/docbuilder/buildArea/build_1890506/tmp
[stdout]     [echo] * 
[stdout]     [echo] * Regenerating job-helper lists...
[stdout]     [echo] * 
[stdout][job-helper] Processing /work/tmp/scratch/docbuilder/buildArea/build_1890506/tmp/.job.xml to /work/tmp/scratch/docbuilder/buildArea/build_1890506/tmp/outditafiles.list
[stdout][job-helper] Loading stylesheet /u01/docbuilder/dita-ot-1.8.5/xsl/job-helper.xsl
[stdout][job-helper] Processing /work/tmp/scratch/docbuilder/buildArea/build_1890506/tmp/.job.xml to /work/tmp/scratch/docbuilder/buildArea/build_1890506/tmp/fullditamapandtopic.list
[stdout][job-helper] Loading stylesheet /u01/docbuilder/dita-ot-1.8.5/xsl/job-helper.xsl
[stdout][job-helper] Processing /work/tmp/scratch/docbuilder/buildArea/build_1890506/tmp/.job.xml to /work/tmp/scratch/docbuilder/buildArea/build_1890506/tmp/fullditatopic.list
[stdout][job-helper] Loading stylesheet /u01/docbuilder/dita-ot-1.8.5/xsl/job-helper.xsl
[stdout][job-helper] Processing /work/tmp/scratch/docbuilder/buildArea/build_1890506/tmp/.job.xml to /work/tmp/scratch/docbuilder/buildArea/build_1890506/tmp/fullditamap.list
[stdout][job-helper] Loading stylesheet /u01/docbuilder/dita-ot-1.8.5/xsl/job-helper.xsl
[stdout][job-helper] Processing /work/tmp/scratch/docbuilder/buildArea/build_1890506/tmp/.job.xml to /work/tmp/scratch/docbuilder/buildArea/build_1890506/tmp/hrefditatopic.list
[stdout][job-helper] Loading stylesheet /u01/docbuilder/dita-ot-1.8.5/xsl/job-helper.xsl
[stdout][job-helper] Processing /work/tmp/scratch/docbuilder/buildArea/build_1890506/tmp/.job.xml to /work/tmp/scratch/docbuilder/buildArea/build_1890506/tmp/conref.list
[stdout][job-helper] Loading stylesheet /u01/docbuilder/dita-ot-1.8.5/xsl/job-helper.xsl
[stdout][job-helper] Processing /work/tmp/scratch/docbuilder/buildArea/build_1890506/tmp/.job.xml to /work/tmp/scratch/docbuilder/buildArea/build_1890506/tmp/image.list
[stdout][job-helper] Loading stylesheet /u01/docbuilder/dita-ot-1.8.5/xsl/job-helper.xsl
[stdout][job-helper] Processing /work/tmp/scratch/docbuilder/buildArea/build_1890506/tmp/.job.xml to /work/tmp/scratch/docbuilder/buildArea/build_1890506/tmp/flagimage.list
[stdout][job-helper] Loading stylesheet /u01/docbuilder/dita-ot-1.8.5/xsl/job-helper.xsl
[stdout][job-helper] Processing /work/tmp/scratch/docbuilder/buildArea/build_1890506/tmp/.job.xml to /work/tmp/scratch/docbuilder/buildArea/build_1890506/tmp/html.list
[stdout][job-helper] Loading stylesheet /u01/docbuilder/dita-ot-1.8.5/xsl/job-helper.xsl
[stdout][job-helper] Processing /work/tmp/scratch/docbuilder/buildArea/build_1890506/tmp/.job.xml to /work/tmp/scratch/docbuilder/buildArea/build_1890506/tmp/hreftargets.list
[stdout][job-helper] Loading stylesheet /u01/docbuilder/dita-ot-1.8.5/xsl/job-helper.xsl
[stdout][job-helper] Processing /work/tmp/scratch/docbuilder/buildArea/build_1890506/tmp/.job.xml to /work/tmp/scratch/docbuilder/buildArea/build_1890506/tmp/canditopics.list
[stdout][job-helper] Loading stylesheet /u01/docbuilder/dita-ot-1.8.5/xsl/job-helper.xsl
[stdout][job-helper] Processing /work/tmp/scratch/docbuilder/buildArea/build_1890506/tmp/.job.xml to /work/tmp/scratch/docbuilder/buildArea/build_1890506/tmp/skipchunk.list
[stdout][job-helper] Loading stylesheet /u01/docbuilder/dita-ot-1.8.5/xsl/job-helper.xsl
[stdout][job-helper] Processing /work/tmp/scratch/docbuilder/buildArea/build_1890506/tmp/.job.xml to /work/tmp/scratch/docbuilder/buildArea/build_1890506/tmp/subjectscheme.list
[stdout][job-helper] Loading stylesheet /u01/docbuilder/dita-ot-1.8.5/xsl/job-helper.xsl
[stdout][job-helper] Processing /work/tmp/scratch/docbuilder/buildArea/build_1890506/tmp/.job.xml to /work/tmp/scratch/docbuilder/buildArea/build_1890506/tmp/conreftargets.list
[stdout][job-helper] Loading stylesheet /u01/docbuilder/dita-ot-1.8.5/xsl/job-helper.xsl
[stdout][job-helper] Processing /work/tmp/scratch/docbuilder/buildArea/build_1890506/tmp/.job.xml to /work/tmp/scratch/docbuilder/buildArea/build_1890506/tmp/copytosource.list
[stdout][job-helper] Loading stylesheet /u01/docbuilder/dita-ot-1.8.5/xsl/job-helper.xsl
[stdout][job-helper] Processing /work/tmp/scratch/docbuilder/buildArea/build_1890506/tmp/.job.xml to /work/tmp/scratch/docbuilder/buildArea/build_1890506/tmp/subtargets.list
[stdout][job-helper] Loading stylesheet /u01/docbuilder/dita-ot-1.8.5/xsl/job-helper.xsl
[stdout][job-helper] Processing /work/tmp/scratch/docbuilder/buildArea/build_1890506/tmp/.job.xml to /work/tmp/scratch/docbuilder/buildArea/build_1890506/tmp/conrefpush.list
[stdout][job-helper] Loading stylesheet /u01/docbuilder/dita-ot-1.8.5/xsl/job-helper.xsl
[stdout][job-helper] Processing /work/tmp/scratch/docbuilder/buildArea/build_1890506/tmp/.job.xml to /work/tmp/scratch/docbuilder/buildArea/build_1890506/tmp/keyref.list
[stdout][job-helper] Loading stylesheet /u01/docbuilder/dita-ot-1.8.5/xsl/job-helper.xsl
[stdout][job-helper] Processing /work/tmp/scratch/docbuilder/buildArea/build_1890506/tmp/.job.xml to /work/tmp/scratch/docbuilder/buildArea/build_1890506/tmp/coderef.list
[stdout][job-helper] Loading stylesheet /u01/docbuilder/dita-ot-1.8.5/xsl/job-helper.xsl
[stdout][job-helper] Processing /work/tmp/scratch/docbuilder/buildArea/build_1890506/tmp/.job.xml to /work/tmp/scratch/docbuilder/buildArea/build_1890506/tmp/resourceonly.list
[stdout][job-helper] Loading stylesheet /u01/docbuilder/dita-ot-1.8.5/xsl/job-helper.xsl
[stdout]     [echo] * 
[stdout]     [echo] * Applying preprocessing to adjusted copy-to files...
[stdout]     [echo] * 
[stdout]
[stdout]debug-filter:
[stdout]   [filter] DebugAndFilterModule.execute(): Starting...
[stdout]   [filter] Using Xerces grammar pool for DTD and schema caching.
[stdout]   [filter] Execution time: 9 milliseconds
[stdout][job-helper] Processing /work/tmp/scratch/docbuilder/buildArea/build_1890506/tmp/.job.xml to /work/tmp/scratch/docbuilder/buildArea/build_1890506/tmp/user.input.file.list
[stdout][job-helper] Loading stylesheet /u01/docbuilder/dita-ot-1.8.5/xsl/job-helper.xsl
[stdout][job-helper] Processing /work/tmp/scratch/docbuilder/buildArea/build_1890506/tmp/.job.xml to /work/tmp/scratch/docbuilder/buildArea/build_1890506/tmp/hreftargets.list
[stdout][job-helper] Loading stylesheet /u01/docbuilder/dita-ot-1.8.5/xsl/job-helper.xsl
[stdout][job-helper] Processing /work/tmp/scratch/docbuilder/buildArea/build_1890506/tmp/.job.xml to /work/tmp/scratch/docbuilder/buildArea/build_1890506/tmp/conref.list
[stdout][job-helper] Loading stylesheet /u01/docbuilder/dita-ot-1.8.5/xsl/job-helper.xsl
[stdout][job-helper] Processing /work/tmp/scratch/docbuilder/buildArea/build_1890506/tmp/.job.xml to /work/tmp/scratch/docbuilder/buildArea/build_1890506/tmp/hrefditatopic.list
[stdout][job-helper] Loading stylesheet /u01/docbuilder/dita-ot-1.8.5/xsl/job-helper.xsl
[stdout][job-helper] Processing /work/tmp/scratch/docbuilder/buildArea/build_1890506/tmp/.job.xml to /work/tmp/scratch/docbuilder/buildArea/build_1890506/tmp/fullditatopic.list
[stdout][job-helper] Loading stylesheet /u01/docbuilder/dita-ot-1.8.5/xsl/job-helper.xsl
[stdout][job-helper] Processing /work/tmp/scratch/docbuilder/buildArea/build_1890506/tmp/.job.xml to /work/tmp/scratch/docbuilder/buildArea/build_1890506/tmp/fullditamapandtopic.list
[stdout][job-helper] Loading stylesheet /u01/docbuilder/dita-ot-1.8.5/xsl/job-helper.xsl
[stdout][job-helper] Processing /work/tmp/scratch/docbuilder/buildArea/build_1890506/tmp/.job.xml to /work/tmp/scratch/docbuilder/buildArea/build_1890506/tmp/conreftargets.list
[stdout][job-helper] Loading stylesheet /u01/docbuilder/dita-ot-1.8.5/xsl/job-helper.xsl
[stdout][job-helper] Processing /work/tmp/scratch/docbuilder/buildArea/build_1890506/tmp/.job.xml to /work/tmp/scratch/docbuilder/buildArea/build_1890506/tmp/conrefpush.list
[stdout][job-helper] Loading stylesheet /u01/docbuilder/dita-ot-1.8.5/xsl/job-helper.xsl
[stdout][job-helper] Processing /work/tmp/scratch/docbuilder/buildArea/build_1890506/tmp/.job.xml to /work/tmp/scratch/docbuilder/buildArea/build_1890506/tmp/keyref.list
[stdout][job-helper] Loading stylesheet /u01/docbuilder/dita-ot-1.8.5/xsl/job-helper.xsl
[stdout][job-helper] Processing /work/tmp/scratch/docbuilder/buildArea/build_1890506/tmp/.job.xml to /work/tmp/scratch/docbuilder/buildArea/build_1890506/tmp/skipchunk.list
[stdout][job-helper] Loading stylesheet /u01/docbuilder/dita-ot-1.8.5/xsl/job-helper.xsl
[stdout][job-helper] Processing /work/tmp/scratch/docbuilder/buildArea/build_1890506/tmp/.job.xml to /work/tmp/scratch/docbuilder/buildArea/build_1890506/tmp/canditopics.list
[stdout][job-helper] Loading stylesheet /u01/docbuilder/dita-ot-1.8.5/xsl/job-helper.xsl
[stdout][job-helper] Processing /work/tmp/scratch/docbuilder/buildArea/build_1890506/tmp/.job.xml to /work/tmp/scratch/docbuilder/buildArea/build_1890506/tmp/resourceonly.list
[stdout][job-helper] Loading stylesheet /u01/docbuilder/dita-ot-1.8.5/xsl/job-helper.xsl
[stdout]
[stdout]dc-adjust-copy-to-restore-adjusted-map:
[stdout]     [copy] Copying 1 file to /work/tmp/scratch/docbuilder/buildArea/build_1890506/tmp
[stdout]
[stdout]copy-image-check:
[stdout]
[stdout]copy-image-uplevels:
[stdout]
[stdout]copy-image-noraml:
[stdout]
[stdout]copy-image:
[stdout]
[stdout]copy-html-check:
[stdout]
[stdout]copy-html:
[stdout]
[stdout]copy-flag-check:
[stdout]
[stdout]copy-flag:
[stdout]
[stdout]copy-subsidiary-check:
[stdout]
[stdout]copy-subsidiary:
[stdout]
[stdout]copy-generated-files:
[stdout]     [copy] Copying 2 files to /work/tmp/scratch/docbuilder/buildArea/build_1890506/log
[stdout]
[stdout]copy-files:
[stdout]
[stdout]infodev-copy-met-files:
[stdout]     [echo] Export document metafile found
[stdout]     [copy] Copying 1 file to /work/tmp/scratch/docbuilder/buildArea/build_1890506/tmp
[stdout]
[stdout]infodev-copy-oak-met-files:
[stdout]
[stdout]infodev-copy-images:
[stdout]
[stdout]infodev-copy-files:
[stdout]
[stdout]book-load-metadata:
[stdout][echoproperties] #Ant properties
[stdout][echoproperties] #Sun May 11 21:22:39 PDT 2025
[stdout][echoproperties] ditamap.document.lang=en-US
[stdout]
[stdout]sdl-ishjobticket-file-check:
[stdout]
[stdout]sdl-ishjobticket2properties:
[stdout][echoproperties] #Ant properties
[stdout][echoproperties] #Sun May 11 21:22:39 PDT 2025
[stdout][echoproperties] ishjob.attributes-to-ignore=navtitle, width, height, class, style, id, colnum, colname, align, char, charoff, colwidth, colsep, rowsep, ishcondition, ishresult
[stdout][echoproperties] ishjob.baseline-name=Data Guard Broker-v10.1.1-GUID-D5023ABB-EAA8-4E85-98D4-654CDB9F9A12-2021/07/23 04\:27\:46
[stdout][echoproperties] ishjob.documenttitle=Data Guard Broker
[stdout][echoproperties] ishjob.elements-for-parent-propagation=entry, stentry, colspec, thead, sthead, tbody, dlhead, dthd, ddhd, dt, dd, proptype, propvalue, propdesc, proptypehd, propvaluehd, propdeschd, shape, coords, cmd, stepresult, pt, pd, chhead, choption, chdesc, copyryear, copyrholder, relheader, relcolspec, relcell
[stdout][echoproperties] ishjob.elements-to-skip-children-propagation=image, hazardsymbol, glosssymbol, topicref, topichead, topicgroup, abbrevlist, amendments, appendix, appendices, backmatter, bibliolist, bookabstract, booklist, booklists, chapter, colophon, dedication, draftintro, figurelist, frontmatter, glossarylist, indexlist, notices, part, preface, tablelist, toc, trademarklist, anchorref, keydef, mapref, topicset, topicsetref, glossref
[stdout][echoproperties] ishjob.email-address=weblogic
[stdout][echoproperties] ishjob.event-identifier=EXPORTFORPUBLICATION SDLAPP-0 20250511211055406 916680143
[stdout][echoproperties] ishjob.event-name=EXPORTFORPUBLICATION
[stdout][echoproperties] ishjob.export-document=GUID-D5023ABB-EAA8-4E85-98D4-654CDB9F9A12
[stdout][echoproperties] ishjob.export-document-level=lng
[stdout][echoproperties] ishjob.export-document-type=ISHPublication
[stdout][echoproperties] ishjob.export-ishlngref=8804296
[stdout][echoproperties] ishjob.export-path=C\:\\InfoShare\\Data\\PublishingService\\Data\\DataExports\\GUID-D5023ABB-EAA8-4E85-98D4-654CDB9F9A12.8804296.20250511091055562\\10.1.1\\en-US
[stdout][echoproperties] ishjob.export-report=GUID-D5023ABB-EAA8-4E85-98D4-654CDB9F9A12.report.xml
[stdout][echoproperties] ishjob.export-resources=GUID-03F92E83-CCF0-4C20-8353-099754A95445
[stdout][echoproperties] ishjob.export-start-document=GUID-9F8EAEFC-BE2D-4512-84F7-3642AA17B4DB
[stdout][echoproperties] ishjob.language=en-US
[stdout][echoproperties] ishjob.output-fileextension=zip
[stdout][echoproperties] ishjob.outputformat=XHTML - Title name (readable non-GUID)
[stdout][echoproperties] ishjob.publisher=ccmsapi2016
[stdout][echoproperties] ishjob.releasecandidate=yes
[stdout][echoproperties] ishjob.required-resolution=Print, Default
[stdout][echoproperties] ishjob.resourcelanguage=en-US
[stdout][echoproperties] ishjob.start-date=20250805182040
[stdout]
[stdout]export-document-check:
[stdout]
[stdout]sdl-ishfields2properties:
[stdout][echoproperties] #Ant properties
[stdout][echoproperties] #Sun May 11 21:22:39 PDT 2025
[stdout][echoproperties] ishfield.created-on=23/07/2021 04\:27\:46
[stdout][echoproperties] ishfield.fchanges=19c\: updates and bug fixes
[stdout][echoproperties] ishfield.fdescription=Describes the Oracle Data Guard broker, a management and monitoring interface that automates many of the tasks involved in configuring and monitoring standby databases in an Oracle Data Guard configuration.
[stdout][echoproperties] ishfield.fishbaseline=Data Guard Broker-v10.1.1-GUID-D5023ABB-EAA8-4E85-98D4-654CDB9F9A12-2021/07/23 04\:27\:46
[stdout][echoproperties] ishfield.fishfallbacklngdefault=en-US
[stdout][echoproperties] ishfield.fishfallbacklngimages=en-US
[stdout][echoproperties] ishfield.fishfallbacklngresources=en-US
[stdout][echoproperties] ishfield.fishmasterref=GUID-9F8EAEFC-BE2D-4512-84F7-3642AA17B4DB
[stdout][echoproperties] ishfield.fishpublicationtype=Book
[stdout][echoproperties] ishfield.fishpubsourcelanguages=en-US
[stdout][echoproperties] ishfield.fishrequiredresolutions=Default
[stdout][echoproperties] ishfield.fishresources=GUID-03F92E83-CCF0-4C20-8353-099754A95445
[stdout][echoproperties] ishfield.fmapid=GUID-D5023ABB-EAA8-4E85-98D4-654CDB9F9A12
[stdout][echoproperties] ishfield.foracopyfirst=1999
[stdout][echoproperties] ishfield.foracopylast=2025
[stdout][echoproperties] ishfield.foradocid=DGBKR
[stdout][echoproperties] ishfield.forapartnum=E96245-04
[stdout][echoproperties] ishfield.foraprintdate=September 2021
[stdout][echoproperties] ishfield.foraprodname=Database
[stdout][echoproperties] ishfield.forapubautogenlinks=nofamily
[stdout][echoproperties] ishfield.forapubbetadraft=none
[stdout][echoproperties] ishfield.forapubbrand=DARB
[stdout][echoproperties] ishfield.forapubpartno=E96245-04
[stdout][echoproperties] ishfield.forapubprintdate=May 2025
[stdout][echoproperties] ishfield.forarelnumber=19.1.0
[stdout][echoproperties] ishfield.foraspcategory=Database
[stdout][echoproperties] ishfield.foraspdesc=Describes the Oracle Data Guard broker, a management and monitoring interface that automates many of the tasks involved in configuring and monitoring standby databases in an Oracle Data Guard configuration.
[stdout][echoproperties] ishfield.forasppalias=dgbkr
[stdout][echoproperties] ishfield.foraspprodgroup=Not Applicable
[stdout][echoproperties] ishfield.foraspproduct=Oracle Database
[stdout][echoproperties] ishfield.forasprelease=Release 19
[stdout][echoproperties] ishfield.foraspsuite=Oracle
[stdout][echoproperties] ishfield.fpubincludecomments=No
[stdout][echoproperties] ishfield.frequestedlanguages=en-US
[stdout][echoproperties] ishfield.ftitle=Data Guard Broker
[stdout][echoproperties] ishfield.modified-on=11/05/2025 21\:11\:03
[stdout][echoproperties] ishfield.version=10.1.1
[stdout]
[stdout]oakf-metadata-file-check:
[stdout]
[stdout]oakf-metadata2properties:
[stdout]
[stdout]sdl-load-metadata:
[stdout]
[stdout]load-metadata:
[stdout]
[stdout]infodev-pullmet:
[stdout]     [xslt] Transforming into /work/tmp/scratch/docbuilder/buildArea/build_1890506/tmp
[stdout]     [xslt] Processing /work/tmp/scratch/docbuilder/buildArea/build_1890506/tmp/oracle-data-guard-broker.ditamap to /work/tmp/scratch/docbuilder/buildArea/build_1890506/tmp/oracle-data-guard-broker.ditamap.pullmet
[stdout]     [xslt] Loading stylesheet /u01/docbuilder/dita-ot-1.8.5/plugins/infodev.fixup/xsl/infodev-pullmet.xsl
[stdout]     [move] Moving 1 file to /work/tmp/scratch/docbuilder/buildArea/build_1890506/tmp
[stdout]
[stdout]conrefpush-check:
[stdout]
[stdout]conrefpush:
[stdout]
[stdout]conref-check:
[stdout]
[stdout]conref:
[stdout]
[stdout]move-meta-entries-check:
[stdout]
[stdout]move-meta-entries:
[stdout]
[stdout]keyref-check:
[stdout]
[stdout]keyref:
[stdout]
[stdout]coderef-check:
[stdout]
[stdout]coderef:
[stdout]
[stdout]adjust-copy-to.preprocess-new-copy-tos:
[stdout]     [echo] * 
[stdout]     [echo] * Updating full .job.xml file...
[stdout]     [echo] * 
[stdout]     [copy] Copying 1 file to /work/tmp/scratch/docbuilder/buildArea/build_1890506/tmp
[stdout][job-helper] Processing /work/tmp/scratch/docbuilder/buildArea/build_1890506/tmp/.job.xml to /work/tmp/scratch/docbuilder/buildArea/build_1890506/tmp/outditafiles.list
[stdout][job-helper] Loading stylesheet /u01/docbuilder/dita-ot-1.8.5/xsl/job-helper.xsl
[stdout][job-helper] Processing /work/tmp/scratch/docbuilder/buildArea/build_1890506/tmp/.job.xml to /work/tmp/scratch/docbuilder/buildArea/build_1890506/tmp/fullditamapandtopic.list
[stdout][job-helper] Loading stylesheet /u01/docbuilder/dita-ot-1.8.5/xsl/job-helper.xsl
[stdout][job-helper] Processing /work/tmp/scratch/docbuilder/buildArea/build_1890506/tmp/.job.xml to /work/tmp/scratch/docbuilder/buildArea/build_1890506/tmp/fullditatopic.list
[stdout][job-helper] Loading stylesheet /u01/docbuilder/dita-ot-1.8.5/xsl/job-helper.xsl
[stdout][job-helper] Processing /work/tmp/scratch/docbuilder/buildArea/build_1890506/tmp/.job.xml to /work/tmp/scratch/docbuilder/buildArea/build_1890506/tmp/fullditamap.list
[stdout][job-helper] Loading stylesheet /u01/docbuilder/dita-ot-1.8.5/xsl/job-helper.xsl
[stdout][job-helper] Processing /work/tmp/scratch/docbuilder/buildArea/build_1890506/tmp/.job.xml to /work/tmp/scratch/docbuilder/buildArea/build_1890506/tmp/hrefditatopic.list
[stdout][job-helper] Loading stylesheet /u01/docbuilder/dita-ot-1.8.5/xsl/job-helper.xsl
[stdout][job-helper] Processing /work/tmp/scratch/docbuilder/buildArea/build_1890506/tmp/.job.xml to /work/tmp/scratch/docbuilder/buildArea/build_1890506/tmp/conref.list
[stdout][job-helper] Loading stylesheet /u01/docbuilder/dita-ot-1.8.5/xsl/job-helper.xsl
[stdout][job-helper] Processing /work/tmp/scratch/docbuilder/buildArea/build_1890506/tmp/.job.xml to /work/tmp/scratch/docbuilder/buildArea/build_1890506/tmp/image.list
[stdout][job-helper] Loading stylesheet /u01/docbuilder/dita-ot-1.8.5/xsl/job-helper.xsl
[stdout][job-helper] Processing /work/tmp/scratch/docbuilder/buildArea/build_1890506/tmp/.job.xml to /work/tmp/scratch/docbuilder/buildArea/build_1890506/tmp/flagimage.list
[stdout][job-helper] Loading stylesheet /u01/docbuilder/dita-ot-1.8.5/xsl/job-helper.xsl
[stdout][job-helper] Processing /work/tmp/scratch/docbuilder/buildArea/build_1890506/tmp/.job.xml to /work/tmp/scratch/docbuilder/buildArea/build_1890506/tmp/html.list
[stdout][job-helper] Loading stylesheet /u01/docbuilder/dita-ot-1.8.5/xsl/job-helper.xsl
[stdout][job-helper] Processing /work/tmp/scratch/docbuilder/buildArea/build_1890506/tmp/.job.xml to /work/tmp/scratch/docbuilder/buildArea/build_1890506/tmp/hreftargets.list
[stdout][job-helper] Loading stylesheet /u01/docbuilder/dita-ot-1.8.5/xsl/job-helper.xsl
[stdout][job-helper] Processing /work/tmp/scratch/docbuilder/buildArea/build_1890506/tmp/.job.xml to /work/tmp/scratch/docbuilder/buildArea/build_1890506/tmp/canditopics.list
[stdout][job-helper] Loading stylesheet /u01/docbuilder/dita-ot-1.8.5/xsl/job-helper.xsl
[stdout][job-helper] Processing /work/tmp/scratch/docbuilder/buildArea/build_1890506/tmp/.job.xml to /work/tmp/scratch/docbuilder/buildArea/build_1890506/tmp/skipchunk.list
[stdout][job-helper] Loading stylesheet /u01/docbuilder/dita-ot-1.8.5/xsl/job-helper.xsl
[stdout][job-helper] Processing /work/tmp/scratch/docbuilder/buildArea/build_1890506/tmp/.job.xml to /work/tmp/scratch/docbuilder/buildArea/build_1890506/tmp/subjectscheme.list
[stdout][job-helper] Loading stylesheet /u01/docbuilder/dita-ot-1.8.5/xsl/job-helper.xsl
[stdout][job-helper] Processing /work/tmp/scratch/docbuilder/buildArea/build_1890506/tmp/.job.xml to /work/tmp/scratch/docbuilder/buildArea/build_1890506/tmp/conreftargets.list
[stdout][job-helper] Loading stylesheet /u01/docbuilder/dita-ot-1.8.5/xsl/job-helper.xsl
[stdout][job-helper] Processing /work/tmp/scratch/docbuilder/buildArea/build_1890506/tmp/.job.xml to /work/tmp/scratch/docbuilder/buildArea/build_1890506/tmp/copytosource.list
[stdout][job-helper] Loading stylesheet /u01/docbuilder/dita-ot-1.8.5/xsl/job-helper.xsl
[stdout][job-helper] Processing /work/tmp/scratch/docbuilder/buildArea/build_1890506/tmp/.job.xml to /work/tmp/scratch/docbuilder/buildArea/build_1890506/tmp/subtargets.list
[stdout][job-helper] Loading stylesheet /u01/docbuilder/dita-ot-1.8.5/xsl/job-helper.xsl
[stdout][job-helper] Processing /work/tmp/scratch/docbuilder/buildArea/build_1890506/tmp/.job.xml to /work/tmp/scratch/docbuilder/buildArea/build_1890506/tmp/conrefpush.list
[stdout][job-helper] Loading stylesheet /u01/docbuilder/dita-ot-1.8.5/xsl/job-helper.xsl
[stdout][job-helper] Processing /work/tmp/scratch/docbuilder/buildArea/build_1890506/tmp/.job.xml to /work/tmp/scratch/docbuilder/buildArea/build_1890506/tmp/keyref.list
[stdout][job-helper] Loading stylesheet /u01/docbuilder/dita-ot-1.8.5/xsl/job-helper.xsl
[stdout][job-helper] Processing /work/tmp/scratch/docbuilder/buildArea/build_1890506/tmp/.job.xml to /work/tmp/scratch/docbuilder/buildArea/build_1890506/tmp/coderef.list
[stdout][job-helper] Loading stylesheet /u01/docbuilder/dita-ot-1.8.5/xsl/job-helper.xsl
[stdout][job-helper] Processing /work/tmp/scratch/docbuilder/buildArea/build_1890506/tmp/.job.xml to /work/tmp/scratch/docbuilder/buildArea/build_1890506/tmp/resourceonly.list
[stdout][job-helper] Loading stylesheet /u01/docbuilder/dita-ot-1.8.5/xsl/job-helper.xsl
[stdout]     [echo] * 
[stdout]     [echo] * Updating keydef.xml file...
[stdout]     [echo] * 
[stdout]     [copy] Copying 1 file to /work/tmp/scratch/docbuilder/buildArea/build_1890506/tmp
[stdout]     [echo] * 
[stdout]     [echo] * Done with dc-adjust-copy-to.
[stdout]     [echo] * 
[stdout]
[stdout]chunk-check:
[stdout]
[stdout]chunk:
[stdout][job-helper] Processing /work/tmp/scratch/docbuilder/buildArea/build_1890506/tmp/.job.xml to /work/tmp/scratch/docbuilder/buildArea/build_1890506/tmp/fullditatopic.list
[stdout][job-helper] Loading stylesheet /u01/docbuilder/dita-ot-1.8.5/xsl/job-helper.xsl
[stdout][job-helper] Processing /work/tmp/scratch/docbuilder/buildArea/build_1890506/tmp/.job.xml to /work/tmp/scratch/docbuilder/buildArea/build_1890506/tmp/fullditamap.list
[stdout][job-helper] Loading stylesheet /u01/docbuilder/dita-ot-1.8.5/xsl/job-helper.xsl
[stdout][job-helper] Processing /work/tmp/scratch/docbuilder/buildArea/build_1890506/tmp/.job.xml to /work/tmp/scratch/docbuilder/buildArea/build_1890506/tmp/fullditamapandtopic.list
[stdout][job-helper] Loading stylesheet /u01/docbuilder/dita-ot-1.8.5/xsl/job-helper.xsl
[stdout][job-helper] Processing /work/tmp/scratch/docbuilder/buildArea/build_1890506/tmp/.job.xml to /work/tmp/scratch/docbuilder/buildArea/build_1890506/tmp/chunkedditamap.list
[stdout][job-helper] Loading stylesheet /u01/docbuilder/dita-ot-1.8.5/xsl/job-helper.xsl
[stdout][job-helper] Processing /work/tmp/scratch/docbuilder/buildArea/build_1890506/tmp/.job.xml to /work/tmp/scratch/docbuilder/buildArea/build_1890506/tmp/chunkedtopic.list
[stdout][job-helper] Loading stylesheet /u01/docbuilder/dita-ot-1.8.5/xsl/job-helper.xsl
[stdout][job-helper] Processing /work/tmp/scratch/docbuilder/buildArea/build_1890506/tmp/.job.xml to /work/tmp/scratch/docbuilder/buildArea/build_1890506/tmp/resourceonly.list
[stdout][job-helper] Loading stylesheet /u01/docbuilder/dita-ot-1.8.5/xsl/job-helper.xsl
[stdout][job-helper] Processing /work/tmp/scratch/docbuilder/buildArea/build_1890506/tmp/.job.xml to /work/tmp/scratch/docbuilder/buildArea/build_1890506/tmp/copytosource.list
[stdout][job-helper] Loading stylesheet /u01/docbuilder/dita-ot-1.8.5/xsl/job-helper.xsl
[stdout][job-helper] Processing /work/tmp/scratch/docbuilder/buildArea/build_1890506/tmp/.job.xml to /work/tmp/scratch/docbuilder/buildArea/build_1890506/tmp/copytotarget2sourcemap.list
[stdout][job-helper] Loading stylesheet /u01/docbuilder/dita-ot-1.8.5/xsl/job-helper.xsl
[stdout]
[stdout]maplink-check:
[stdout]
[stdout]maplink:
[stdout]  [maplink] Processing /work/tmp/scratch/docbuilder/buildArea/build_1890506/tmp/oracle-data-guard-broker.ditamap to /work/tmp/scratch/docbuilder/buildArea/build_1890506/tmp/maplinks.unordered
[stdout]  [maplink] Loading stylesheet /u01/docbuilder/dita-ot-1.8.5/xsl/preprocess/maplink.xsl
[stdout]
[stdout]move-links-check:
[stdout]
[stdout]move-links:
[stdout]
[stdout]infodev.preprocess.fixup.check:
[stdout]
[stdout]infodev.preprocess.fixup:
[stdout][infodev.preprocess.fixup] Transforming into /work/tmp/scratch/docbuilder/buildArea/build_1890506/tmp
[stdout][infodev.preprocess.fixup] Processing /work/tmp/scratch/docbuilder/buildArea/build_1890506/tmp/alphabetanotice_ak.xml to /work/tmp/scratch/docbuilder/buildArea/build_1890506/tmp/alphabetanotice_ak.xml.fixup
[stdout][infodev.preprocess.fixup] Loading stylesheet /u01/docbuilder/dita-ot-1.8.5/plugins/infodev.xhtml/xsl/preprocess/infodev-fixup.xsl
[stdout][infodev.preprocess.fixup] Processing /work/tmp/scratch/docbuilder/buildArea/build_1890506/tmp/confidentiallabelnotice_ak.xml to /work/tmp/scratch/docbuilder/buildArea/build_1890506/tmp/confidentiallabelnotice_ak.xml.fixup
[stdout][infodev.preprocess.fixup] Processing /work/tmp/scratch/docbuilder/buildArea/build_1890506/tmp/description-illustration-dgbkr001-eps.xml to /work/tmp/scratch/docbuilder/buildArea/build_1890506/tmp/description-illustration-dgbkr001-eps.xml.fixup
[stdout][infodev.preprocess.fixup] Processing /work/tmp/scratch/docbuilder/buildArea/build_1890506/tmp/description-illustration-dgbkr002-eps.xml to /work/tmp/scratch/docbuilder/buildArea/build_1890506/tmp/description-illustration-dgbkr002-eps.xml.fixup
[stdout][infodev.preprocess.fixup] Processing /work/tmp/scratch/docbuilder/buildArea/build_1890506/tmp/description-illustration-dgbkr003-eps.xml to /work/tmp/scratch/docbuilder/buildArea/build_1890506/tmp/description-illustration-dgbkr003-eps.xml.fixup
[stdout][infodev.preprocess.fixup] Processing /work/tmp/scratch/docbuilder/buildArea/build_1890506/tmp/description-illustration-dgbkr004-eps.xml to /work/tmp/scratch/docbuilder/buildArea/build_1890506/tmp/description-illustration-dgbkr004-eps.xml.fixup
[stdout][infodev.preprocess.fixup] Processing /work/tmp/scratch/docbuilder/buildArea/build_1890506/tmp/description-illustration-dgbkr005-eps.xml to /work/tmp/scratch/docbuilder/buildArea/build_1890506/tmp/description-illustration-dgbkr005-eps.xml.fixup
[stdout][infodev.preprocess.fixup] Processing /work/tmp/scratch/docbuilder/buildArea/build_1890506/tmp/description-illustration-dgbkr007-eps.xml to /work/tmp/scratch/docbuilder/buildArea/build_1890506/tmp/description-illustration-dgbkr007-eps.xml.fixup
[stdout][infodev.preprocess.fixup] Processing /work/tmp/scratch/docbuilder/buildArea/build_1890506/tmp/description-illustration-dgbkr008-eps.xml to /work/tmp/scratch/docbuilder/buildArea/build_1890506/tmp/description-illustration-dgbkr008-eps.xml.fixup
[stdout][infodev.preprocess.fixup] Processing /work/tmp/scratch/docbuilder/buildArea/build_1890506/tmp/description-illustration-dgbkr009-eps.xml to /work/tmp/scratch/docbuilder/buildArea/build_1890506/tmp/description-illustration-dgbkr009-eps.xml.fixup
[stdout][infodev.preprocess.fixup] Processing /work/tmp/scratch/docbuilder/buildArea/build_1890506/tmp/examples-using-data-guard-broker-DGMGRL-utility.xml to /work/tmp/scratch/docbuilder/buildArea/build_1890506/tmp/examples-using-data-guard-broker-DGMGRL-utility.xml.fixup
[stdout][infodev.preprocess.fixup] Processing /work/tmp/scratch/docbuilder/buildArea/build_1890506/tmp/glossary.xml to /work/tmp/scratch/docbuilder/buildArea/build_1890506/tmp/glossary.xml.fixup
[stdout][infodev.preprocess.fixup] Processing /work/tmp/scratch/docbuilder/buildArea/build_1890506/tmp/hazardnotice_ak.xml to /work/tmp/scratch/docbuilder/buildArea/build_1890506/tmp/hazardnotice_ak.xml.fixup
[stdout][infodev.preprocess.fixup] Processing /work/tmp/scratch/docbuilder/buildArea/build_1890506/tmp/licensenotice_ak.xml to /work/tmp/scratch/docbuilder/buildArea/build_1890506/tmp/licensenotice_ak.xml.fixup
[stdout][infodev.preprocess.fixup] Processing /work/tmp/scratch/docbuilder/buildArea/build_1890506/tmp/managing-oracle-data-guard-broker-configuration-members.xml to /work/tmp/scratch/docbuilder/buildArea/build_1890506/tmp/managing-oracle-data-guard-broker-configuration-members.xml.fixup
[stdout][infodev.preprocess.fixup] Processing /work/tmp/scratch/docbuilder/buildArea/build_1890506/tmp/managing-oracle-data-guard-broker-configurations.xml to /work/tmp/scratch/docbuilder/buildArea/build_1890506/tmp/managing-oracle-data-guard-broker-configurations.xml.fixup
[stdout][infodev.preprocess.fixup] Processing /work/tmp/scratch/docbuilder/buildArea/build_1890506/tmp/oracle-data-guard-broker-commands.xml to /work/tmp/scratch/docbuilder/buildArea/build_1890506/tmp/oracle-data-guard-broker-commands.xml.fixup
[stdout][infodev.preprocess.fixup] Processing /work/tmp/scratch/docbuilder/buildArea/build_1890506/tmp/oracle-data-guard-broker-concepts.xml to /work/tmp/scratch/docbuilder/buildArea/build_1890506/tmp/oracle-data-guard-broker-concepts.xml.fixup
[stdout][infodev.preprocess.fixup] Processing /work/tmp/scratch/docbuilder/buildArea/build_1890506/tmp/oracle-data-guard-broker-installation-requirements.xml to /work/tmp/scratch/docbuilder/buildArea/build_1890506/tmp/oracle-data-guard-broker-installation-requirements.xml.fixup
[stdout][infodev.preprocess.fixup] Processing /work/tmp/scratch/docbuilder/buildArea/build_1890506/tmp/oracle-data-guard-broker-properties.xml to /work/tmp/scratch/docbuilder/buildArea/build_1890506/tmp/oracle-data-guard-broker-properties.xml.fixup
[stdout][infodev.preprocess.fixup] Processing /work/tmp/scratch/docbuilder/buildArea/build_1890506/tmp/oracle-data-guard-broker.ditamap to /work/tmp/scratch/docbuilder/buildArea/build_1890506/tmp/oracle-data-guard-broker.ditamap.fixup
[stdout][infodev.preprocess.fixup] Processing /work/tmp/scratch/docbuilder/buildArea/build_1890506/tmp/preface.xml to /work/tmp/scratch/docbuilder/buildArea/build_1890506/tmp/preface.xml.fixup
[stdout][infodev.preprocess.fixup] Processing /work/tmp/scratch/docbuilder/buildArea/build_1890506/tmp/pregeneralavailabilitydraftlabelandpublicationdate_ak.xml to /work/tmp/scratch/docbuilder/buildArea/build_1890506/tmp/pregeneralavailabilitydraftlabelandpublicationdate_ak.xml.fixup
[stdout][infodev.preprocess.fixup] Processing /work/tmp/scratch/docbuilder/buildArea/build_1890506/tmp/release-changes.xml to /work/tmp/scratch/docbuilder/buildArea/build_1890506/tmp/release-changes.xml.fixup
[stdout][infodev.preprocess.fixup] Processing /work/tmp/scratch/docbuilder/buildArea/build_1890506/tmp/restrictedrightslegend_ak.xml to /work/tmp/scratch/docbuilder/buildArea/build_1890506/tmp/restrictedrightslegend_ak.xml.fixup
[stdout][infodev.preprocess.fixup] Processing /work/tmp/scratch/docbuilder/buildArea/build_1890506/tmp/revenuerecognitionnotice_ak.xml to /work/tmp/scratch/docbuilder/buildArea/build_1890506/tmp/revenuerecognitionnotice_ak.xml.fixup
[stdout][infodev.preprocess.fixup] Processing /work/tmp/scratch/docbuilder/buildArea/build_1890506/tmp/trademarknotice_ak.xml to /work/tmp/scratch/docbuilder/buildArea/build_1890506/tmp/trademarknotice_ak.xml.fixup
[stdout][infodev.preprocess.fixup] Processing /work/tmp/scratch/docbuilder/buildArea/build_1890506/tmp/troubleshooting-oracle-data-guard-broker.xml to /work/tmp/scratch/docbuilder/buildArea/build_1890506/tmp/troubleshooting-oracle-data-guard-broker.xml.fixup
[stdout][infodev.preprocess.fixup] Processing /work/tmp/scratch/docbuilder/buildArea/build_1890506/tmp/upgrading-downgrading-in-data-guard-broker-configuration.xml to /work/tmp/scratch/docbuilder/buildArea/build_1890506/tmp/upgrading-downgrading-in-data-guard-broker-configuration.xml.fixup
[stdout][infodev.preprocess.fixup] Processing /work/tmp/scratch/docbuilder/buildArea/build_1890506/tmp/using-data-guard-broker-to-manage-switchovers-failovers.xml to /work/tmp/scratch/docbuilder/buildArea/build_1890506/tmp/using-data-guard-broker-to-manage-switchovers-failovers.xml.fixup
[stdout][infodev.preprocess.fixup] Processing /work/tmp/scratch/docbuilder/buildArea/build_1890506/tmp/warrantnotice_ak.xml to /work/tmp/scratch/docbuilder/buildArea/build_1890506/tmp/warrantnotice_ak.xml.fixup
[stdout][infodev.preprocess.fixup] Processing /work/tmp/scratch/docbuilder/buildArea/build_1890506/tmp/webcontentnotice_ak.xml to /work/tmp/scratch/docbuilder/buildArea/build_1890506/tmp/webcontentnotice_ak.xml.fixup
[stdout]     [move] Moving 32 files to /work/tmp/scratch/docbuilder/buildArea/build_1890506/tmp
[stdout]
[stdout]dita2infodev.link-resolver.init:
[stdout]     [echo] args.linkresolver.ulContext = en/database/oracle/oracle-database/19/dgbkr
[stdout]     [echo] args.linkresolver.flag = true
[stdout]     [echo] linkresolver.dir = /work/tmp/scratch/docbuilder/buildArea/build_1890506/tmp/link-resolver
[stdout]
[stdout]dita2infodev.link-resolver.check:
[stdout]
[stdout]dita2infodev.link-resolver.conversion:
[stdout]    [mkdir] Created dir: /work/tmp/scratch/docbuilder/buildArea/build_1890506/tmp/link-resolver
[stdout][replace-xrefs] Transforming into /work/tmp/scratch/docbuilder/buildArea/build_1890506/tmp/link-resolver
[stdout][replace-xrefs] Processing /work/tmp/scratch/docbuilder/buildArea/build_1890506/tmp/alphabetanotice_ak.xml to /work/tmp/scratch/docbuilder/buildArea/build_1890506/tmp/link-resolver/alphabetanotice_ak.xml
[stdout][replace-xrefs] Loading stylesheet /u01/docbuilder/dita-ot-1.8.5/plugins/infodev.link-resolver/xsl/infodev2link-resolver.xsl
[stdout][replace-xrefs] Processing /work/tmp/scratch/docbuilder/buildArea/build_1890506/tmp/confidentiallabelnotice_ak.xml to /work/tmp/scratch/docbuilder/buildArea/build_1890506/tmp/link-resolver/confidentiallabelnotice_ak.xml
[stdout][replace-xrefs] Processing /work/tmp/scratch/docbuilder/buildArea/build_1890506/tmp/description-illustration-dgbkr001-eps.xml to /work/tmp/scratch/docbuilder/buildArea/build_1890506/tmp/link-resolver/description-illustration-dgbkr001-eps.xml
[stdout][replace-xrefs] Processing /work/tmp/scratch/docbuilder/buildArea/build_1890506/tmp/description-illustration-dgbkr002-eps.xml to /work/tmp/scratch/docbuilder/buildArea/build_1890506/tmp/link-resolver/description-illustration-dgbkr002-eps.xml
[stdout][replace-xrefs] Processing /work/tmp/scratch/docbuilder/buildArea/build_1890506/tmp/description-illustration-dgbkr003-eps.xml to /work/tmp/scratch/docbuilder/buildArea/build_1890506/tmp/link-resolver/description-illustration-dgbkr003-eps.xml
[stdout][replace-xrefs] Processing /work/tmp/scratch/docbuilder/buildArea/build_1890506/tmp/description-illustration-dgbkr004-eps.xml to /work/tmp/scratch/docbuilder/buildArea/build_1890506/tmp/link-resolver/description-illustration-dgbkr004-eps.xml
[stdout][replace-xrefs] Processing /work/tmp/scratch/docbuilder/buildArea/build_1890506/tmp/description-illustration-dgbkr005-eps.xml to /work/tmp/scratch/docbuilder/buildArea/build_1890506/tmp/link-resolver/description-illustration-dgbkr005-eps.xml
[stdout][replace-xrefs] Processing /work/tmp/scratch/docbuilder/buildArea/build_1890506/tmp/description-illustration-dgbkr007-eps.xml to /work/tmp/scratch/docbuilder/buildArea/build_1890506/tmp/link-resolver/description-illustration-dgbkr007-eps.xml
[stdout][replace-xrefs] Processing /work/tmp/scratch/docbuilder/buildArea/build_1890506/tmp/description-illustration-dgbkr008-eps.xml to /work/tmp/scratch/docbuilder/buildArea/build_1890506/tmp/link-resolver/description-illustration-dgbkr008-eps.xml
[stdout][replace-xrefs] Processing /work/tmp/scratch/docbuilder/buildArea/build_1890506/tmp/description-illustration-dgbkr009-eps.xml to /work/tmp/scratch/docbuilder/buildArea/build_1890506/tmp/link-resolver/description-illustration-dgbkr009-eps.xml
[stdout][replace-xrefs] Processing /work/tmp/scratch/docbuilder/buildArea/build_1890506/tmp/examples-using-data-guard-broker-DGMGRL-utility.xml to /work/tmp/scratch/docbuilder/buildArea/build_1890506/tmp/link-resolver/examples-using-data-guard-broker-DGMGRL-utility.xml
[stdout][replace-xrefs] Processing /work/tmp/scratch/docbuilder/buildArea/build_1890506/tmp/glossary.xml to /work/tmp/scratch/docbuilder/buildArea/build_1890506/tmp/link-resolver/glossary.xml
[stdout][replace-xrefs] Processing /work/tmp/scratch/docbuilder/buildArea/build_1890506/tmp/hazardnotice_ak.xml to /work/tmp/scratch/docbuilder/buildArea/build_1890506/tmp/link-resolver/hazardnotice_ak.xml
[stdout][replace-xrefs] Processing /work/tmp/scratch/docbuilder/buildArea/build_1890506/tmp/licensenotice_ak.xml to /work/tmp/scratch/docbuilder/buildArea/build_1890506/tmp/link-resolver/licensenotice_ak.xml
[stdout][replace-xrefs] Processing /work/tmp/scratch/docbuilder/buildArea/build_1890506/tmp/managing-oracle-data-guard-broker-configuration-members.xml to /work/tmp/scratch/docbuilder/buildArea/build_1890506/tmp/link-resolver/managing-oracle-data-guard-broker-configuration-members.xml
[stdout][replace-xrefs] Processing /work/tmp/scratch/docbuilder/buildArea/build_1890506/tmp/managing-oracle-data-guard-broker-configurations.xml to /work/tmp/scratch/docbuilder/buildArea/build_1890506/tmp/link-resolver/managing-oracle-data-guard-broker-configurations.xml
[stdout][replace-xrefs] Processing /work/tmp/scratch/docbuilder/buildArea/build_1890506/tmp/oracle-data-guard-broker-commands.xml to /work/tmp/scratch/docbuilder/buildArea/build_1890506/tmp/link-resolver/oracle-data-guard-broker-commands.xml
[stdout][replace-xrefs] Processing /work/tmp/scratch/docbuilder/buildArea/build_1890506/tmp/oracle-data-guard-broker-concepts.xml to /work/tmp/scratch/docbuilder/buildArea/build_1890506/tmp/link-resolver/oracle-data-guard-broker-concepts.xml
[stdout][replace-xrefs] Processing /work/tmp/scratch/docbuilder/buildArea/build_1890506/tmp/oracle-data-guard-broker-installation-requirements.xml to /work/tmp/scratch/docbuilder/buildArea/build_1890506/tmp/link-resolver/oracle-data-guard-broker-installation-requirements.xml
[stdout][replace-xrefs] Processing /work/tmp/scratch/docbuilder/buildArea/build_1890506/tmp/oracle-data-guard-broker-properties.xml to /work/tmp/scratch/docbuilder/buildArea/build_1890506/tmp/link-resolver/oracle-data-guard-broker-properties.xml
[stdout][replace-xrefs] Processing /work/tmp/scratch/docbuilder/buildArea/build_1890506/tmp/oracle-data-guard-broker.ditamap to /work/tmp/scratch/docbuilder/buildArea/build_1890506/tmp/link-resolver/oracle-data-guard-broker.ditamap
[stdout][replace-xrefs] Processing /work/tmp/scratch/docbuilder/buildArea/build_1890506/tmp/preface.xml to /work/tmp/scratch/docbuilder/buildArea/build_1890506/tmp/link-resolver/preface.xml
[stdout][replace-xrefs] Processing /work/tmp/scratch/docbuilder/buildArea/build_1890506/tmp/pregeneralavailabilitydraftlabelandpublicationdate_ak.xml to /work/tmp/scratch/docbuilder/buildArea/build_1890506/tmp/link-resolver/pregeneralavailabilitydraftlabelandpublicationdate_ak.xml
[stdout][replace-xrefs] Processing /work/tmp/scratch/docbuilder/buildArea/build_1890506/tmp/release-changes.xml to /work/tmp/scratch/docbuilder/buildArea/build_1890506/tmp/link-resolver/release-changes.xml
[stdout][replace-xrefs] Processing /work/tmp/scratch/docbuilder/buildArea/build_1890506/tmp/restrictedrightslegend_ak.xml to /work/tmp/scratch/docbuilder/buildArea/build_1890506/tmp/link-resolver/restrictedrightslegend_ak.xml
[stdout][replace-xrefs] Processing /work/tmp/scratch/docbuilder/buildArea/build_1890506/tmp/revenuerecognitionnotice_ak.xml to /work/tmp/scratch/docbuilder/buildArea/build_1890506/tmp/link-resolver/revenuerecognitionnotice_ak.xml
[stdout][replace-xrefs] Processing /work/tmp/scratch/docbuilder/buildArea/build_1890506/tmp/trademarknotice_ak.xml to /work/tmp/scratch/docbuilder/buildArea/build_1890506/tmp/link-resolver/trademarknotice_ak.xml
[stdout][replace-xrefs] Processing /work/tmp/scratch/docbuilder/buildArea/build_1890506/tmp/troubleshooting-oracle-data-guard-broker.xml to /work/tmp/scratch/docbuilder/buildArea/build_1890506/tmp/link-resolver/troubleshooting-oracle-data-guard-broker.xml
[stdout][replace-xrefs] Processing /work/tmp/scratch/docbuilder/buildArea/build_1890506/tmp/upgrading-downgrading-in-data-guard-broker-configuration.xml to /work/tmp/scratch/docbuilder/buildArea/build_1890506/tmp/link-resolver/upgrading-downgrading-in-data-guard-broker-configuration.xml
[stdout][replace-xrefs] Processing /work/tmp/scratch/docbuilder/buildArea/build_1890506/tmp/using-data-guard-broker-to-manage-switchovers-failovers.xml to /work/tmp/scratch/docbuilder/buildArea/build_1890506/tmp/link-resolver/using-data-guard-broker-to-manage-switchovers-failovers.xml
[stdout][replace-xrefs] Processing /work/tmp/scratch/docbuilder/buildArea/build_1890506/tmp/warrantnotice_ak.xml to /work/tmp/scratch/docbuilder/buildArea/build_1890506/tmp/link-resolver/warrantnotice_ak.xml
[stdout][replace-xrefs] Processing /work/tmp/scratch/docbuilder/buildArea/build_1890506/tmp/webcontentnotice_ak.xml to /work/tmp/scratch/docbuilder/buildArea/build_1890506/tmp/link-resolver/webcontentnotice_ak.xml
[stdout]
[stdout]dita2infodev.link-resolver.postProcess:
[stdout]     [move] Moving 32 files to /work/tmp/scratch/docbuilder/buildArea/build_1890506/tmp
[stdout]     [move] Attempting to rename: /work/tmp/scratch/docbuilder/buildArea/build_1890506/tmp/link-resolver/alphabetanotice_ak.xml to /work/tmp/scratch/docbuilder/buildArea/build_1890506/tmp/alphabetanotice_ak.xml
[stdout]     [move] Attempting to rename: /work/tmp/scratch/docbuilder/buildArea/build_1890506/tmp/link-resolver/confidentiallabelnotice_ak.xml to /work/tmp/scratch/docbuilder/buildArea/build_1890506/tmp/confidentiallabelnotice_ak.xml
[stdout]     [move] Attempting to rename: /work/tmp/scratch/docbuilder/buildArea/build_1890506/tmp/link-resolver/description-illustration-dgbkr001-eps.xml to /work/tmp/scratch/docbuilder/buildArea/build_1890506/tmp/description-illustration-dgbkr001-eps.xml
[stdout]     [move] Attempting to rename: /work/tmp/scratch/docbuilder/buildArea/build_1890506/tmp/link-resolver/description-illustration-dgbkr002-eps.xml to /work/tmp/scratch/docbuilder/buildArea/build_1890506/tmp/description-illustration-dgbkr002-eps.xml
[stdout]     [move] Attempting to rename: /work/tmp/scratch/docbuilder/buildArea/build_1890506/tmp/link-resolver/description-illustration-dgbkr003-eps.xml to /work/tmp/scratch/docbuilder/buildArea/build_1890506/tmp/description-illustration-dgbkr003-eps.xml
[stdout]     [move] Attempting to rename: /work/tmp/scratch/docbuilder/buildArea/build_1890506/tmp/link-resolver/description-illustration-dgbkr004-eps.xml to /work/tmp/scratch/docbuilder/buildArea/build_1890506/tmp/description-illustration-dgbkr004-eps.xml
[stdout]     [move] Attempting to rename: /work/tmp/scratch/docbuilder/buildArea/build_1890506/tmp/link-resolver/description-illustration-dgbkr005-eps.xml to /work/tmp/scratch/docbuilder/buildArea/build_1890506/tmp/description-illustration-dgbkr005-eps.xml
[stdout]     [move] Attempting to rename: /work/tmp/scratch/docbuilder/buildArea/build_1890506/tmp/link-resolver/description-illustration-dgbkr007-eps.xml to /work/tmp/scratch/docbuilder/buildArea/build_1890506/tmp/description-illustration-dgbkr007-eps.xml
[stdout]     [move] Attempting to rename: /work/tmp/scratch/docbuilder/buildArea/build_1890506/tmp/link-resolver/description-illustration-dgbkr008-eps.xml to /work/tmp/scratch/docbuilder/buildArea/build_1890506/tmp/description-illustration-dgbkr008-eps.xml
[stdout]     [move] Attempting to rename: /work/tmp/scratch/docbuilder/buildArea/build_1890506/tmp/link-resolver/description-illustration-dgbkr009-eps.xml to /work/tmp/scratch/docbuilder/buildArea/build_1890506/tmp/description-illustration-dgbkr009-eps.xml
[stdout]     [move] Attempting to rename: /work/tmp/scratch/docbuilder/buildArea/build_1890506/tmp/link-resolver/examples-using-data-guard-broker-DGMGRL-utility.xml to /work/tmp/scratch/docbuilder/buildArea/build_1890506/tmp/examples-using-data-guard-broker-DGMGRL-utility.xml
[stdout]     [move] Attempting to rename: /work/tmp/scratch/docbuilder/buildArea/build_1890506/tmp/link-resolver/glossary.xml to /work/tmp/scratch/docbuilder/buildArea/build_1890506/tmp/glossary.xml
[stdout]     [move] Attempting to rename: /work/tmp/scratch/docbuilder/buildArea/build_1890506/tmp/link-resolver/hazardnotice_ak.xml to /work/tmp/scratch/docbuilder/buildArea/build_1890506/tmp/hazardnotice_ak.xml
[stdout]     [move] Attempting to rename: /work/tmp/scratch/docbuilder/buildArea/build_1890506/tmp/link-resolver/licensenotice_ak.xml to /work/tmp/scratch/docbuilder/buildArea/build_1890506/tmp/licensenotice_ak.xml
[stdout]     [move] Attempting to rename: /work/tmp/scratch/docbuilder/buildArea/build_1890506/tmp/link-resolver/managing-oracle-data-guard-broker-configuration-members.xml to /work/tmp/scratch/docbuilder/buildArea/build_1890506/tmp/managing-oracle-data-guard-broker-configuration-members.xml
[stdout]     [move] Attempting to rename: /work/tmp/scratch/docbuilder/buildArea/build_1890506/tmp/link-resolver/managing-oracle-data-guard-broker-configurations.xml to /work/tmp/scratch/docbuilder/buildArea/build_1890506/tmp/managing-oracle-data-guard-broker-configurations.xml
[stdout]     [move] Attempting to rename: /work/tmp/scratch/docbuilder/buildArea/build_1890506/tmp/link-resolver/oracle-data-guard-broker-commands.xml to /work/tmp/scratch/docbuilder/buildArea/build_1890506/tmp/oracle-data-guard-broker-commands.xml
[stdout]     [move] Attempting to rename: /work/tmp/scratch/docbuilder/buildArea/build_1890506/tmp/link-resolver/oracle-data-guard-broker-concepts.xml to /work/tmp/scratch/docbuilder/buildArea/build_1890506/tmp/oracle-data-guard-broker-concepts.xml
[stdout]     [move] Attempting to rename: /work/tmp/scratch/docbuilder/buildArea/build_1890506/tmp/link-resolver/oracle-data-guard-broker-installation-requirements.xml to /work/tmp/scratch/docbuilder/buildArea/build_1890506/tmp/oracle-data-guard-broker-installation-requirements.xml
[stdout]     [move] Attempting to rename: /work/tmp/scratch/docbuilder/buildArea/build_1890506/tmp/link-resolver/oracle-data-guard-broker-properties.xml to /work/tmp/scratch/docbuilder/buildArea/build_1890506/tmp/oracle-data-guard-broker-properties.xml
[stdout]     [move] Attempting to rename: /work/tmp/scratch/docbuilder/buildArea/build_1890506/tmp/link-resolver/oracle-data-guard-broker.ditamap to /work/tmp/scratch/docbuilder/buildArea/build_1890506/tmp/oracle-data-guard-broker.ditamap
[stdout]     [move] Attempting to rename: /work/tmp/scratch/docbuilder/buildArea/build_1890506/tmp/link-resolver/preface.xml to /work/tmp/scratch/docbuilder/buildArea/build_1890506/tmp/preface.xml
[stdout]     [move] Attempting to rename: /work/tmp/scratch/docbuilder/buildArea/build_1890506/tmp/link-resolver/pregeneralavailabilitydraftlabelandpublicationdate_ak.xml to /work/tmp/scratch/docbuilder/buildArea/build_1890506/tmp/pregeneralavailabilitydraftlabelandpublicationdate_ak.xml
[stdout]     [move] Attempting to rename: /work/tmp/scratch/docbuilder/buildArea/build_1890506/tmp/link-resolver/release-changes.xml to /work/tmp/scratch/docbuilder/buildArea/build_1890506/tmp/release-changes.xml
[stdout]     [move] Attempting to rename: /work/tmp/scratch/docbuilder/buildArea/build_1890506/tmp/link-resolver/restrictedrightslegend_ak.xml to /work/tmp/scratch/docbuilder/buildArea/build_1890506/tmp/restrictedrightslegend_ak.xml
[stdout]     [move] Attempting to rename: /work/tmp/scratch/docbuilder/buildArea/build_1890506/tmp/link-resolver/revenuerecognitionnotice_ak.xml to /work/tmp/scratch/docbuilder/buildArea/build_1890506/tmp/revenuerecognitionnotice_ak.xml
[stdout]     [move] Attempting to rename: /work/tmp/scratch/docbuilder/buildArea/build_1890506/tmp/link-resolver/trademarknotice_ak.xml to /work/tmp/scratch/docbuilder/buildArea/build_1890506/tmp/trademarknotice_ak.xml
[stdout]     [move] Attempting to rename: /work/tmp/scratch/docbuilder/buildArea/build_1890506/tmp/link-resolver/troubleshooting-oracle-data-guard-broker.xml to /work/tmp/scratch/docbuilder/buildArea/build_1890506/tmp/troubleshooting-oracle-data-guard-broker.xml
[stdout]     [move] Attempting to rename: /work/tmp/scratch/docbuilder/buildArea/build_1890506/tmp/link-resolver/upgrading-downgrading-in-data-guard-broker-configuration.xml to /work/tmp/scratch/docbuilder/buildArea/build_1890506/tmp/upgrading-downgrading-in-data-guard-broker-configuration.xml
[stdout]     [move] Attempting to rename: /work/tmp/scratch/docbuilder/buildArea/build_1890506/tmp/link-resolver/using-data-guard-broker-to-manage-switchovers-failovers.xml to /work/tmp/scratch/docbuilder/buildArea/build_1890506/tmp/using-data-guard-broker-to-manage-switchovers-failovers.xml
[stdout]     [move] Attempting to rename: /work/tmp/scratch/docbuilder/buildArea/build_1890506/tmp/link-resolver/warrantnotice_ak.xml to /work/tmp/scratch/docbuilder/buildArea/build_1890506/tmp/warrantnotice_ak.xml
[stdout]     [move] Attempting to rename: /work/tmp/scratch/docbuilder/buildArea/build_1890506/tmp/link-resolver/webcontentnotice_ak.xml to /work/tmp/scratch/docbuilder/buildArea/build_1890506/tmp/webcontentnotice_ak.xml
[stdout]     [move] Deleting directory /work/tmp/scratch/docbuilder/buildArea/build_1890506/tmp/link-resolver
[stdout]
[stdout]dita2infodev.link-resolver:
[stdout]
[stdout]topicpull-check:
[stdout]
[stdout]topicpull:
[stdout][topicpull] Transforming into /work/tmp/scratch/docbuilder/buildArea/build_1890506/tmp
[stdout][topicpull] Processing /work/tmp/scratch/docbuilder/buildArea/build_1890506/tmp/alphabetanotice_ak.xml to /work/tmp/scratch/docbuilder/buildArea/build_1890506/tmp/alphabetanotice_ak.xml.pull
[stdout][topicpull] Loading stylesheet /u01/docbuilder/dita-ot-1.8.5/xsl/preprocess/topicpull.xsl
[stdout][topicpull] Processing /work/tmp/scratch/docbuilder/buildArea/build_1890506/tmp/confidentiallabelnotice_ak.xml to /work/tmp/scratch/docbuilder/buildArea/build_1890506/tmp/confidentiallabelnotice_ak.xml.pull
[stdout][topicpull] Processing /work/tmp/scratch/docbuilder/buildArea/build_1890506/tmp/description-illustration-dgbkr001-eps.xml to /work/tmp/scratch/docbuilder/buildArea/build_1890506/tmp/description-illustration-dgbkr001-eps.xml.pull
[stdout][topicpull] Processing /work/tmp/scratch/docbuilder/buildArea/build_1890506/tmp/description-illustration-dgbkr002-eps.xml to /work/tmp/scratch/docbuilder/buildArea/build_1890506/tmp/description-illustration-dgbkr002-eps.xml.pull
[stdout][topicpull] Processing /work/tmp/scratch/docbuilder/buildArea/build_1890506/tmp/description-illustration-dgbkr003-eps.xml to /work/tmp/scratch/docbuilder/buildArea/build_1890506/tmp/description-illustration-dgbkr003-eps.xml.pull
[stdout][topicpull] Processing /work/tmp/scratch/docbuilder/buildArea/build_1890506/tmp/description-illustration-dgbkr004-eps.xml to /work/tmp/scratch/docbuilder/buildArea/build_1890506/tmp/description-illustration-dgbkr004-eps.xml.pull
[stdout][topicpull] Processing /work/tmp/scratch/docbuilder/buildArea/build_1890506/tmp/description-illustration-dgbkr005-eps.xml to /work/tmp/scratch/docbuilder/buildArea/build_1890506/tmp/description-illustration-dgbkr005-eps.xml.pull
[stdout][topicpull] Processing /work/tmp/scratch/docbuilder/buildArea/build_1890506/tmp/description-illustration-dgbkr007-eps.xml to /work/tmp/scratch/docbuilder/buildArea/build_1890506/tmp/description-illustration-dgbkr007-eps.xml.pull
[stdout][topicpull] Processing /work/tmp/scratch/docbuilder/buildArea/build_1890506/tmp/description-illustration-dgbkr008-eps.xml to /work/tmp/scratch/docbuilder/buildArea/build_1890506/tmp/description-illustration-dgbkr008-eps.xml.pull
[stdout][topicpull] Processing /work/tmp/scratch/docbuilder/buildArea/build_1890506/tmp/description-illustration-dgbkr009-eps.xml to /work/tmp/scratch/docbuilder/buildArea/build_1890506/tmp/description-illustration-dgbkr009-eps.xml.pull
[stdout][topicpull] Processing /work/tmp/scratch/docbuilder/buildArea/build_1890506/tmp/examples-using-data-guard-broker-DGMGRL-utility.xml to /work/tmp/scratch/docbuilder/buildArea/build_1890506/tmp/examples-using-data-guard-broker-DGMGRL-utility.xml.pull
[stdout][topicpull] Processing /work/tmp/scratch/docbuilder/buildArea/build_1890506/tmp/glossary.xml to /work/tmp/scratch/docbuilder/buildArea/build_1890506/tmp/glossary.xml.pull
[stdout][topicpull] Processing /work/tmp/scratch/docbuilder/buildArea/build_1890506/tmp/hazardnotice_ak.xml to /work/tmp/scratch/docbuilder/buildArea/build_1890506/tmp/hazardnotice_ak.xml.pull
[stdout][topicpull] Processing /work/tmp/scratch/docbuilder/buildArea/build_1890506/tmp/licensenotice_ak.xml to /work/tmp/scratch/docbuilder/buildArea/build_1890506/tmp/licensenotice_ak.xml.pull
[stdout][topicpull] Processing /work/tmp/scratch/docbuilder/buildArea/build_1890506/tmp/managing-oracle-data-guard-broker-configuration-members.xml to /work/tmp/scratch/docbuilder/buildArea/build_1890506/tmp/managing-oracle-data-guard-broker-configuration-members.xml.pull
[stdout][topicpull] Processing /work/tmp/scratch/docbuilder/buildArea/build_1890506/tmp/managing-oracle-data-guard-broker-configurations.xml to /work/tmp/scratch/docbuilder/buildArea/build_1890506/tmp/managing-oracle-data-guard-broker-configurations.xml.pull
[stdout][topicpull] Processing /work/tmp/scratch/docbuilder/buildArea/build_1890506/tmp/oracle-data-guard-broker-commands.xml to /work/tmp/scratch/docbuilder/buildArea/build_1890506/tmp/oracle-data-guard-broker-commands.xml.pull
[stdout][topicpull] Processing /work/tmp/scratch/docbuilder/buildArea/build_1890506/tmp/oracle-data-guard-broker-concepts.xml to /work/tmp/scratch/docbuilder/buildArea/build_1890506/tmp/oracle-data-guard-broker-concepts.xml.pull
[stdout][topicpull] Processing /work/tmp/scratch/docbuilder/buildArea/build_1890506/tmp/oracle-data-guard-broker-installation-requirements.xml to /work/tmp/scratch/docbuilder/buildArea/build_1890506/tmp/oracle-data-guard-broker-installation-requirements.xml.pull
[stdout][topicpull] Processing /work/tmp/scratch/docbuilder/buildArea/build_1890506/tmp/oracle-data-guard-broker-properties.xml to /work/tmp/scratch/docbuilder/buildArea/build_1890506/tmp/oracle-data-guard-broker-properties.xml.pull
[stdout][topicpull] Processing /work/tmp/scratch/docbuilder/buildArea/build_1890506/tmp/preface.xml to /work/tmp/scratch/docbuilder/buildArea/build_1890506/tmp/preface.xml.pull
[stdout][topicpull] Processing /work/tmp/scratch/docbuilder/buildArea/build_1890506/tmp/pregeneralavailabilitydraftlabelandpublicationdate_ak.xml to /work/tmp/scratch/docbuilder/buildArea/build_1890506/tmp/pregeneralavailabilitydraftlabelandpublicationdate_ak.xml.pull
[stdout][topicpull] Processing /work/tmp/scratch/docbuilder/buildArea/build_1890506/tmp/release-changes.xml to /work/tmp/scratch/docbuilder/buildArea/build_1890506/tmp/release-changes.xml.pull
[stdout][topicpull] Processing /work/tmp/scratch/docbuilder/buildArea/build_1890506/tmp/restrictedrightslegend_ak.xml to /work/tmp/scratch/docbuilder/buildArea/build_1890506/tmp/restrictedrightslegend_ak.xml.pull
[stdout][topicpull] Processing /work/tmp/scratch/docbuilder/buildArea/build_1890506/tmp/revenuerecognitionnotice_ak.xml to /work/tmp/scratch/docbuilder/buildArea/build_1890506/tmp/revenuerecognitionnotice_ak.xml.pull
[stdout][topicpull] Processing /work/tmp/scratch/docbuilder/buildArea/build_1890506/tmp/trademarknotice_ak.xml to /work/tmp/scratch/docbuilder/buildArea/build_1890506/tmp/trademarknotice_ak.xml.pull
[stdout][topicpull] Processing /work/tmp/scratch/docbuilder/buildArea/build_1890506/tmp/troubleshooting-oracle-data-guard-broker.xml to /work/tmp/scratch/docbuilder/buildArea/build_1890506/tmp/troubleshooting-oracle-data-guard-broker.xml.pull
[stdout][topicpull] Processing /work/tmp/scratch/docbuilder/buildArea/build_1890506/tmp/upgrading-downgrading-in-data-guard-broker-configuration.xml to /work/tmp/scratch/docbuilder/buildArea/build_1890506/tmp/upgrading-downgrading-in-data-guard-broker-configuration.xml.pull
[stdout][topicpull] [DOTX030W][WARN]: The type attribute on a xref element was set to task, but the reference is to a concept topic. This may cause your links to sort incorrectly in the output.  The location of this problem was at (File = /work/transformations/build_1890506/dita2dita/oracle-data-guard-broker-upgrading-and-downgrading.xml, Element = xref:2;2:126)
[stdout][topicpull] Processing /work/tmp/scratch/docbuilder/buildArea/build_1890506/tmp/using-data-guard-broker-to-manage-switchovers-failovers.xml to /work/tmp/scratch/docbuilder/buildArea/build_1890506/tmp/using-data-guard-broker-to-manage-switchovers-failovers.xml.pull
[stdout][topicpull] Processing /work/tmp/scratch/docbuilder/buildArea/build_1890506/tmp/warrantnotice_ak.xml to /work/tmp/scratch/docbuilder/buildArea/build_1890506/tmp/warrantnotice_ak.xml.pull
[stdout][topicpull] Processing /work/tmp/scratch/docbuilder/buildArea/build_1890506/tmp/webcontentnotice_ak.xml to /work/tmp/scratch/docbuilder/buildArea/build_1890506/tmp/webcontentnotice_ak.xml.pull
[stdout]     [move] Moving 31 files to /work/tmp/scratch/docbuilder/buildArea/build_1890506/tmp
[stdout]
[stdout]flag-module-check:
[stdout]
[stdout]flag-module:
[stdout][preprocess_flag] Transforming into /work/tmp/scratch/docbuilder/buildArea/build_1890506/tmp
[stdout][preprocess_flag] Processing /work/tmp/scratch/docbuilder/buildArea/build_1890506/tmp/alphabetanotice_ak.xml to /work/tmp/scratch/docbuilder/buildArea/build_1890506/tmp/alphabetanotice_ak.xml.flag
[stdout][preprocess_flag] Loading stylesheet /u01/docbuilder/dita-ot-1.8.5/xsl/preprocess/flag.xsl
[stdout][preprocess_flag] Processing /work/tmp/scratch/docbuilder/buildArea/build_1890506/tmp/confidentiallabelnotice_ak.xml to /work/tmp/scratch/docbuilder/buildArea/build_1890506/tmp/confidentiallabelnotice_ak.xml.flag
[stdout][preprocess_flag] Processing /work/tmp/scratch/docbuilder/buildArea/build_1890506/tmp/description-illustration-dgbkr001-eps.xml to /work/tmp/scratch/docbuilder/buildArea/build_1890506/tmp/description-illustration-dgbkr001-eps.xml.flag
[stdout][preprocess_flag] Processing /work/tmp/scratch/docbuilder/buildArea/build_1890506/tmp/description-illustration-dgbkr002-eps.xml to /work/tmp/scratch/docbuilder/buildArea/build_1890506/tmp/description-illustration-dgbkr002-eps.xml.flag
[stdout][preprocess_flag] Processing /work/tmp/scratch/docbuilder/buildArea/build_1890506/tmp/description-illustration-dgbkr003-eps.xml to /work/tmp/scratch/docbuilder/buildArea/build_1890506/tmp/description-illustration-dgbkr003-eps.xml.flag
[stdout][preprocess_flag] Processing /work/tmp/scratch/docbuilder/buildArea/build_1890506/tmp/description-illustration-dgbkr004-eps.xml to /work/tmp/scratch/docbuilder/buildArea/build_1890506/tmp/description-illustration-dgbkr004-eps.xml.flag
[stdout][preprocess_flag] Processing /work/tmp/scratch/docbuilder/buildArea/build_1890506/tmp/description-illustration-dgbkr005-eps.xml to /work/tmp/scratch/docbuilder/buildArea/build_1890506/tmp/description-illustration-dgbkr005-eps.xml.flag
[stdout][preprocess_flag] Processing /work/tmp/scratch/docbuilder/buildArea/build_1890506/tmp/description-illustration-dgbkr007-eps.xml to /work/tmp/scratch/docbuilder/buildArea/build_1890506/tmp/description-illustration-dgbkr007-eps.xml.flag
[stdout][preprocess_flag] Processing /work/tmp/scratch/docbuilder/buildArea/build_1890506/tmp/description-illustration-dgbkr008-eps.xml to /work/tmp/scratch/docbuilder/buildArea/build_1890506/tmp/description-illustration-dgbkr008-eps.xml.flag
[stdout][preprocess_flag] Processing /work/tmp/scratch/docbuilder/buildArea/build_1890506/tmp/description-illustration-dgbkr009-eps.xml to /work/tmp/scratch/docbuilder/buildArea/build_1890506/tmp/description-illustration-dgbkr009-eps.xml.flag
[stdout][preprocess_flag] Processing /work/tmp/scratch/docbuilder/buildArea/build_1890506/tmp/examples-using-data-guard-broker-DGMGRL-utility.xml to /work/tmp/scratch/docbuilder/buildArea/build_1890506/tmp/examples-using-data-guard-broker-DGMGRL-utility.xml.flag
[stdout][preprocess_flag] Processing /work/tmp/scratch/docbuilder/buildArea/build_1890506/tmp/glossary.xml to /work/tmp/scratch/docbuilder/buildArea/build_1890506/tmp/glossary.xml.flag
[stdout][preprocess_flag] Processing /work/tmp/scratch/docbuilder/buildArea/build_1890506/tmp/hazardnotice_ak.xml to /work/tmp/scratch/docbuilder/buildArea/build_1890506/tmp/hazardnotice_ak.xml.flag
[stdout][preprocess_flag] Processing /work/tmp/scratch/docbuilder/buildArea/build_1890506/tmp/licensenotice_ak.xml to /work/tmp/scratch/docbuilder/buildArea/build_1890506/tmp/licensenotice_ak.xml.flag
[stdout][preprocess_flag] Processing /work/tmp/scratch/docbuilder/buildArea/build_1890506/tmp/managing-oracle-data-guard-broker-configuration-members.xml to /work/tmp/scratch/docbuilder/buildArea/build_1890506/tmp/managing-oracle-data-guard-broker-configuration-members.xml.flag
[stdout][preprocess_flag] Processing /work/tmp/scratch/docbuilder/buildArea/build_1890506/tmp/managing-oracle-data-guard-broker-configurations.xml to /work/tmp/scratch/docbuilder/buildArea/build_1890506/tmp/managing-oracle-data-guard-broker-configurations.xml.flag
[stdout][preprocess_flag] Processing /work/tmp/scratch/docbuilder/buildArea/build_1890506/tmp/oracle-data-guard-broker-commands.xml to /work/tmp/scratch/docbuilder/buildArea/build_1890506/tmp/oracle-data-guard-broker-commands.xml.flag
[stdout][preprocess_flag] Processing /work/tmp/scratch/docbuilder/buildArea/build_1890506/tmp/oracle-data-guard-broker-concepts.xml to /work/tmp/scratch/docbuilder/buildArea/build_1890506/tmp/oracle-data-guard-broker-concepts.xml.flag
[stdout][preprocess_flag] Processing /work/tmp/scratch/docbuilder/buildArea/build_1890506/tmp/oracle-data-guard-broker-installation-requirements.xml to /work/tmp/scratch/docbuilder/buildArea/build_1890506/tmp/oracle-data-guard-broker-installation-requirements.xml.flag
[stdout][preprocess_flag] Processing /work/tmp/scratch/docbuilder/buildArea/build_1890506/tmp/oracle-data-guard-broker-properties.xml to /work/tmp/scratch/docbuilder/buildArea/build_1890506/tmp/oracle-data-guard-broker-properties.xml.flag
[stdout][preprocess_flag] Processing /work/tmp/scratch/docbuilder/buildArea/build_1890506/tmp/preface.xml to /work/tmp/scratch/docbuilder/buildArea/build_1890506/tmp/preface.xml.flag
[stdout][preprocess_flag] Processing /work/tmp/scratch/docbuilder/buildArea/build_1890506/tmp/pregeneralavailabilitydraftlabelandpublicationdate_ak.xml to /work/tmp/scratch/docbuilder/buildArea/build_1890506/tmp/pregeneralavailabilitydraftlabelandpublicationdate_ak.xml.flag
[stdout][preprocess_flag] Processing /work/tmp/scratch/docbuilder/buildArea/build_1890506/tmp/release-changes.xml to /work/tmp/scratch/docbuilder/buildArea/build_1890506/tmp/release-changes.xml.flag
[stdout][preprocess_flag] Processing /work/tmp/scratch/docbuilder/buildArea/build_1890506/tmp/restrictedrightslegend_ak.xml to /work/tmp/scratch/docbuilder/buildArea/build_1890506/tmp/restrictedrightslegend_ak.xml.flag
[stdout][preprocess_flag] Processing /work/tmp/scratch/docbuilder/buildArea/build_1890506/tmp/revenuerecognitionnotice_ak.xml to /work/tmp/scratch/docbuilder/buildArea/build_1890506/tmp/revenuerecognitionnotice_ak.xml.flag
[stdout][preprocess_flag] Processing /work/tmp/scratch/docbuilder/buildArea/build_1890506/tmp/trademarknotice_ak.xml to /work/tmp/scratch/docbuilder/buildArea/build_1890506/tmp/trademarknotice_ak.xml.flag
[stdout][preprocess_flag] Processing /work/tmp/scratch/docbuilder/buildArea/build_1890506/tmp/troubleshooting-oracle-data-guard-broker.xml to /work/tmp/scratch/docbuilder/buildArea/build_1890506/tmp/troubleshooting-oracle-data-guard-broker.xml.flag
[stdout][preprocess_flag] Processing /work/tmp/scratch/docbuilder/buildArea/build_1890506/tmp/upgrading-downgrading-in-data-guard-broker-configuration.xml to /work/tmp/scratch/docbuilder/buildArea/build_1890506/tmp/upgrading-downgrading-in-data-guard-broker-configuration.xml.flag
[stdout][preprocess_flag] Processing /work/tmp/scratch/docbuilder/buildArea/build_1890506/tmp/using-data-guard-broker-to-manage-switchovers-failovers.xml to /work/tmp/scratch/docbuilder/buildArea/build_1890506/tmp/using-data-guard-broker-to-manage-switchovers-failovers.xml.flag
[stdout][preprocess_flag] Processing /work/tmp/scratch/docbuilder/buildArea/build_1890506/tmp/warrantnotice_ak.xml to /work/tmp/scratch/docbuilder/buildArea/build_1890506/tmp/warrantnotice_ak.xml.flag
[stdout][preprocess_flag] Processing /work/tmp/scratch/docbuilder/buildArea/build_1890506/tmp/webcontentnotice_ak.xml to /work/tmp/scratch/docbuilder/buildArea/build_1890506/tmp/webcontentnotice_ak.xml.flag
[stdout]     [move] Moving 31 files to /work/tmp/scratch/docbuilder/buildArea/build_1890506/tmp
[stdout]
[stdout]dc-preprocess:
[stdout]
[stdout]sp_docbuilder.xhtml.indexGraphics:
[stdout]
[stdout]html5.get.plugin.version:
[stdout]     [echo] HTML5 plugin version 1.1.443
[stdout]
[stdout]set.properties:
[stdout]
[stdout]dita.map.html5.init:
[stdout]
[stdout]dita.map.html5.echo:
[stdout]     [echo] +++ html5-specific properties:
[stdout]     [echo] #Ant properties
[stdout]     [echo] #Sun May 11 21:22:50 PDT 2025
[stdout]     [echo] css.output.dir=css
[stdout]     [echo] d4p.html5.dir=/u01/docbuilder/dita-ot-1.8.5/plugins/org.dita4publishers.html5
[stdout]     [echo] d4p.is.map.driven=true
[stdout]     [echo] d4p.max.toc.depth=5
[stdout]     [echo] html5.anchor.strategy=false
[stdout]     [echo] html5.args.css.path=themes/dita-d4p-classic/css/
[stdout]     [echo] html5.build.themes.dir=cached-themes
[stdout]     [echo] html5.class.body=centered navigation-default
[stdout]     [echo] html5.class.home.page=homepage
[stdout]     [echo] html5.class.icon.left=fi fi-arrow-left
[stdout]     [echo] html5.class.icon.parent=fi fi-arrow-up
[stdout]     [echo] html5.class.icon.right=fi fi-arrow-right
[stdout]     [echo] html5.class.main.container=container_12
[stdout]     [echo] html5.class.main.content=grid_8 alpha omega
[stdout]     [echo] html5.class.navigation=grid_4 alpha omega
[stdout]     [echo] html5.class.root.main.content=grid_8
[stdout]     [echo] html5.class.section.container=grid_12
[stdout]     [echo] html5.compression.temp.dir.name=temp-libs
[stdout]     [echo] html5.concatenation.prefix=c
[stdout]     [echo] html5.copy.assets=yes
[stdout]     [echo] html5.css.dir=css
[stdout]     [echo] html5.default.script=script.css
[stdout]     [echo] html5.default.style=theme.css
[stdout]     [echo] html5.do.copy.graphics=true
[stdout]     [echo] html5.doJavaScriptFileCopy=true
[stdout]     [echo] html5.fonts.dir=fonts
[stdout]     [echo] html5.grid.prefix=grid_
[stdout]     [echo] html5.id.main.container=d4h5-main-container
[stdout]     [echo] html5.id.main.content=d4h5-main-content
[stdout]     [echo] html5.id.navigation=local-navigation
[stdout]     [echo] html5.id.section.container=d4h5-section-container
[stdout]     [echo] html5.img.dir=img
[stdout]     [echo] html5.index.filename=index
[stdout]     [echo] html5.js.dir=js
[stdout]     [echo] html5.js.options=
[stdout]     [echo] html5.libs.dir=html5-themes
[stdout]     [echo] html5.misc.dir=misc
[stdout]     [echo] html5.navigation.markup=navigation-default
[stdout]     [echo] html5.output.size.strategy=true
[stdout]     [echo] html5.plugin.version=1.1.443
[stdout]     [echo] html5.site.config=/u01/docbuilder/dita-ot-1.8.5/plugins/org.dita4publishers.html5/html5-themes/dita-d4p-classic.xml
[stdout]     [echo] html5.site.theme=dita-d4p-classic
[stdout]     [echo] html5.temp.libs.dir=/u01/docbuilder/dita-ot-1.8.5/temp/html5-themes
[stdout]     [echo] html5.temp.theme.dir=/u01/docbuilder/dita-ot-1.8.5/temp/themes/dita-d4p-classic
[stdout]     [echo] html5.theme.config.dir=/u01/docbuilder/dita-ot-1.8.5/plugins/org.dita4publishers.html5/html5-themes
[stdout]     [echo] html5.theme.dir=/u01/docbuilder/dita-ot-1.8.5/plugins/org.dita4publishers.html5/cached-themes/dita-d4p-classic
[stdout]     [echo] html5.theme.exists=true
[stdout]     [echo] html5.theme.file=themes/dita-d4p-classic/css/style-min.css
[stdout]     [echo] html5.theme.output.dir=/work/tmp/scratch/docbuilder/buildArea/build_1890506/out/themes/dita-d4p-classic
[stdout]     [echo] html5.theme.version.file=version.properties
[stdout]     [echo] html5.themes.dir=themes
[stdout]     [echo] html5.themes.output.dir=themes
[stdout]     [echo] html5doctype.style=/u01/docbuilder/dita-ot-1.8.5/plugins/sp_docbuilder.xhtml/xsl/post-process/legacyCompatHtml2html5.xsl
[stdout]     [echo] out.ext=.html
[stdout]     [echo] user.country=US
[stdout]     [echo] user.csspath=
[stdout]     [echo] user.dir=/u01/docbuilder/dita-ot-1.8.5
[stdout]     [echo] user.home=/home/docbuilder
[stdout]     [echo] user.input.dir=/work/transformations/build_1890506/dita2dita
[stdout]     [echo] user.input.file=oracle-data-guard-broker.ditamap
[stdout]     [echo] user.input.file.listfile=usr.input.file.list
[stdout]     [echo] user.language=en
[stdout]     [echo] user.name=docbuilder
[stdout]     [echo] user.timezone=
[stdout]
[stdout]dita.map.html5.package:
[stdout]
[stdout]dita.map.html5.get.package:
[stdout]
[stdout]dita.map.html5.get.libs:
[stdout]
[stdout]dita.map.html5:
[stdout]     [xslt] Transforming into /work/tmp/scratch/docbuilder/buildArea/build_1890506/out
[stdout]     [xslt] Processing /work/tmp/scratch/docbuilder/buildArea/build_1890506/tmp/oracle-data-guard-broker.ditamap to /work/tmp/scratch/docbuilder/buildArea/build_1890506/out/toc.html
[stdout]     [xslt] Loading stylesheet /u01/docbuilder/dita-ot-1.8.5/plugins/sp_docbuilder.xhtml/xsl/infodev2xhtml.xsl
[stdout]     [xslt] Unknown file: Warning! The child axis starting at an attribute node will never select anything
[stdout]     [xslt]  
[stdout]     [xslt]       ==========================================
[stdout]     [xslt]       Plugin version: ^version^ - build ^buildnumber^ at ^timestamp^
[stdout]     [xslt]       
[stdout]     [xslt]       HTML2 Parameters:
[stdout]     [xslt]       
[stdout]     [xslt]       + cssOutputDir       = "css"
[stdout]     [xslt]       + fileOrganizationStrategy = "as-authored"  
[stdout]     [xslt]       + generateDynamicToc = "true"
[stdout]     [xslt]       + generateGlossary   = "no"
[stdout]     [xslt]       + generateFrameset   = "true"
[stdout]     [xslt]       + generateIndex      = "yes
[stdout]     [xslt]       + generateStaticToc  = "true"
[stdout]     [xslt]       + imagesOutputDir    = "img"
[stdout]     [xslt]       + inputFileNameParam = "oracle-data-guard-broker.ditamap"
[stdout]     [xslt]       + outdir             = "file:/work/tmp/scratch/docbuilder/buildArea/build_1890506/out/"
[stdout]     [xslt]       + OUTEXT             = ".html"
[stdout]     [xslt]       + tempdir            = "file:/work/tmp/scratch/docbuilder/buildArea/build_1890506/tmp/"
[stdout]     [xslt]       + titleOnlyTopicClassSpec = "- topic/topic "
[stdout]     [xslt]       + titleOnlyTopicTitleClassSpec = "- topic/title "
[stdout]     [xslt]       + topicsOutputDir    = ""
[stdout]     [xslt] 
[stdout]     [xslt]       DITA2HTML parameters:
[stdout]     [xslt]       
[stdout]     [xslt]       + CSS             = ""
[stdout]     [xslt]       + CSSPATH         = ""
[stdout]     [xslt]       + FILEDIR         = "."
[stdout]     [xslt]       + KEYREF-FILE     = "file:/work/tmp/scratch/docbuilder/buildArea/build_1890506/tmp/keydef.xml"
[stdout]     [xslt]       + OUTPUTDIR       = "/work/tmp/scratch/docbuilder/buildArea/build_1890506/out"
[stdout]     [xslt]       + PATH2PROJ       = ""
[stdout]     [xslt]       + WORKDIR         = "file:/work/tmp/scratch/docbuilder/buildArea/build_1890506/tmp/"
[stdout]     [xslt]       
[stdout]     [xslt]       + debug           = "false"
[stdout]     [xslt] 
[stdout]     [xslt]       Global Variables:
[stdout]     [xslt]       
[stdout]     [xslt]       + cssOutputPath    = "file:/work/tmp/scratch/docbuilder/buildArea/build_1890506/out/css"
[stdout]     [xslt]       + topicsOutputPath = "file:/work/tmp/scratch/docbuilder/buildArea/build_1890506/out/"
[stdout]     [xslt]       + imagesOutputPath = "file:/work/tmp/scratch/docbuilder/buildArea/build_1890506/out/img"
[stdout]     [xslt]       + platform         = " + [INFO] File file:/work/tmp/scratch/docbuilder/buildArea/build_1890506/tmp/export-document.met found.
[stdout]     [xslt] "
[stdout]     [xslt]       + debugBoolean     = "false"
[stdout]     [xslt]     
[stdout]     [xslt]  InfoDev Customization Parameters:
[stdout]     [xslt]             BETADRAFT = "none" (isBetaDraft: false)
[stdout]     [xslt]             BRAND = ""
[stdout]     [xslt]             DOCID = "DGBKR"
[stdout]     [xslt]             DBG = ""
[stdout]     [xslt]             MAPLANG = "en-us"
[stdout]     [xslt]             DEFAULTLANG = "en-us"
[stdout]     [xslt]         
[stdout]     [xslt]   
[stdout]     [xslt]       ==========================================
[stdout]     [xslt]     
[stdout]     [xslt]  + [INFO] Collecting data for index generation, enumeration, etc....
[stdout]     [xslt]  + [INFO] Grouping and sorting index terms...
[stdout]     [xslt]  + [INFO] Skipping empty indexterm element in /work/transformations/build_1890506/dita2dita/starting-data-guard-command-line-interface.xml...
[stdout]     [xslt]  + [INFO] Constructing enumerables structure...
[stdout]     [xslt]  + [INFO] Enumerables structure constructed.
[stdout]     [xslt]  + [INFO] Generating graphic input-to-output map...
[stdout]     [xslt]  + [INFO] Found 8 graphic references.
[stdout]     [xslt]  + [INFO] Found 8 unique graphic references.
[stdout]     [xslt]  + [INFO] Graphic input-to-output map generated.
[stdout]     [xslt]  + [DEBUG] Writing file file:/work/tmp/scratch/docbuilder/buildArea/build_1890506/out/collected-data.xml...
[stdout]     [xslt]  + [DEBUG] Generating root pages...
[stdout]     [xslt] [DOTX102I][INFO]: Metadata export document 'file:/work/tmp/scratch/docbuilder/buildArea/build_1890506/tmp/export-publication.met' not found. [DOTX102I][INFO]: Metadata export document 'file:/work/tmp/scratch/docbuilder/buildArea/build_1890506/tmp/export-publication.met' not found. 
[stdout]     [xslt]  + [INFO] Generating static table of contents...
[stdout]     [xslt]  + [INFO] Static table of contents generated.
[stdout]     [xslt]  + [INFO] Generating list of examples as "file:/work/tmp/scratch/docbuilder/buildArea/build_1890506/out/loe.html"
[stdout]     [xslt] container id: GUID-5CA7C5EC-DE39-482D-8E54-2C3126651271
[stdout]     [xslt] container id: GUID-81DE5E90-C544-410C-942E-6172E7BB4205
[stdout]     [xslt] container id: GUID-81DE5E90-C544-410C-942E-6172E7BB4205
[stdout]     [xslt] container id: GUID-407D7187-93B3-4DAB-A31E-4D5302265A48
[stdout]     [xslt] container id: GUID-407D7187-93B3-4DAB-A31E-4D5302265A48
[stdout]     [xslt] container id: GUID-E58A6D1D-19BF-4C47-A0A3-DD228A77DB2D
[stdout]     [xslt] container id: GUID-E58A6D1D-19BF-4C47-A0A3-DD228A77DB2D
[stdout]     [xslt] container id: GUID-E58A6D1D-19BF-4C47-A0A3-DD228A77DB2D
[stdout]     [xslt] container id: GUID-845BE719-CC15-4D6C-BD91-FF935CAE605A
[stdout]     [xslt] container id: GUID-BC513CDB-1E06-4EB3-9FE1-E1331E15E492
[stdout]     [xslt] container id: GUID-BA60C699-B35F-454A-A65F-97A521DDE176
[stdout]     [xslt] container id: GUID-BA60C699-B35F-454A-A65F-97A521DDE176
[stdout]     [xslt] container id: GUID-AC5DA9D2-5E60-4484-9099-0388BF238ACA
[stdout]     [xslt] container id: GUID-AC5DA9D2-5E60-4484-9099-0388BF238ACA
[stdout]     [xslt] container id: GUID-AC5DA9D2-5E60-4484-9099-0388BF238ACA
[stdout]     [xslt] container id: GUID-194E3316-4DBB-436E-90E0-14853F995DCB
[stdout]     [xslt] container id: GUID-194E3316-4DBB-436E-90E0-14853F995DCB
[stdout]     [xslt] container id: GUID-06ED8F7F-4547-4D4D-9D1A-4A84FF234A12
[stdout]     [xslt] container id: GUID-06ED8F7F-4547-4D4D-9D1A-4A84FF234A12
[stdout]     [xslt] container id: GUID-06ED8F7F-4547-4D4D-9D1A-4A84FF234A12
[stdout]     [xslt] container id: GUID-06ED8F7F-4547-4D4D-9D1A-4A84FF234A12
[stdout]     [xslt] container id: GUID-06ED8F7F-4547-4D4D-9D1A-4A84FF234A12
[stdout]     [xslt] container id: GUID-06ED8F7F-4547-4D4D-9D1A-4A84FF234A12
[stdout]     [xslt] container id: GUID-06ED8F7F-4547-4D4D-9D1A-4A84FF234A12
[stdout]     [xslt] container id: GUID-7B35EBDF-F504-4FB8-8E2B-7C57F151C488
[stdout]     [xslt] container id: GUID-7B35EBDF-F504-4FB8-8E2B-7C57F151C488
[stdout]     [xslt]  + [INFO] Generating list of figures as "file:/work/tmp/scratch/docbuilder/buildArea/build_1890506/out/lof.html"
[stdout]     [xslt] container id: GUID-26348C71-E564-4289-880B-1612F77FA9A9
[stdout]     [xslt] container id: GUID-948B0D53-79BF-4E69-815F-421B8B68038F
[stdout]     [xslt] container id: GUID-7E2D5B71-4052-4EC9-AA18-3BB4645B1696
[stdout]     [xslt] container id: GUID-DA58B12D-65A3-439E-8919-AF56F28DD2FD
[stdout]     [xslt] container id: GUID-72586D45-4E5D-409B-B594-8B00FBF91507
[stdout]     [xslt] container id: GUID-1CB8734A-B5D9-4B65-A950-72ADDF632DCE
[stdout]     [xslt] container id: GUID-995CED84-BEA1-4675-9C68-B37CB996924F
[stdout]     [xslt] container id: GUID-5E2A8696-38B4-4782-B8EF-95C0975CD7C6
[stdout]     [xslt]  + [INFO] Generating list of tables as "file:/work/tmp/scratch/docbuilder/buildArea/build_1890506/out/lot.html"
[stdout]     [xslt] container id: GUID-738DB75C-1366-42C5-849E-C25F7E811222
[stdout]     [xslt] container id: GUID-7430128F-D79C-4F6A-8932-8830478B83AB
[stdout]     [xslt] container id: GUID-72DB59E4-097E-4821-9C7C-98B8389BA8F1
[stdout]     [xslt] container id: GUID-F00FD0C8-2A9C-4CA6-A629-F35CED45852F
[stdout]     [xslt] container id: GUID-EDCB8EF3-1B69-483B-BFE5-8AE62B126E1D
[stdout]     [xslt] container id: GUID-FC402EF5-D633-4A46-BE8C-4EDC6A340886
[stdout]     [xslt] container id: GUID-B70D6C87-242B-4657-9C95-DFE750679671
[stdout]     [xslt] container id: GUID-06ED8F7F-4547-4D4D-9D1A-4A84FF234A12
[stdout]     [xslt] container id: GUID-EA462D3D-F2B2-4307-84BE-992F2DA06C17
[stdout]     [xslt]  + [INFO] Generating static target.db...
[stdout]     [xslt]  + [INFO] Static target.db generated.
[stdout]     [xslt]  + [DEBUG] Generating content pages...
[stdout]     [xslt]  + [INFO] Generating content...
[stdout]     [xslt]  + [INFO] Writing topic_test6  to HTML file_test6 "file:/work/tmp/scratch/docbuilder/buildArea/build_1890506/out/preface.html"...
[stdout]     [xslt]  + [INFO] Writing topic_test6  to HTML file_test6 "file:/work/tmp/scratch/docbuilder/buildArea/build_1890506/out/release-changes.html"...
[stdout]     [xslt]  + [INFO] Writing topic_test6  to HTML file_test6 "file:/work/tmp/scratch/docbuilder/buildArea/build_1890506/out/oracle-data-guard-broker-concepts.html"...
[stdout]     [xslt] java.lang.NullPointerException
[stdout]     [xslt] java.lang.NullPointerException
[stdout]     [xslt] + [Debug] Value of origHref: dgbkr008.eps
[stdout]     [xslt] java.lang.NullPointerException
[stdout]     [xslt] java.lang.NullPointerException
[stdout]     [xslt] + [Debug] Value of origHref: dgbkr003.eps
[stdout]     [xslt]  + [WARN] Value "-1" for img/@height is negative. This reflects a bug in the Open Toolkit.
[stdout]     [xslt]  + [WARN]   Suppressing attribute in HTML output.
[stdout]     [xslt]  + [WARN] Value "-1" for img/@width is negative. This reflects a bug in the Open Toolkit.
[stdout]     [xslt]  + [WARN]   Suppressing attribute in HTML output.
[stdout]     [xslt]  + [WARN] Value "-1" for img/@height is negative. This reflects a bug in the Open Toolkit.
[stdout]     [xslt]  + [WARN]   Suppressing attribute in HTML output.
[stdout]     [xslt]  + [WARN] Value "-1" for img/@width is negative. This reflects a bug in the Open Toolkit.
[stdout]     [xslt]  + [WARN]   Suppressing attribute in HTML output.
[stdout]     [xslt]  + [INFO] Writing topic_test6  to HTML file_test6 "file:/work/tmp/scratch/docbuilder/buildArea/build_1890506/out/oracle-data-guard-broker-installation-requirements.html"...
[stdout]     [xslt]  + [INFO] Writing topic_test6  to HTML file_test6 "file:/work/tmp/scratch/docbuilder/buildArea/build_1890506/out/managing-oracle-data-guard-broker-configurations.html"...
[stdout]     [xslt] java.lang.NullPointerException
[stdout]     [xslt] java.lang.NullPointerException
[stdout]     [xslt] + [Debug] Value of origHref: dgbkr009.eps
[stdout]     [xslt] java.lang.NullPointerException
[stdout]     [xslt] java.lang.NullPointerException
[stdout]     [xslt] + [Debug] Value of origHref: dgbkr002.eps
[stdout]     [xslt] java.lang.NullPointerException
[stdout]     [xslt] java.lang.NullPointerException
[stdout]     [xslt] + [Debug] Value of origHref: dgbkr001.eps
[stdout]     [xslt] java.lang.NullPointerException
[stdout]     [xslt] java.lang.NullPointerException
[stdout]     [xslt] + [Debug] Value of origHref: dgbkr005.eps
[stdout]     [xslt]  + [WARN] Value "-1" for img/@height is negative. This reflects a bug in the Open Toolkit.
[stdout]     [xslt]  + [WARN]   Suppressing attribute in HTML output.
[stdout]     [xslt]  + [WARN] Value "-1" for img/@width is negative. This reflects a bug in the Open Toolkit.
[stdout]     [xslt]  + [WARN]   Suppressing attribute in HTML output.
[stdout]     [xslt]  + [WARN] Value "-1" for img/@height is negative. This reflects a bug in the Open Toolkit.
[stdout]     [xslt]  + [WARN]   Suppressing attribute in HTML output.
[stdout]     [xslt]  + [WARN] Value "-1" for img/@width is negative. This reflects a bug in the Open Toolkit.
[stdout]     [xslt]  + [WARN]   Suppressing attribute in HTML output.
[stdout]     [xslt]  + [WARN] Value "-1" for img/@height is negative. This reflects a bug in the Open Toolkit.
[stdout]     [xslt]  + [WARN]   Suppressing attribute in HTML output.
[stdout]     [xslt]  + [WARN] Value "-1" for img/@width is negative. This reflects a bug in the Open Toolkit.
[stdout]     [xslt]  + [WARN]   Suppressing attribute in HTML output.
[stdout]     [xslt]  + [WARN] Value "-1" for img/@height is negative. This reflects a bug in the Open Toolkit.
[stdout]     [xslt]  + [WARN]   Suppressing attribute in HTML output.
[stdout]     [xslt]  + [WARN] Value "-1" for img/@width is negative. This reflects a bug in the Open Toolkit.
[stdout]     [xslt]  + [WARN]   Suppressing attribute in HTML output.
[stdout]     [xslt]  + [INFO] Writing topic_test6  to HTML file_test6 "file:/work/tmp/scratch/docbuilder/buildArea/build_1890506/out/managing-oracle-data-guard-broker-configuration-members.html"...
[stdout]     [xslt]  + [INFO] Writing topic_test6  to HTML file_test6 "file:/work/tmp/scratch/docbuilder/buildArea/build_1890506/out/using-data-guard-broker-to-manage-switchovers-failovers.html"...
[stdout]     [xslt]  + [WARN] Failed to find column width element for $entrypos "1"
[stdout]     [xslt]  + [WARN] Failed to find column width element for $entrypos "2"
[stdout]     [xslt]  + [WARN] Failed to find column width element for $entrypos "3"
[stdout]     [xslt]  + [WARN] Failed to find column width element for $entrypos "4"
[stdout]     [xslt]  + [WARN] Failed to find column width element for $entrypos "1"
[stdout]     [xslt]  + [WARN] Failed to find column width element for $entrypos "2"
[stdout]     [xslt]  + [WARN] Failed to find column width element for $entrypos "3"
[stdout]     [xslt]  + [WARN] Failed to find column width element for $entrypos "4"
[stdout]     [xslt]  + [WARN] Failed to find column width element for $entrypos "1"
[stdout]     [xslt]  + [WARN] Failed to find column width element for $entrypos "2"
[stdout]     [xslt]  + [WARN] Failed to find column width element for $entrypos "3"
[stdout]     [xslt]  + [WARN] Failed to find column width element for $entrypos "4"
[stdout]     [xslt]  + [WARN] Failed to find column width element for $entrypos "1"
[stdout]     [xslt]  + [WARN] Failed to find column width element for $entrypos "2"
[stdout]     [xslt]  + [WARN] Failed to find column width element for $entrypos "3"
[stdout]     [xslt]  + [WARN] Failed to find column width element for $entrypos "4"
[stdout]     [xslt] java.lang.NullPointerException
[stdout]     [xslt] java.lang.NullPointerException
[stdout]     [xslt] + [Debug] Value of origHref: dgbkr004.eps
[stdout]     [xslt] java.lang.NullPointerException
[stdout]     [xslt] java.lang.NullPointerException
[stdout]     [xslt] + [Debug] Value of origHref: dgbkr007.eps
[stdout]     [xslt]  + [WARN] Value "-1" for img/@height is negative. This reflects a bug in the Open Toolkit.
[stdout]     [xslt]  + [WARN]   Suppressing attribute in HTML output.
[stdout]     [xslt]  + [WARN] Value "-1" for img/@width is negative. This reflects a bug in the Open Toolkit.
[stdout]     [xslt]  + [WARN]   Suppressing attribute in HTML output.
[stdout]     [xslt]  + [WARN] Value "-1" for img/@height is negative. This reflects a bug in the Open Toolkit.
[stdout]     [xslt]  + [WARN]   Suppressing attribute in HTML output.
[stdout]     [xslt]  + [WARN] Value "-1" for img/@width is negative. This reflects a bug in the Open Toolkit.
[stdout]     [xslt]  + [WARN]   Suppressing attribute in HTML output.
[stdout]     [xslt]  + [INFO] Writing topic_test6  to HTML file_test6 "file:/work/tmp/scratch/docbuilder/buildArea/build_1890506/out/examples-using-data-guard-broker-DGMGRL-utility.html"...
[stdout]     [xslt]  + [INFO] Writing topic_test6  to HTML file_test6 "file:/work/tmp/scratch/docbuilder/buildArea/build_1890506/out/oracle-data-guard-broker-commands.html"...
[stdout]     [xslt] [DOTX052W][WARN]: No string named 'Related Topics' was found when creating generated text; using the value 'Related Topics' in your output file.  The location of this problem was at (File = /work/transformations/build_1890506/dita2dita/enable-fast_start-failover.xml, Element = link:1;42:129)
[stdout]     [xslt]  + [INFO] Writing topic_test6  to HTML file_test6 "file:/work/tmp/scratch/docbuilder/buildArea/build_1890506/out/oracle-data-guard-broker-properties.html"...
[stdout]     [xslt]  + [WARN] Failed to find column width element for $entrypos "1"
[stdout]     [xslt]  + [WARN] Failed to find column width element for $entrypos "2"
[stdout]     [xslt]  + [WARN] Failed to find column width element for $entrypos "1"
[stdout]     [xslt]  + [WARN] Failed to find column width element for $entrypos "2"
[stdout]     [xslt]  + [WARN] Failed to find column width element for $entrypos "1"
[stdout]     [xslt]  + [WARN] Failed to find column width element for $entrypos "2"
[stdout]     [xslt]  + [WARN] Failed to find column width element for $entrypos "1"
[stdout]     [xslt]  + [WARN] Failed to find column width element for $entrypos "2"
[stdout]     [xslt]  + [WARN] Failed to find column width element for $entrypos "1"
[stdout]     [xslt]  + [WARN] Failed to find column width element for $entrypos "2"
[stdout]     [xslt]  + [WARN] Failed to find column width element for $entrypos "1"
[stdout]     [xslt]  + [WARN] Failed to find column width element for $entrypos "2"
[stdout]     [xslt]  + [WARN] Failed to find column width element for $entrypos "1"
[stdout]     [xslt]  + [WARN] Failed to find column width element for $entrypos "2"
[stdout]     [xslt]  + [WARN] Failed to find column width element for $entrypos "1"
[stdout]     [xslt]  + [WARN] Failed to find column width element for $entrypos "2"
[stdout]     [xslt]  + [WARN] Failed to find column width element for $entrypos "1"
[stdout]     [xslt]  + [WARN] Failed to find column width element for $entrypos "2"
[stdout]     [xslt]  + [WARN] Failed to find column width element for $entrypos "1"
[stdout]     [xslt]  + [WARN] Failed to find column width element for $entrypos "2"
[stdout]     [xslt]  + [WARN] Failed to find column width element for $entrypos "1"
[stdout]     [xslt]  + [WARN] Failed to find column width element for $entrypos "2"
[stdout]     [xslt]  + [WARN] Failed to find column width element for $entrypos "1"
[stdout]     [xslt]  + [WARN] Failed to find column width element for $entrypos "2"
[stdout]     [xslt]  + [WARN] Failed to find column width element for $entrypos "1"
[stdout]     [xslt]  + [WARN] Failed to find column width element for $entrypos "2"
[stdout]     [xslt]  + [WARN] Failed to find column width element for $entrypos "1"
[stdout]     [xslt]  + [WARN] Failed to find column width element for $entrypos "2"
[stdout]     [xslt]  + [WARN] Failed to find column width element for $entrypos "1"
[stdout]     [xslt]  + [WARN] Failed to find column width element for $entrypos "2"
[stdout]     [xslt]  + [WARN] Failed to find column width element for $entrypos "1"
[stdout]     [xslt]  + [WARN] Failed to find column width element for $entrypos "2"
[stdout]     [xslt]  + [WARN] Failed to find column width element for $entrypos "1"
[stdout]     [xslt]  + [WARN] Failed to find column width element for $entrypos "2"
[stdout]     [xslt]  + [WARN] Failed to find column width element for $entrypos "1"
[stdout]     [xslt]  + [WARN] Failed to find column width element for $entrypos "2"
[stdout]     [xslt]  + [WARN] Failed to find column width element for $entrypos "1"
[stdout]     [xslt]  + [WARN] Failed to find column width element for $entrypos "2"
[stdout]     [xslt]  + [WARN] Failed to find column width element for $entrypos "1"
[stdout]     [xslt]  + [WARN] Failed to find column width element for $entrypos "2"
[stdout]     [xslt]  + [WARN] Failed to find column width element for $entrypos "1"
[stdout]     [xslt]  + [WARN] Failed to find column width element for $entrypos "2"
[stdout]     [xslt]  + [WARN] Failed to find column width element for $entrypos "1"
[stdout]     [xslt]  + [WARN] Failed to find column width element for $entrypos "2"
[stdout]     [xslt]  + [WARN] Failed to find column width element for $entrypos "1"
[stdout]     [xslt]  + [WARN] Failed to find column width element for $entrypos "2"
[stdout]     [xslt]  + [WARN] Failed to find column width element for $entrypos "1"
[stdout]     [xslt]  + [WARN] Failed to find column width element for $entrypos "2"
[stdout]     [xslt]  + [WARN] Failed to find column width element for $entrypos "1"
[stdout]     [xslt]  + [WARN] Failed to find column width element for $entrypos "2"
[stdout]     [xslt]  + [WARN] Failed to find column width element for $entrypos "1"
[stdout]     [xslt]  + [WARN] Failed to find column width element for $entrypos "2"
[stdout]     [xslt]  + [WARN] Failed to find column width element for $entrypos "1"
[stdout]     [xslt]  + [WARN] Failed to find column width element for $entrypos "2"
[stdout]     [xslt]  + [WARN] Failed to find column width element for $entrypos "1"
[stdout]     [xslt]  + [WARN] Failed to find column width element for $entrypos "2"
[stdout]     [xslt]  + [WARN] Failed to find column width element for $entrypos "1"
[stdout]     [xslt]  + [WARN] Failed to find column width element for $entrypos "2"
[stdout]     [xslt]  + [WARN] Failed to find column width element for $entrypos "1"
[stdout]     [xslt]  + [WARN] Failed to find column width element for $entrypos "2"
[stdout]     [xslt]  + [WARN] Failed to find column width element for $entrypos "1"
[stdout]     [xslt]  + [WARN] Failed to find column width element for $entrypos "2"
[stdout]     [xslt]  + [WARN] Failed to find column width element for $entrypos "1"
[stdout]     [xslt]  + [WARN] Failed to find column width element for $entrypos "2"
[stdout]     [xslt]  + [WARN] Failed to find column width element for $entrypos "1"
[stdout]     [xslt]  + [WARN] Failed to find column width element for $entrypos "2"
[stdout]     [xslt]  + [WARN] Failed to find column width element for $entrypos "1"
[stdout]     [xslt]  + [WARN] Failed to find column width element for $entrypos "2"
[stdout]     [xslt]  + [WARN] Failed to find column width element for $entrypos "1"
[stdout]     [xslt]  + [WARN] Failed to find column width element for $entrypos "2"
[stdout]     [xslt]  + [WARN] Failed to find column width element for $entrypos "1"
[stdout]     [xslt]  + [WARN] Failed to find column width element for $entrypos "2"
[stdout]     [xslt]  + [WARN] Failed to find column width element for $entrypos "1"
[stdout]     [xslt]  + [WARN] Failed to find column width element for $entrypos "2"
[stdout]     [xslt]  + [WARN] Failed to find column width element for $entrypos "1"
[stdout]     [xslt]  + [WARN] Failed to find column width element for $entrypos "2"
[stdout]     [xslt]  + [WARN] Failed to find column width element for $entrypos "1"
[stdout]     [xslt]  + [WARN] Failed to find column width element for $entrypos "2"
[stdout]     [xslt]  + [WARN] Failed to find column width element for $entrypos "1"
[stdout]     [xslt]  + [WARN] Failed to find column width element for $entrypos "2"
[stdout]     [xslt]  + [WARN] Failed to find column width element for $entrypos "1"
[stdout]     [xslt]  + [WARN] Failed to find column width element for $entrypos "2"
[stdout]     [xslt]  + [WARN] Failed to find column width element for $entrypos "1"
[stdout]     [xslt]  + [WARN] Failed to find column width element for $entrypos "2"
[stdout]     [xslt]  + [WARN] Failed to find column width element for $entrypos "1"
[stdout]     [xslt]  + [WARN] Failed to find column width element for $entrypos "2"
[stdout]     [xslt]  + [WARN] Failed to find column width element for $entrypos "1"
[stdout]     [xslt]  + [WARN] Failed to find column width element for $entrypos "2"
[stdout]     [xslt]  + [WARN] Failed to find column width element for $entrypos "1"
[stdout]     [xslt]  + [WARN] Failed to find column width element for $entrypos "2"
[stdout]     [xslt]  + [WARN] Failed to find column width element for $entrypos "1"
[stdout]     [xslt]  + [WARN] Failed to find column width element for $entrypos "2"
[stdout]     [xslt]  + [WARN] Failed to find column width element for $entrypos "1"
[stdout]     [xslt]  + [WARN] Failed to find column width element for $entrypos "2"
[stdout]     [xslt]  + [WARN] Failed to find column width element for $entrypos "1"
[stdout]     [xslt]  + [WARN] Failed to find column width element for $entrypos "2"
[stdout]     [xslt]  + [WARN] Failed to find column width element for $entrypos "1"
[stdout]     [xslt]  + [WARN] Failed to find column width element for $entrypos "2"
[stdout]     [xslt]  + [WARN] Failed to find column width element for $entrypos "1"
[stdout]     [xslt]  + [WARN] Failed to find column width element for $entrypos "2"
[stdout]     [xslt]  + [WARN] Failed to find column width element for $entrypos "1"
[stdout]     [xslt]  + [WARN] Failed to find column width element for $entrypos "2"
[stdout]     [xslt]  + [WARN] Failed to find column width element for $entrypos "1"
[stdout]     [xslt]  + [WARN] Failed to find column width element for $entrypos "2"
[stdout]     [xslt]  + [WARN] Failed to find column width element for $entrypos "1"
[stdout]     [xslt]  + [WARN] Failed to find column width element for $entrypos "2"
[stdout]     [xslt]  + [WARN] Failed to find column width element for $entrypos "1"
[stdout]     [xslt]  + [WARN] Failed to find column width element for $entrypos "2"
[stdout]     [xslt]  + [WARN] Failed to find column width element for $entrypos "1"
[stdout]     [xslt]  + [WARN] Failed to find column width element for $entrypos "2"
[stdout]     [xslt]  + [WARN] Failed to find column width element for $entrypos "1"
[stdout]     [xslt]  + [WARN] Failed to find column width element for $entrypos "2"
[stdout]     [xslt]  + [WARN] Failed to find column width element for $entrypos "1"
[stdout]     [xslt]  + [WARN] Failed to find column width element for $entrypos "2"
[stdout]     [xslt]  + [WARN] Failed to find column width element for $entrypos "1"
[stdout]     [xslt]  + [WARN] Failed to find column width element for $entrypos "2"
[stdout]     [xslt]  + [WARN] Failed to find column width element for $entrypos "1"
[stdout]     [xslt]  + [WARN] Failed to find column width element for $entrypos "2"
[stdout]     [xslt]  + [WARN] Failed to find column width element for $entrypos "1"
[stdout]     [xslt]  + [WARN] Failed to find column width element for $entrypos "2"
[stdout]     [xslt]  + [WARN] Failed to find column width element for $entrypos "1"
[stdout]     [xslt]  + [WARN] Failed to find column width element for $entrypos "2"
[stdout]     [xslt]  + [WARN] Failed to find column width element for $entrypos "1"
[stdout]     [xslt]  + [WARN] Failed to find column width element for $entrypos "2"
[stdout]     [xslt]  + [WARN] Failed to find column width element for $entrypos "1"
[stdout]     [xslt]  + [WARN] Failed to find column width element for $entrypos "2"
[stdout]     [xslt]  + [WARN] Failed to find column width element for $entrypos "1"
[stdout]     [xslt]  + [WARN] Failed to find column width element for $entrypos "2"
[stdout]     [xslt]  + [WARN] Failed to find column width element for $entrypos "1"
[stdout]     [xslt]  + [WARN] Failed to find column width element for $entrypos "2"
[stdout]     [xslt]  + [WARN] Failed to find column width element for $entrypos "1"
[stdout]     [xslt]  + [WARN] Failed to find column width element for $entrypos "2"
[stdout]     [xslt]  + [WARN] Failed to find column width element for $entrypos "1"
[stdout]     [xslt]  + [WARN] Failed to find column width element for $entrypos "2"
[stdout]     [xslt]  + [WARN] Failed to find column width element for $entrypos "1"
[stdout]     [xslt]  + [WARN] Failed to find column width element for $entrypos "2"
[stdout]     [xslt]  + [WARN] Failed to find column width element for $entrypos "1"
[stdout]     [xslt]  + [WARN] Failed to find column width element for $entrypos "2"
[stdout]     [xslt]  + [WARN] Failed to find column width element for $entrypos "1"
[stdout]     [xslt]  + [WARN] Failed to find column width element for $entrypos "2"
[stdout]     [xslt]  + [WARN] Failed to find column width element for $entrypos "1"
[stdout]     [xslt]  + [WARN] Failed to find column width element for $entrypos "2"
[stdout]     [xslt]  + [WARN] Failed to find column width element for $entrypos "1"
[stdout]     [xslt]  + [WARN] Failed to find column width element for $entrypos "2"
[stdout]     [xslt]  + [WARN] Failed to find column width element for $entrypos "1"
[stdout]     [xslt]  + [WARN] Failed to find column width element for $entrypos "2"
[stdout]     [xslt]  + [WARN] Failed to find column width element for $entrypos "1"
[stdout]     [xslt]  + [WARN] Failed to find column width element for $entrypos "2"
[stdout]     [xslt]  + [WARN] Failed to find column width element for $entrypos "1"
[stdout]     [xslt]  + [WARN] Failed to find column width element for $entrypos "2"
[stdout]     [xslt]  + [WARN] Failed to find column width element for $entrypos "1"
[stdout]     [xslt]  + [WARN] Failed to find column width element for $entrypos "2"
[stdout]     [xslt]  + [WARN] Failed to find column width element for $entrypos "1"
[stdout]     [xslt]  + [WARN] Failed to find column width element for $entrypos "2"
[stdout]     [xslt]  + [WARN] Failed to find column width element for $entrypos "1"
[stdout]     [xslt]  + [WARN] Failed to find column width element for $entrypos "2"
[stdout]     [xslt]  + [WARN] Failed to find column width element for $entrypos "1"
[stdout]     [xslt]  + [WARN] Failed to find column width element for $entrypos "2"
[stdout]     [xslt]  + [WARN] Failed to find column width element for $entrypos "1"
[stdout]     [xslt]  + [WARN] Failed to find column width element for $entrypos "2"
[stdout]     [xslt]  + [WARN] Failed to find column width element for $entrypos "1"
[stdout]     [xslt]  + [WARN] Failed to find column width element for $entrypos "2"
[stdout]     [xslt]  + [WARN] Failed to find column width element for $entrypos "1"
[stdout]     [xslt]  + [WARN] Failed to find column width element for $entrypos "2"
[stdout]     [xslt]  + [WARN] Failed to find column width element for $entrypos "1"
[stdout]     [xslt]  + [WARN] Failed to find column width element for $entrypos "2"
[stdout]     [xslt]  + [WARN] Failed to find column width element for $entrypos "1"
[stdout]     [xslt]  + [WARN] Failed to find column width element for $entrypos "2"
[stdout]     [xslt]  + [WARN] Failed to find column width element for $entrypos "1"
[stdout]     [xslt]  + [WARN] Failed to find column width element for $entrypos "2"
[stdout]     [xslt]  + [WARN] Failed to find column width element for $entrypos "1"
[stdout]     [xslt]  + [WARN] Failed to find column width element for $entrypos "2"
[stdout]     [xslt]  + [WARN] Failed to find column width element for $entrypos "1"
[stdout]     [xslt]  + [WARN] Failed to find column width element for $entrypos "2"
[stdout]     [xslt]  + [WARN] Failed to find column width element for $entrypos "1"
[stdout]     [xslt]  + [WARN] Failed to find column width element for $entrypos "2"
[stdout]     [xslt]  + [WARN] Failed to find column width element for $entrypos "1"
[stdout]     [xslt]  + [WARN] Failed to find column width element for $entrypos "2"
[stdout]     [xslt]  + [WARN] Failed to find column width element for $entrypos "1"
[stdout]     [xslt]  + [WARN] Failed to find column width element for $entrypos "2"
[stdout]     [xslt]  + [WARN] Failed to find column width element for $entrypos "1"
[stdout]     [xslt]  + [WARN] Failed to find column width element for $entrypos "2"
[stdout]     [xslt]  + [WARN] Failed to find column width element for $entrypos "1"
[stdout]     [xslt]  + [WARN] Failed to find column width element for $entrypos "2"
[stdout]     [xslt]  + [WARN] Failed to find column width element for $entrypos "1"
[stdout]     [xslt]  + [WARN] Failed to find column width element for $entrypos "2"
[stdout]     [xslt]  + [WARN] Failed to find column width element for $entrypos "1"
[stdout]     [xslt]  + [WARN] Failed to find column width element for $entrypos "2"
[stdout]     [xslt]  + [WARN] Failed to find column width element for $entrypos "1"
[stdout]     [xslt]  + [WARN] Failed to find column width element for $entrypos "2"
[stdout]     [xslt]  + [WARN] Failed to find column width element for $entrypos "1"
[stdout]     [xslt]  + [WARN] Failed to find column width element for $entrypos "2"
[stdout]     [xslt]  + [WARN] Failed to find column width element for $entrypos "1"
[stdout]     [xslt]  + [WARN] Failed to find column width element for $entrypos "2"
[stdout]     [xslt]  + [WARN] Failed to find column width element for $entrypos "1"
[stdout]     [xslt]  + [WARN] Failed to find column width element for $entrypos "2"
[stdout]     [xslt]  + [WARN] Failed to find column width element for $entrypos "1"
[stdout]     [xslt]  + [WARN] Failed to find column width element for $entrypos "2"
[stdout]     [xslt]  + [INFO] Writing topic_test6  to HTML file_test6 "file:/work/tmp/scratch/docbuilder/buildArea/build_1890506/out/troubleshooting-oracle-data-guard-broker.html"...
[stdout]     [xslt]  + [INFO] Writing topic_test6  to HTML file_test6 "file:/work/tmp/scratch/docbuilder/buildArea/build_1890506/out/upgrading-downgrading-in-data-guard-broker-configuration.html"...
[stdout]     [xslt]  + [INFO] Writing topic_test6  to HTML file_test6 "file:/work/tmp/scratch/docbuilder/buildArea/build_1890506/out/glossary.html"...
[stdout]     [xslt]  + [INFO] Content generated.
[stdout]     [xslt]  + [DEBUG] Generating graphic descriptions...
[stdout]     [xslt]  + [INFO] Generating graphic descriptions...
[stdout]     [xslt]  + [DEBUG] graphicFilename: dgbkr008.eps
[stdout]     [xslt]  + [DEBUG] outputFileUri: file:/work/tmp/scratch/docbuilder/buildArea/build_1890506/out/img_text/dgbkr008.html
[stdout]     [xslt]  + [DEBUG] topicPath: file:/work/tmp/scratch/docbuilder/buildArea/build_1890506/tmp/oracle-data-guard-broker-concepts.xml
[stdout]     [xslt]  + [DEBUG] Value of href is: <?attribute name="href" value="description-illustration-dgbkr008-eps.xml"?>
[stdout]     [xslt]  + [DEBUG] targetTopicUri: file:/work/tmp/scratch/docbuilder/buildArea/build_1890506/tmp/description-illustration-dgbkr008-eps.xml
[stdout]     [xslt]  + [DEBUG] longdescref: <topic xmlns:ditaarch="http://dita.oasis-open.org/architecture/2005/"
[stdout]     [xslt]        id="GUID-F5C42360-987C-46CD-8F1C-14039DB27BEE"
[stdout]     [xslt]        xml:lang="en-US"
[stdout]     [xslt]        ishlabelxpath="./title"
[stdout]     [xslt]        ditaarch:DITAArchVersion="1.2"
[stdout]     [xslt]        domains="(topic hi-d)                             (topic ut-d)                             (topic indexing-d)                            (topic abbrev-d)                            (topic pr-d)                             (topic sw-d)                            (topic ui-d)                             a(props condition)                            a(base oracontext)                            (topic infodevImage-c)                            (topic acmsCommon-c)                            a(props condition-architecture)                            a(props condition-audience)                            a(props condition-communications_cloud_native_core)                            a(props condition-db_service)                            a(props condition-device)                            a(props condition-future_release)                            a(props condition-gui)                            a(props condition-install_type)                            a(props condition-interface_type)                            a(props condition-is_enterprise)                            a(props condition-my_sql_service)                            a(props condition-next_release)                            a(props condition-os)                            a(props condition-platform)                            a(props condition-policy_mode)                            a(props condition-product)                            a(props condition-product_family)                            a(props condition-pub_target)                            a(props condition-sdm_ao)                            a(props condition-sdp-platform)                            a(props condition-sdp-product)                            a(props condition-server_model)                            a(props condition-solutions)                            a(props condition-upgrade_path)   "
[stdout]     [xslt]        class="- topic/topic "
[stdout]     [xslt]        xtrf="/work/transformations/build_1890506/dita2dita/description-illustration-dgbkr008-eps.xml"
[stdout]     [xslt]        xtrc="topic:1;1:275"><title id="GUID-96238E4A-A54E-4504-9DD2-630E437ED6D3"
[stdout]     [xslt]           ishlabelxpath="./title | @alt | @href | @conref | self::*[@id and not(@varid)]/@id"
[stdout]     [xslt]           ishlinkxpath="@conref | @href[contains(parent::*/@class,' topic/image ') and not(parent::*/@conref)] | @href[contains(parent::*/@class,' topic/longdescref ') and not(parent::*/@conref)] | @href[contains(parent::*/@class,' topic/longquoteref ') and not(parent::*/@conref)]"
[stdout]     [xslt]           class="- topic/title "
[stdout]     [xslt]           xtrf="/work/transformations/build_1890506/dita2dita/description-illustration-dgbkr008-eps.xml"
[stdout]     [xslt]           xtrc="title:1;1:329">Description of the illustration dgbkr008.eps</title><body ishlabelxpath="./title | @alt | @href | @conref | self::*[@id and not(@varid)]/@id"
[stdout]     [xslt]          ishlinkxpath="@conref | @href[contains(parent::*/@class,' topic/image ') and not(parent::*/@conref)] | @href[contains(parent::*/@class,' topic/longdescref ') and not(parent::*/@conref)] | @href[contains(parent::*/@class,' topic/longquoteref ') and not(parent::*/@conref)]"
[stdout]     [xslt]          class="- topic/body "
[stdout]     [xslt]          xtrf="/work/transformations/build_1890506/dita2dita/description-illustration-dgbkr008-eps.xml"
[stdout]     [xslt]          xtrc="body:1;1:387"><p ishlabelxpath="./title | @alt | @href | @conref | self::*[@id and not(@varid)]/@id"
[stdout]     [xslt]          ishlinkxpath="@conref | @href[contains(parent::*/@class,' topic/image ') and not(parent::*/@conref)] | @href[contains(parent::*/@class,' topic/longdescref ') and not(parent::*/@conref)] | @href[contains(parent::*/@class,' topic/longquoteref ') and not(parent::*/@conref)]"
[stdout]     [xslt]          class="- topic/p "
[stdout]     [xslt]          xtrf="/work/transformations/build_1890506/dita2dita/description-illustration-dgbkr008-eps.xml"
[stdout]     [xslt]          xtrc="p:1;1:390">This figure shows the components of the broker architecture. On the client side, the broker architecture features two user interfaces: the Oracle Enterprise Manager GUI and the Data Guard command-line interface (DGMGRL). On the server side, the figure shows the Data Guard monitor which is implemented through the Data Guard monitor (DMON) process and the Data Guard configuration file. These components are described in more detail in the following sections.</p></body></topic>
[stdout]     [xslt] +[DEBUG] tempTopic: Description of the illustration dgbkr008.epsThis figure shows the components of the broker architecture. On the client side, the broker architecture features two user interfaces: the Oracle Enterprise Manager GUI and the Data Guard command-line interface (DGMGRL). On the server side, the figure shows the Data Guard monitor which is implemented through the Data Guard monitor (DMON) process and the Data Guard configuration file. These components are described in more detail in the following sections.
[stdout]     [xslt]  + [DEBUG] graphicFilename: dgbkr003.eps
[stdout]     [xslt]  + [DEBUG] outputFileUri: file:/work/tmp/scratch/docbuilder/buildArea/build_1890506/out/img_text/dgbkr003.html
[stdout]     [xslt]  + [DEBUG] topicPath: file:/work/tmp/scratch/docbuilder/buildArea/build_1890506/tmp/oracle-data-guard-broker-concepts.xml
[stdout]     [xslt]  + [DEBUG] Value of href is: <?attribute name="href" value="description-illustration-dgbkr003-eps.xml"?>
[stdout]     [xslt]  + [DEBUG] targetTopicUri: file:/work/tmp/scratch/docbuilder/buildArea/build_1890506/tmp/description-illustration-dgbkr003-eps.xml
[stdout]     [xslt]  + [DEBUG] longdescref: <topic xmlns:ditaarch="http://dita.oasis-open.org/architecture/2005/"
[stdout]     [xslt]        id="GUID-192D61CF-D3D4-493E-B1CB-410D28BEDD14"
[stdout]     [xslt]        xml:lang="en-US"
[stdout]     [xslt]        ishlabelxpath="./title"
[stdout]     [xslt]        ditaarch:DITAArchVersion="1.2"
[stdout]     [xslt]        domains="(topic hi-d)                             (topic ut-d)                             (topic indexing-d)                            (topic abbrev-d)                            (topic pr-d)                             (topic sw-d)                            (topic ui-d)                             a(props condition)                            a(base oracontext)                            (topic infodevImage-c)                            (topic acmsCommon-c)                            a(props condition-architecture)                            a(props condition-audience)                            a(props condition-communications_cloud_native_core)                            a(props condition-db_service)                            a(props condition-device)                            a(props condition-future_release)                            a(props condition-gui)                            a(props condition-install_type)                            a(props condition-interface_type)                            a(props condition-is_enterprise)                            a(props condition-my_sql_service)                            a(props condition-next_release)                            a(props condition-os)                            a(props condition-platform)                            a(props condition-policy_mode)                            a(props condition-product)                            a(props condition-product_family)                            a(props condition-pub_target)                            a(props condition-sdm_ao)                            a(props condition-sdp-platform)                            a(props condition-sdp-product)                            a(props condition-server_model)                            a(props condition-solutions)                            a(props condition-upgrade_path)   "
[stdout]     [xslt]        class="- topic/topic "
[stdout]     [xslt]        xtrf="/work/transformations/build_1890506/dita2dita/description-illustration-dgbkr003-eps.xml"
[stdout]     [xslt]        xtrc="topic:1;1:275"><title id="GUID-728385D8-F332-467E-B242-34AB0BEB56CF"
[stdout]     [xslt]           ishlabelxpath="./title | @alt | @href | @conref | self::*[@id and not(@varid)]/@id"
[stdout]     [xslt]           ishlinkxpath="@conref | @href[contains(parent::*/@class,' topic/image ') and not(parent::*/@conref)] | @href[contains(parent::*/@class,' topic/longdescref ') and not(parent::*/@conref)] | @href[contains(parent::*/@class,' topic/longquoteref ') and not(parent::*/@conref)]"
[stdout]     [xslt]           class="- topic/title "
[stdout]     [xslt]           xtrf="/work/transformations/build_1890506/dita2dita/description-illustration-dgbkr003-eps.xml"
[stdout]     [xslt]           xtrc="title:1;1:329">Description of the illustration dgbkr003.eps</title><body ishlabelxpath="./title | @alt | @href | @conref | self::*[@id and not(@varid)]/@id"
[stdout]     [xslt]          ishlinkxpath="@conref | @href[contains(parent::*/@class,' topic/image ') and not(parent::*/@conref)] | @href[contains(parent::*/@class,' topic/longdescref ') and not(parent::*/@conref)] | @href[contains(parent::*/@class,' topic/longquoteref ') and not(parent::*/@conref)]"
[stdout]     [xslt]          class="- topic/body "
[stdout]     [xslt]          xtrf="/work/transformations/build_1890506/dita2dita/description-illustration-dgbkr003-eps.xml"
[stdout]     [xslt]          xtrc="body:1;1:387"><p ishlabelxpath="./title | @alt | @href | @conref | self::*[@id and not(@varid)]/@id"
[stdout]     [xslt]          ishlinkxpath="@conref | @href[contains(parent::*/@class,' topic/image ') and not(parent::*/@conref)] | @href[contains(parent::*/@class,' topic/longdescref ') and not(parent::*/@conref)] | @href[contains(parent::*/@class,' topic/longquoteref ') and not(parent::*/@conref)]"
[stdout]     [xslt]          class="- topic/p "
[stdout]     [xslt]          xtrf="/work/transformations/build_1890506/dita2dita/description-illustration-dgbkr003-eps.xml"
[stdout]     [xslt]          xtrc="p:1;1:390">This figure emphasizes the discussion in the surrounding text that describes the DMON process as one of many Oracle background processes. The top half of the figure shows a primary database on which the Oracle database is interacting with the DMON process and many other background processes such as the Recoverer (RECO), Process Monitor (PMON), System Monitor (SMON), Database Writer (DBW0), Log Writer (LGWR), and the Archiver (ARC0). An elliptical series of dots indicates that the number of processes continues beyond the ones shown in this figure.</p><p ishlabelxpath="./title | @alt | @href | @conref | self::*[@id and not(@varid)]/@id"
[stdout]     [xslt]          ishlinkxpath="@conref | @href[contains(parent::*/@class,' topic/image ') and not(parent::*/@conref)] | @href[contains(parent::*/@class,' topic/longdescref ') and not(parent::*/@conref)] | @href[contains(parent::*/@class,' topic/longquoteref ') and not(parent::*/@conref)]"
[stdout]     [xslt]          class="- topic/p "
[stdout]     [xslt]          xtrf="/work/transformations/build_1890506/dita2dita/description-illustration-dgbkr003-eps.xml"
[stdout]     [xslt]          xtrc="p:2;1:949">The bottom half of the figure represents the standby database as a mirror image of the primary database, showing that there is a DMON process on the standby database along with a series of Oracle database processes as shown on the primary database.</p><p ishlabelxpath="./title | @alt | @href | @conref | self::*[@id and not(@varid)]/@id"
[stdout]     [xslt]          ishlinkxpath="@conref | @href[contains(parent::*/@class,' topic/image ') and not(parent::*/@conref)] | @href[contains(parent::*/@class,' topic/longdescref ') and not(parent::*/@conref)] | @href[contains(parent::*/@class,' topic/longquoteref ') and not(parent::*/@conref)]"
[stdout]     [xslt]          class="- topic/p "
[stdout]     [xslt]          xtrf="/work/transformations/build_1890506/dita2dita/description-illustration-dgbkr003-eps.xml"
[stdout]     [xslt]          xtrc="p:3;1:1204">The figure also shows that two-way communication occurs between the DMON processes on the primary and standby databases over the Oracle Net communication channel.</p></body></topic>
[stdout]     [xslt] +[DEBUG] tempTopic: Description of the illustration dgbkr003.epsThis figure emphasizes the discussion in the surrounding text that describes the DMON process as one of many Oracle background processes. The top half of the figure shows a primary database on which the Oracle database is interacting with the DMON process and many other background processes such as the Recoverer (RECO), Process Monitor (PMON), System Monitor (SMON), Database Writer (DBW0), Log Writer (LGWR), and the Archiver (ARC0). An elliptical series of dots indicates that the number of processes continues beyond the ones shown in this figure.The bottom half of the figure represents the standby database as a mirror image of the primary database, showing that there is a DMON process on the standby database along with a series of Oracle database processes as shown on the primary database.The figure also shows that two-way communication occurs between the DMON processes on the primary and standby databases over the Oracle Net communication channel.
[stdout]     [xslt]  + [DEBUG] graphicFilename: dgbkr009.eps
[stdout]     [xslt]  + [DEBUG] outputFileUri: file:/work/tmp/scratch/docbuilder/buildArea/build_1890506/out/img_text/dgbkr009.html
[stdout]     [xslt]  + [DEBUG] topicPath: file:/work/tmp/scratch/docbuilder/buildArea/build_1890506/tmp/managing-oracle-data-guard-broker-configurations.xml
[stdout]     [xslt]  + [DEBUG] Value of href is: <?attribute name="href" value="description-illustration-dgbkr009-eps.xml"?>
[stdout]     [xslt]  + [DEBUG] targetTopicUri: file:/work/tmp/scratch/docbuilder/buildArea/build_1890506/tmp/description-illustration-dgbkr009-eps.xml
[stdout]     [xslt]  + [DEBUG] longdescref: <topic xmlns:ditaarch="http://dita.oasis-open.org/architecture/2005/"
[stdout]     [xslt]        id="GUID-7EDD3C34-DEF8-46DB-8906-D9B6C8CE7B97"
[stdout]     [xslt]        xml:lang="en-US"
[stdout]     [xslt]        ishlabelxpath="./title"
[stdout]     [xslt]        ditaarch:DITAArchVersion="1.2"
[stdout]     [xslt]        domains="(topic hi-d)                             (topic ut-d)                             (topic indexing-d)                            (topic abbrev-d)                            (topic pr-d)                             (topic sw-d)                            (topic ui-d)                             a(props condition)                            a(base oracontext)                            (topic infodevImage-c)                            (topic acmsCommon-c)                            a(props condition-architecture)                            a(props condition-audience)                            a(props condition-communications_cloud_native_core)                            a(props condition-db_service)                            a(props condition-device)                            a(props condition-future_release)                            a(props condition-gui)                            a(props condition-install_type)                            a(props condition-interface_type)                            a(props condition-is_enterprise)                            a(props condition-my_sql_service)                            a(props condition-next_release)                            a(props condition-os)                            a(props condition-platform)                            a(props condition-policy_mode)                            a(props condition-product)                            a(props condition-product_family)                            a(props condition-pub_target)                            a(props condition-sdm_ao)                            a(props condition-sdp-platform)                            a(props condition-sdp-product)                            a(props condition-server_model)                            a(props condition-solutions)                            a(props condition-upgrade_path)   "
[stdout]     [xslt]        class="- topic/topic "
[stdout]     [xslt]        xtrf="/work/transformations/build_1890506/dita2dita/description-illustration-dgbkr009-eps.xml"
[stdout]     [xslt]        xtrc="topic:1;1:275"><title id="GUID-A339ABC7-96F5-4A4E-99BF-7E5681844873"
[stdout]     [xslt]           ishlabelxpath="./title | @alt | @href | @conref | self::*[@id and not(@varid)]/@id"
[stdout]     [xslt]           ishlinkxpath="@conref | @href[contains(parent::*/@class,' topic/image ') and not(parent::*/@conref)] | @href[contains(parent::*/@class,' topic/longdescref ') and not(parent::*/@conref)] | @href[contains(parent::*/@class,' topic/longquoteref ') and not(parent::*/@conref)]"
[stdout]     [xslt]           class="- topic/title "
[stdout]     [xslt]           xtrf="/work/transformations/build_1890506/dita2dita/description-illustration-dgbkr009-eps.xml"
[stdout]     [xslt]           xtrc="title:1;1:329">Description of the illustration dgbkr009.eps</title><body ishlabelxpath="./title | @alt | @href | @conref | self::*[@id and not(@varid)]/@id"
[stdout]     [xslt]          ishlinkxpath="@conref | @href[contains(parent::*/@class,' topic/image ') and not(parent::*/@conref)] | @href[contains(parent::*/@class,' topic/longdescref ') and not(parent::*/@conref)] | @href[contains(parent::*/@class,' topic/longquoteref ') and not(parent::*/@conref)]"
[stdout]     [xslt]          class="- topic/body "
[stdout]     [xslt]          xtrf="/work/transformations/build_1890506/dita2dita/description-illustration-dgbkr009-eps.xml"
[stdout]     [xslt]          xtrc="body:1;1:387"><p ishlabelxpath="./title | @alt | @href | @conref | self::*[@id and not(@varid)]/@id"
[stdout]     [xslt]          ishlinkxpath="@conref | @href[contains(parent::*/@class,' topic/image ') and not(parent::*/@conref)] | @href[contains(parent::*/@class,' topic/longdescref ') and not(parent::*/@conref)] | @href[contains(parent::*/@class,' topic/longquoteref ') and not(parent::*/@conref)]"
[stdout]     [xslt]          class="- topic/p "
[stdout]     [xslt]          xtrf="/work/transformations/build_1890506/dita2dita/description-illustration-dgbkr009-eps.xml"
[stdout]     [xslt]          xtrc="p:1;1:390">This figure shows a broker configuration consisting of a primary database and a standby database. At the top of the figure, there is a terminal displayed to represent the user interfaces for managing the Data Guard environment: the Data Guard command-line interface (DGMGRL) and Oracle Enterprise Manager.</p><p ishlabelxpath="./title | @alt | @href | @conref | self::*[@id and not(@varid)]/@id"
[stdout]     [xslt]          ishlinkxpath="@conref | @href[contains(parent::*/@class,' topic/image ') and not(parent::*/@conref)] | @href[contains(parent::*/@class,' topic/longdescref ') and not(parent::*/@conref)] | @href[contains(parent::*/@class,' topic/longquoteref ') and not(parent::*/@conref)]"
[stdout]     [xslt]          class="- topic/p "
[stdout]     [xslt]          xtrf="/work/transformations/build_1890506/dita2dita/description-illustration-dgbkr009-eps.xml"
[stdout]     [xslt]          xtrc="p:2;1:702">On the primary database, this figure shows the redo transport services in addition to the following main components: the primary database, Oracle Data Guard monitor (DMON), the online redo log files, and the archived redo log files. The figure also shows standby redo log files in outlined form on the primary side; the standby redo logs are outlined to indicate they are currently inacative but have been configured in preparation for a switchover to the standby role.</p><p ishlabelxpath="./title | @alt | @href | @conref | self::*[@id and not(@varid)]/@id"
[stdout]     [xslt]          ishlinkxpath="@conref | @href[contains(parent::*/@class,' topic/image ') and not(parent::*/@conref)] | @href[contains(parent::*/@class,' topic/longdescref ') and not(parent::*/@conref)] | @href[contains(parent::*/@class,' topic/longquoteref ') and not(parent::*/@conref)]"
[stdout]     [xslt]          class="- topic/p "
[stdout]     [xslt]          xtrf="/work/transformations/build_1890506/dita2dita/description-illustration-dgbkr009-eps.xml"
[stdout]     [xslt]          xtrc="p:3;1:1178">The standby database includes the following components: a standby database, log apply services, the Data Guard monitor, archived redo log files, and standby redo log files. The figure also shows the online redo log files in outlined form. Online redo logs are only used if this is a logical standby database.  Finally, the figure shows DMON processes on the primary and standby databases communicating with each other over Oracle Net.</p></body></topic>
[stdout]     [xslt] +[DEBUG] tempTopic: Description of the illustration dgbkr009.epsThis figure shows a broker configuration consisting of a primary database and a standby database. At the top of the figure, there is a terminal displayed to represent the user interfaces for managing the Data Guard environment: the Data Guard command-line interface (DGMGRL) and Oracle Enterprise Manager.On the primary database, this figure shows the redo transport services in addition to the following main components: the primary database, Oracle Data Guard monitor (DMON), the online redo log files, and the archived redo log files. The figure also shows standby redo log files in outlined form on the primary side; the standby redo logs are outlined to indicate they are currently inacative but have been configured in preparation for a switchover to the standby role.The standby database includes the following components: a standby database, log apply services, the Data Guard monitor, archived redo log files, and standby redo log files. The figure also shows the online redo log files in outlined form. Online redo logs are only used if this is a logical standby database.  Finally, the figure shows DMON processes on the primary and standby databases communicating with each other over Oracle Net.
[stdout]     [xslt]  + [DEBUG] graphicFilename: dgbkr002.eps
[stdout]     [xslt]  + [DEBUG] outputFileUri: file:/work/tmp/scratch/docbuilder/buildArea/build_1890506/out/img_text/dgbkr002.html
[stdout]     [xslt]  + [DEBUG] topicPath: file:/work/tmp/scratch/docbuilder/buildArea/build_1890506/tmp/managing-oracle-data-guard-broker-configurations.xml
[stdout]     [xslt]  + [DEBUG] Value of href is: <?attribute name="href" value="description-illustration-dgbkr002-eps.xml"?>
[stdout]     [xslt]  + [DEBUG] targetTopicUri: file:/work/tmp/scratch/docbuilder/buildArea/build_1890506/tmp/description-illustration-dgbkr002-eps.xml
[stdout]     [xslt]  + [DEBUG] longdescref: <topic xmlns:ditaarch="http://dita.oasis-open.org/architecture/2005/"
[stdout]     [xslt]        id="GUID-872C4F01-C26F-4A44-9863-105452AEF044"
[stdout]     [xslt]        xml:lang="en-US"
[stdout]     [xslt]        ishlabelxpath="./title"
[stdout]     [xslt]        ditaarch:DITAArchVersion="1.2"
[stdout]     [xslt]        domains="(topic hi-d)                             (topic ut-d)                             (topic indexing-d)                            (topic abbrev-d)                            (topic pr-d)                             (topic sw-d)                            (topic ui-d)                             a(props condition)                            a(base oracontext)                            (topic infodevImage-c)                            (topic acmsCommon-c)                            a(props condition-architecture)                            a(props condition-audience)                            a(props condition-communications_cloud_native_core)                            a(props condition-db_service)                            a(props condition-device)                            a(props condition-future_release)                            a(props condition-gui)                            a(props condition-install_type)                            a(props condition-interface_type)                            a(props condition-is_enterprise)                            a(props condition-my_sql_service)                            a(props condition-next_release)                            a(props condition-os)                            a(props condition-platform)                            a(props condition-policy_mode)                            a(props condition-product)                            a(props condition-product_family)                            a(props condition-pub_target)                            a(props condition-sdm_ao)                            a(props condition-sdp-platform)                            a(props condition-sdp-product)                            a(props condition-server_model)                            a(props condition-solutions)                            a(props condition-upgrade_path)   "
[stdout]     [xslt]        class="- topic/topic "
[stdout]     [xslt]        xtrf="/work/transformations/build_1890506/dita2dita/description-illustration-dgbkr002-eps.xml"
[stdout]     [xslt]        xtrc="topic:1;1:275"><title id="GUID-4CFAB37D-04D4-43CB-B787-20F09794DEBD"
[stdout]     [xslt]           ishlabelxpath="./title | @alt | @href | @conref | self::*[@id and not(@varid)]/@id"
[stdout]     [xslt]           ishlinkxpath="@conref | @href[contains(parent::*/@class,' topic/image ') and not(parent::*/@conref)] | @href[contains(parent::*/@class,' topic/longdescref ') and not(parent::*/@conref)] | @href[contains(parent::*/@class,' topic/longquoteref ') and not(parent::*/@conref)]"
[stdout]     [xslt]           class="- topic/title "
[stdout]     [xslt]           xtrf="/work/transformations/build_1890506/dita2dita/description-illustration-dgbkr002-eps.xml"
[stdout]     [xslt]           xtrc="title:1;1:329">Description of the illustration dgbkr002.eps</title><body ishlabelxpath="./title | @alt | @href | @conref | self::*[@id and not(@varid)]/@id"
[stdout]     [xslt]          ishlinkxpath="@conref | @href[contains(parent::*/@class,' topic/image ') and not(parent::*/@conref)] | @href[contains(parent::*/@class,' topic/longdescref ') and not(parent::*/@conref)] | @href[contains(parent::*/@class,' topic/longquoteref ') and not(parent::*/@conref)]"
[stdout]     [xslt]          class="- topic/body "
[stdout]     [xslt]          xtrf="/work/transformations/build_1890506/dita2dita/description-illustration-dgbkr002-eps.xml"
[stdout]     [xslt]          xtrc="body:1;1:387"><p ishlabelxpath="./title | @alt | @href | @conref | self::*[@id and not(@varid)]/@id"
[stdout]     [xslt]          ishlinkxpath="@conref | @href[contains(parent::*/@class,' topic/image ') and not(parent::*/@conref)] | @href[contains(parent::*/@class,' topic/longdescref ') and not(parent::*/@conref)] | @href[contains(parent::*/@class,' topic/longquoteref ') and not(parent::*/@conref)]"
[stdout]     [xslt]          class="- topic/p "
[stdout]     [xslt]          xtrf="/work/transformations/build_1890506/dita2dita/description-illustration-dgbkr002-eps.xml"
[stdout]     [xslt]          xtrc="p:1;1:390">This figure shows an Oracle RAC database with three instances. Each instance defines the DG_BROKER_CONFIG_FILE1 and DG_BROKER_CONFIG_FILE2 initialization parameters that point to the CFS area. Each initialization parameter in the figure is pointing to its appropriate .dat file in the CFS area.</p></body></topic>
[stdout]     [xslt] +[DEBUG] tempTopic: Description of the illustration dgbkr002.epsThis figure shows an Oracle RAC database with three instances. Each instance defines the DG_BROKER_CONFIG_FILE1 and DG_BROKER_CONFIG_FILE2 initialization parameters that point to the CFS area. Each initialization parameter in the figure is pointing to its appropriate .dat file in the CFS area.
[stdout]     [xslt]  + [DEBUG] graphicFilename: dgbkr001.eps
[stdout]     [xslt]  + [DEBUG] outputFileUri: file:/work/tmp/scratch/docbuilder/buildArea/build_1890506/out/img_text/dgbkr001.html
[stdout]     [xslt]  + [DEBUG] topicPath: file:/work/tmp/scratch/docbuilder/buildArea/build_1890506/tmp/managing-oracle-data-guard-broker-configurations.xml
[stdout]     [xslt]  + [DEBUG] Value of href is: <?attribute name="href" value="description-illustration-dgbkr001-eps.xml"?>
[stdout]     [xslt]  + [DEBUG] targetTopicUri: file:/work/tmp/scratch/docbuilder/buildArea/build_1890506/tmp/description-illustration-dgbkr001-eps.xml
[stdout]     [xslt]  + [DEBUG] longdescref: <topic xmlns:ditaarch="http://dita.oasis-open.org/architecture/2005/"
[stdout]     [xslt]        id="GUID-D3A2A56C-02E1-4B60-B9D2-5A216F756B12"
[stdout]     [xslt]        xml:lang="en-US"
[stdout]     [xslt]        ishlabelxpath="./title"
[stdout]     [xslt]        ditaarch:DITAArchVersion="1.2"
[stdout]     [xslt]        domains="(topic hi-d)                             (topic ut-d)                             (topic indexing-d)                            (topic abbrev-d)                            (topic pr-d)                             (topic sw-d)                            (topic ui-d)                             a(props condition)                            a(base oracontext)                            (topic infodevImage-c)                            (topic acmsCommon-c)                            a(props condition-architecture)                            a(props condition-audience)                            a(props condition-communications_cloud_native_core)                            a(props condition-db_service)                            a(props condition-device)                            a(props condition-future_release)                            a(props condition-gui)                            a(props condition-install_type)                            a(props condition-interface_type)                            a(props condition-is_enterprise)                            a(props condition-my_sql_service)                            a(props condition-next_release)                            a(props condition-os)                            a(props condition-platform)                            a(props condition-policy_mode)                            a(props condition-product)                            a(props condition-product_family)                            a(props condition-pub_target)                            a(props condition-sdm_ao)                            a(props condition-sdp-platform)                            a(props condition-sdp-product)                            a(props condition-server_model)                            a(props condition-solutions)                            a(props condition-upgrade_path)   "
[stdout]     [xslt]        class="- topic/topic "
[stdout]     [xslt]        xtrf="/work/transformations/build_1890506/dita2dita/description-illustration-dgbkr001-eps.xml"
[stdout]     [xslt]        xtrc="topic:1;1:275"><title id="GUID-F1C04464-9D9A-4672-B040-A71885CB8A70"
[stdout]     [xslt]           ishlabelxpath="./title | @alt | @href | @conref | self::*[@id and not(@varid)]/@id"
[stdout]     [xslt]           ishlinkxpath="@conref | @href[contains(parent::*/@class,' topic/image ') and not(parent::*/@conref)] | @href[contains(parent::*/@class,' topic/longdescref ') and not(parent::*/@conref)] | @href[contains(parent::*/@class,' topic/longquoteref ') and not(parent::*/@conref)]"
[stdout]     [xslt]           class="- topic/title "
[stdout]     [xslt]           xtrf="/work/transformations/build_1890506/dita2dita/description-illustration-dgbkr001-eps.xml"
[stdout]     [xslt]           xtrc="title:1;1:329">Description of the illustration dgbkr001.eps</title><body ishlabelxpath="./title | @alt | @href | @conref | self::*[@id and not(@varid)]/@id"
[stdout]     [xslt]          ishlinkxpath="@conref | @href[contains(parent::*/@class,' topic/image ') and not(parent::*/@conref)] | @href[contains(parent::*/@class,' topic/longdescref ') and not(parent::*/@conref)] | @href[contains(parent::*/@class,' topic/longquoteref ') and not(parent::*/@conref)]"
[stdout]     [xslt]          class="- topic/body "
[stdout]     [xslt]          xtrf="/work/transformations/build_1890506/dita2dita/description-illustration-dgbkr001-eps.xml"
[stdout]     [xslt]          xtrc="body:1;1:387"><p ishlabelxpath="./title | @alt | @href | @conref | self::*[@id and not(@varid)]/@id"
[stdout]     [xslt]          ishlinkxpath="@conref | @href[contains(parent::*/@class,' topic/image ') and not(parent::*/@conref)] | @href[contains(parent::*/@class,' topic/longdescref ') and not(parent::*/@conref)] | @href[contains(parent::*/@class,' topic/longquoteref ') and not(parent::*/@conref)]"
[stdout]     [xslt]          class="- topic/p "
[stdout]     [xslt]          xtrf="/work/transformations/build_1890506/dita2dita/description-illustration-dgbkr001-eps.xml"
[stdout]     [xslt]          xtrc="p:1;1:390">This figure shows an Oracle RAC database with three instances. Each instance defines the DG_BROKER_CONFIG_FILE1 and DG_BROKER_CONFIG_FILE2 initialization parameters that point to the ASM disk group. Each initialization parameter in the figure is pointing to its appropriate .dat file in the ASM disk group.</p></body></topic>
[stdout]     [xslt] +[DEBUG] tempTopic: Description of the illustration dgbkr001.epsThis figure shows an Oracle RAC database with three instances. Each instance defines the DG_BROKER_CONFIG_FILE1 and DG_BROKER_CONFIG_FILE2 initialization parameters that point to the ASM disk group. Each initialization parameter in the figure is pointing to its appropriate .dat file in the ASM disk group.
[stdout]     [xslt]  + [DEBUG] graphicFilename: dgbkr005.eps
[stdout]     [xslt]  + [DEBUG] outputFileUri: file:/work/tmp/scratch/docbuilder/buildArea/build_1890506/out/img_text/dgbkr005.html
[stdout]     [xslt]  + [DEBUG] topicPath: file:/work/tmp/scratch/docbuilder/buildArea/build_1890506/tmp/managing-oracle-data-guard-broker-configurations.xml
[stdout]     [xslt]  + [DEBUG] Value of href is: <?attribute name="href" value="description-illustration-dgbkr005-eps.xml"?>
[stdout]     [xslt]  + [DEBUG] targetTopicUri: file:/work/tmp/scratch/docbuilder/buildArea/build_1890506/tmp/description-illustration-dgbkr005-eps.xml
[stdout]     [xslt]  + [DEBUG] longdescref: <topic xmlns:ditaarch="http://dita.oasis-open.org/architecture/2005/"
[stdout]     [xslt]        id="GUID-254C175A-F568-450D-AB17-DA0BD4A02BBB"
[stdout]     [xslt]        xml:lang="en-US"
[stdout]     [xslt]        ishlabelxpath="./title"
[stdout]     [xslt]        ditaarch:DITAArchVersion="1.2"
[stdout]     [xslt]        domains="(topic hi-d)                             (topic ut-d)                             (topic indexing-d)                            (topic abbrev-d)                            (topic pr-d)                             (topic sw-d)                            (topic ui-d)                             a(props condition)                            a(base oracontext)                            (topic infodevImage-c)                            (topic acmsCommon-c)                            a(props condition-architecture)                            a(props condition-audience)                            a(props condition-communications_cloud_native_core)                            a(props condition-db_service)                            a(props condition-device)                            a(props condition-future_release)                            a(props condition-gui)                            a(props condition-install_type)                            a(props condition-interface_type)                            a(props condition-is_enterprise)                            a(props condition-my_sql_service)                            a(props condition-next_release)                            a(props condition-os)                            a(props condition-platform)                            a(props condition-policy_mode)                            a(props condition-product)                            a(props condition-product_family)                            a(props condition-pub_target)                            a(props condition-sdm_ao)                            a(props condition-sdp-platform)                            a(props condition-sdp-product)                            a(props condition-server_model)                            a(props condition-solutions)                            a(props condition-upgrade_path)   "
[stdout]     [xslt]        class="- topic/topic "
[stdout]     [xslt]        xtrf="/work/transformations/build_1890506/dita2dita/description-illustration-dgbkr005-eps.xml"
[stdout]     [xslt]        xtrc="topic:1;1:275"><title id="GUID-902E5B3A-25C3-4C5A-81CA-5EC037ED9F95"
[stdout]     [xslt]           ishlabelxpath="./title | @alt | @href | @conref | self::*[@id and not(@varid)]/@id"
[stdout]     [xslt]           ishlinkxpath="@conref | @href[contains(parent::*/@class,' topic/image ') and not(parent::*/@conref)] | @href[contains(parent::*/@class,' topic/longdescref ') and not(parent::*/@conref)] | @href[contains(parent::*/@class,' topic/longquoteref ') and not(parent::*/@conref)]"
[stdout]     [xslt]           class="- topic/title "
[stdout]     [xslt]           xtrf="/work/transformations/build_1890506/dita2dita/description-illustration-dgbkr005-eps.xml"
[stdout]     [xslt]           xtrc="title:1;1:329">Description of the illustration dgbkr005.eps</title><body ishlabelxpath="./title | @alt | @href | @conref | self::*[@id and not(@varid)]/@id"
[stdout]     [xslt]          ishlinkxpath="@conref | @href[contains(parent::*/@class,' topic/image ') and not(parent::*/@conref)] | @href[contains(parent::*/@class,' topic/longdescref ') and not(parent::*/@conref)] | @href[contains(parent::*/@class,' topic/longquoteref ') and not(parent::*/@conref)]"
[stdout]     [xslt]          class="- topic/body "
[stdout]     [xslt]          xtrf="/work/transformations/build_1890506/dita2dita/description-illustration-dgbkr005-eps.xml"
[stdout]     [xslt]          xtrc="body:1;1:387"><p ishlabelxpath="./title | @alt | @href | @conref | self::*[@id and not(@varid)]/@id"
[stdout]     [xslt]          ishlinkxpath="@conref | @href[contains(parent::*/@class,' topic/image ') and not(parent::*/@conref)] | @href[contains(parent::*/@class,' topic/longdescref ') and not(parent::*/@conref)] | @href[contains(parent::*/@class,' topic/longquoteref ') and not(parent::*/@conref)]"
[stdout]     [xslt]          class="- topic/p "
[stdout]     [xslt]          xtrf="/work/transformations/build_1890506/dita2dita/description-illustration-dgbkr005-eps.xml"
[stdout]     [xslt]          xtrc="p:1;1:390">The broker configuration life cycle shown in this figure starts with the tasks of creating and then enabling the broker configuration. After these tasks, the figure shows a continuous circle within which the following tasks typically occur on an ongoing basis in the broker configuration: updating database properties, monitoring and tuning the configuration, making state, role, or protection mode changes. All of the tasks shown in the figure are described in detail in the following text.</p></body></topic>
[stdout]     [xslt] +[DEBUG] tempTopic: Description of the illustration dgbkr005.epsThe broker configuration life cycle shown in this figure starts with the tasks of creating and then enabling the broker configuration. After these tasks, the figure shows a continuous circle within which the following tasks typically occur on an ongoing basis in the broker configuration: updating database properties, monitoring and tuning the configuration, making state, role, or protection mode changes. All of the tasks shown in the figure are described in detail in the following text.
[stdout]     [xslt]  + [DEBUG] graphicFilename: dgbkr004.eps
[stdout]     [xslt]  + [DEBUG] outputFileUri: file:/work/tmp/scratch/docbuilder/buildArea/build_1890506/out/img_text/dgbkr004.html
[stdout]     [xslt]  + [DEBUG] topicPath: file:/work/tmp/scratch/docbuilder/buildArea/build_1890506/tmp/using-data-guard-broker-to-manage-switchovers-failovers.xml
[stdout]     [xslt]  + [DEBUG] Value of href is: <?attribute name="href" value="description-illustration-dgbkr004-eps.xml"?>
[stdout]     [xslt]  + [DEBUG] targetTopicUri: file:/work/tmp/scratch/docbuilder/buildArea/build_1890506/tmp/description-illustration-dgbkr004-eps.xml
[stdout]     [xslt]  + [DEBUG] longdescref: <topic xmlns:ditaarch="http://dita.oasis-open.org/architecture/2005/"
[stdout]     [xslt]        id="GUID-EF31F883-11AC-44E5-AFBB-C1FE48E44D80"
[stdout]     [xslt]        xml:lang="en-US"
[stdout]     [xslt]        ishlabelxpath="./title"
[stdout]     [xslt]        ditaarch:DITAArchVersion="1.2"
[stdout]     [xslt]        domains="(topic hi-d)                             (topic ut-d)                             (topic indexing-d)                            (topic abbrev-d)                            (topic pr-d)                             (topic sw-d)                            (topic ui-d)                             a(props condition)                            a(base oracontext)                            (topic infodevImage-c)                            (topic acmsCommon-c)                            a(props condition-architecture)                            a(props condition-audience)                            a(props condition-communications_cloud_native_core)                            a(props condition-db_service)                            a(props condition-device)                            a(props condition-future_release)                            a(props condition-gui)                            a(props condition-install_type)                            a(props condition-interface_type)                            a(props condition-is_enterprise)                            a(props condition-my_sql_service)                            a(props condition-next_release)                            a(props condition-os)                            a(props condition-platform)                            a(props condition-policy_mode)                            a(props condition-product)                            a(props condition-product_family)                            a(props condition-pub_target)                            a(props condition-sdm_ao)                            a(props condition-sdp-platform)                            a(props condition-sdp-product)                            a(props condition-server_model)                            a(props condition-solutions)                            a(props condition-upgrade_path)   "
[stdout]     [xslt]        class="- topic/topic "
[stdout]     [xslt]        xtrf="/work/transformations/build_1890506/dita2dita/description-illustration-dgbkr004-eps.xml"
[stdout]     [xslt]        xtrc="topic:1;1:275"><title id="GUID-01DD8698-1E26-40C9-8C21-319740062043"
[stdout]     [xslt]           ishlabelxpath="./title | @alt | @href | @conref | self::*[@id and not(@varid)]/@id"
[stdout]     [xslt]           ishlinkxpath="@conref | @href[contains(parent::*/@class,' topic/image ') and not(parent::*/@conref)] | @href[contains(parent::*/@class,' topic/longdescref ') and not(parent::*/@conref)] | @href[contains(parent::*/@class,' topic/longquoteref ') and not(parent::*/@conref)]"
[stdout]     [xslt]           class="- topic/title "
[stdout]     [xslt]           xtrf="/work/transformations/build_1890506/dita2dita/description-illustration-dgbkr004-eps.xml"
[stdout]     [xslt]           xtrc="title:1;1:329">Description of the illustration dgbkr004.eps</title><body ishlabelxpath="./title | @alt | @href | @conref | self::*[@id and not(@varid)]/@id"
[stdout]     [xslt]          ishlinkxpath="@conref | @href[contains(parent::*/@class,' topic/image ') and not(parent::*/@conref)] | @href[contains(parent::*/@class,' topic/longdescref ') and not(parent::*/@conref)] | @href[contains(parent::*/@class,' topic/longquoteref ') and not(parent::*/@conref)]"
[stdout]     [xslt]          class="- topic/body "
[stdout]     [xslt]          xtrf="/work/transformations/build_1890506/dita2dita/description-illustration-dgbkr004-eps.xml"
[stdout]     [xslt]          xtrc="body:1;1:387"><p ishlabelxpath="./title | @alt | @href | @conref | self::*[@id and not(@varid)]/@id"
[stdout]     [xslt]          ishlinkxpath="@conref | @href[contains(parent::*/@class,' topic/image ') and not(parent::*/@conref)] | @href[contains(parent::*/@class,' topic/longdescref ') and not(parent::*/@conref)] | @href[contains(parent::*/@class,' topic/longquoteref ') and not(parent::*/@conref)]"
[stdout]     [xslt]          class="- topic/p "
[stdout]     [xslt]          xtrf="/work/transformations/build_1890506/dita2dita/description-illustration-dgbkr004-eps.xml"
[stdout]     [xslt]          xtrc="p:1;1:390">This figure is described in the text preceding the figure.</p></body></topic>
[stdout]     [xslt] +[DEBUG] tempTopic: Description of the illustration dgbkr004.epsThis figure is described in the text preceding the figure.
[stdout]     [xslt]  + [DEBUG] graphicFilename: dgbkr007.eps
[stdout]     [xslt]  + [DEBUG] outputFileUri: file:/work/tmp/scratch/docbuilder/buildArea/build_1890506/out/img_text/dgbkr007.html
[stdout]     [xslt]  + [DEBUG] topicPath: file:/work/tmp/scratch/docbuilder/buildArea/build_1890506/tmp/using-data-guard-broker-to-manage-switchovers-failovers.xml
[stdout]     [xslt]  + [DEBUG] Value of href is: <?attribute name="href" value="description-illustration-dgbkr007-eps.xml"?>
[stdout]     [xslt]  + [DEBUG] targetTopicUri: file:/work/tmp/scratch/docbuilder/buildArea/build_1890506/tmp/description-illustration-dgbkr007-eps.xml
[stdout]     [xslt]  + [DEBUG] longdescref: <topic xmlns:ditaarch="http://dita.oasis-open.org/architecture/2005/"
[stdout]     [xslt]        id="GUID-34B29A11-C580-4A98-86A7-6DD99CAC7E2F"
[stdout]     [xslt]        xml:lang="en-US"
[stdout]     [xslt]        ishlabelxpath="./title"
[stdout]     [xslt]        ditaarch:DITAArchVersion="1.2"
[stdout]     [xslt]        domains="(topic hi-d)                             (topic ut-d)                             (topic indexing-d)                            (topic abbrev-d)                            (topic pr-d)                             (topic sw-d)                            (topic ui-d)                             a(props condition)                            a(base oracontext)                            (topic infodevImage-c)                            (topic acmsCommon-c)                            a(props condition-architecture)                            a(props condition-audience)                            a(props condition-communications_cloud_native_core)                            a(props condition-db_service)                            a(props condition-device)                            a(props condition-future_release)                            a(props condition-gui)                            a(props condition-install_type)                            a(props condition-interface_type)                            a(props condition-is_enterprise)                            a(props condition-my_sql_service)                            a(props condition-next_release)                            a(props condition-os)                            a(props condition-platform)                            a(props condition-policy_mode)                            a(props condition-product)                            a(props condition-product_family)                            a(props condition-pub_target)                            a(props condition-sdm_ao)                            a(props condition-sdp-platform)                            a(props condition-sdp-product)                            a(props condition-server_model)                            a(props condition-solutions)                            a(props condition-upgrade_path)   "
[stdout]     [xslt]        class="- topic/topic "
[stdout]     [xslt]        xtrf="/work/transformations/build_1890506/dita2dita/description-illustration-dgbkr007-eps.xml"
[stdout]     [xslt]        xtrc="topic:1;1:275"><title id="GUID-D611E5D9-9E5A-46B3-B591-0BE6AB7B8A76"
[stdout]     [xslt]           ishlabelxpath="./title | @alt | @href | @conref | self::*[@id and not(@varid)]/@id"
[stdout]     [xslt]           ishlinkxpath="@conref | @href[contains(parent::*/@class,' topic/image ') and not(parent::*/@conref)] | @href[contains(parent::*/@class,' topic/longdescref ') and not(parent::*/@conref)] | @href[contains(parent::*/@class,' topic/longquoteref ') and not(parent::*/@conref)]"
[stdout]     [xslt]           class="- topic/title "
[stdout]     [xslt]           xtrf="/work/transformations/build_1890506/dita2dita/description-illustration-dgbkr007-eps.xml"
[stdout]     [xslt]           xtrc="title:1;1:329">Description of the illustration dgbkr007.eps</title><body ishlabelxpath="./title | @alt | @href | @conref | self::*[@id and not(@varid)]/@id"
[stdout]     [xslt]          ishlinkxpath="@conref | @href[contains(parent::*/@class,' topic/image ') and not(parent::*/@conref)] | @href[contains(parent::*/@class,' topic/longdescref ') and not(parent::*/@conref)] | @href[contains(parent::*/@class,' topic/longquoteref ') and not(parent::*/@conref)]"
[stdout]     [xslt]          class="- topic/body "
[stdout]     [xslt]          xtrf="/work/transformations/build_1890506/dita2dita/description-illustration-dgbkr007-eps.xml"
[stdout]     [xslt]          xtrc="body:1;1:387"><p ishlabelxpath="./title | @alt | @href | @conref | self::*[@id and not(@varid)]/@id"
[stdout]     [xslt]          ishlinkxpath="@conref | @href[contains(parent::*/@class,' topic/image ') and not(parent::*/@conref)] | @href[contains(parent::*/@class,' topic/longdescref ') and not(parent::*/@conref)] | @href[contains(parent::*/@class,' topic/longquoteref ') and not(parent::*/@conref)]"
[stdout]     [xslt]          class="- topic/p "
[stdout]     [xslt]          xtrf="/work/transformations/build_1890506/dita2dita/description-illustration-dgbkr007-eps.xml"
[stdout]     [xslt]          xtrc="p:1;1:390">This figure is described in the text surrounding the figure.</p></body></topic>
[stdout]     [xslt] +[DEBUG] tempTopic: Description of the illustration dgbkr007.epsThis figure is described in the text surrounding the figure.
[stdout]     [xslt]  + [INFO] Generate graphic descriptions done.
[stdout]     [xslt]  + [DEBUG] Generating back-of-the-book index...
[stdout]     [xslt]  + [INFO] Generating index file "file:/work/tmp/scratch/docbuilder/buildArea/build_1890506/out/book-index.html"...
[stdout]     [xslt]  + [INFO] Index generation done.
[stdout]     [xslt]  + [DEBUG] Generating graphic copying ant script...
[stdout]     [xslt]  + [INFO] Generating Ant graphic copying script as file "file:/work/tmp/scratch/docbuilder/buildArea/build_1890506/out/copy-graphics.xml"...
[stdout]     [xslt]  + [INFO]   Mapping input graphic 
[stdout]     [xslt]           + [INFO]      Input URL: /work/transformations/build_1890506/dita2dita/dgbkr007.eps
[stdout]     [xslt]           + [INFO]    Target File: /work/tmp/scratch/docbuilder/buildArea/build_1890506/out/img/dgbkr007.eps
[stdout]     [xslt]  + [INFO]   Mapping input graphic 
[stdout]     [xslt]           + [INFO]      Input URL: /work/transformations/build_1890506/dita2dita/dgbkr005.eps
[stdout]     [xslt]           + [INFO]    Target File: /work/tmp/scratch/docbuilder/buildArea/build_1890506/out/img/dgbkr005.eps
[stdout]     [xslt]  + [INFO]   Mapping input graphic 
[stdout]     [xslt]           + [INFO]      Input URL: /work/transformations/build_1890506/dita2dita/dgbkr004.eps
[stdout]     [xslt]           + [INFO]    Target File: /work/tmp/scratch/docbuilder/buildArea/build_1890506/out/img/dgbkr004.eps
[stdout]     [xslt]  + [INFO]   Mapping input graphic 
[stdout]     [xslt]           + [INFO]      Input URL: /work/transformations/build_1890506/dita2dita/dgbkr003.eps
[stdout]     [xslt]           + [INFO]    Target File: /work/tmp/scratch/docbuilder/buildArea/build_1890506/out/img/dgbkr003.eps
[stdout]     [xslt]  + [INFO]   Mapping input graphic 
[stdout]     [xslt]           + [INFO]      Input URL: /work/transformations/build_1890506/dita2dita/dgbkr002.eps
[stdout]     [xslt]           + [INFO]    Target File: /work/tmp/scratch/docbuilder/buildArea/build_1890506/out/img/dgbkr002.eps
[stdout]     [xslt]  + [INFO]   Mapping input graphic 
[stdout]     [xslt]           + [INFO]      Input URL: /work/transformations/build_1890506/dita2dita/dgbkr001.eps
[stdout]     [xslt]           + [INFO]    Target File: /work/tmp/scratch/docbuilder/buildArea/build_1890506/out/img/dgbkr001.eps
[stdout]     [xslt]  + [INFO]   Mapping input graphic 
[stdout]     [xslt]           + [INFO]      Input URL: /work/transformations/build_1890506/dita2dita/dgbkr008.eps
[stdout]     [xslt]           + [INFO]    Target File: /work/tmp/scratch/docbuilder/buildArea/build_1890506/out/img/dgbkr008.eps
[stdout]     [xslt]  + [INFO]   Mapping input graphic 
[stdout]     [xslt]           + [INFO]      Input URL: /work/transformations/build_1890506/dita2dita/dgbkr009.eps
[stdout]     [xslt]           + [INFO]    Target File: /work/tmp/scratch/docbuilder/buildArea/build_1890506/out/img/dgbkr009.eps
[stdout]     [xslt]  + [INFO]   Mapping input graphic 
[stdout]     [xslt]           + [INFO]      Input URL: /work/transformations/build_1890506/dita2dita/dgbkr008.gif
[stdout]     [xslt]           + [INFO]    Target File: /work/tmp/scratch/docbuilder/buildArea/build_1890506/out/img/dgbkr008.gif
[stdout]     [xslt]  + [INFO]   Mapping input graphic 
[stdout]     [xslt]           + [INFO]      Input URL: /work/transformations/build_1890506/dita2dita/dgbkr003.gif
[stdout]     [xslt]           + [INFO]    Target File: /work/tmp/scratch/docbuilder/buildArea/build_1890506/out/img/dgbkr003.gif
[stdout]     [xslt]  + [INFO]   Mapping input graphic 
[stdout]     [xslt]           + [INFO]      Input URL: /work/transformations/build_1890506/dita2dita/dgbkr009.gif
[stdout]     [xslt]           + [INFO]    Target File: /work/tmp/scratch/docbuilder/buildArea/build_1890506/out/img/dgbkr009.gif
[stdout]     [xslt]  + [INFO]   Mapping input graphic 
[stdout]     [xslt]           + [INFO]      Input URL: /work/transformations/build_1890506/dita2dita/dgbkr002.gif
[stdout]     [xslt]           + [INFO]    Target File: /work/tmp/scratch/docbuilder/buildArea/build_1890506/out/img/dgbkr002.gif
[stdout]     [xslt]  + [INFO]   Mapping input graphic 
[stdout]     [xslt]           + [INFO]      Input URL: /work/transformations/build_1890506/dita2dita/dgbkr001.gif
[stdout]     [xslt]           + [INFO]    Target File: /work/tmp/scratch/docbuilder/buildArea/build_1890506/out/img/dgbkr001.gif
[stdout]     [xslt]  + [INFO]   Mapping input graphic 
[stdout]     [xslt]           + [INFO]      Input URL: /work/transformations/build_1890506/dita2dita/dgbkr005.gif
[stdout]     [xslt]           + [INFO]    Target File: /work/tmp/scratch/docbuilder/buildArea/build_1890506/out/img/dgbkr005.gif
[stdout]     [xslt]  + [INFO]   Mapping input graphic 
[stdout]     [xslt]           + [INFO]      Input URL: /work/transformations/build_1890506/dita2dita/dgbkr004.gif
[stdout]     [xslt]           + [INFO]    Target File: /work/tmp/scratch/docbuilder/buildArea/build_1890506/out/img/dgbkr004.gif
[stdout]     [xslt]  + [INFO]   Mapping input graphic 
[stdout]     [xslt]           + [INFO]      Input URL: /work/transformations/build_1890506/dita2dita/dgbkr007.png
[stdout]     [xslt]           + [INFO]    Target File: /work/tmp/scratch/docbuilder/buildArea/build_1890506/out/img/dgbkr007.png
[stdout]     [xslt]  + [INFO] Ant graphic copying script generation done.
[stdout]     [xslt]  + [DEBUG] Done.
[stdout]
[stdout]html5.copy.graphics.check:
[stdout]
[stdout]html5.copy.graphics.report.notexists:
[stdout]
[stdout]html5.copy.graphics.report:
[stdout]
[stdout]html5.copy.graphics:
[stdout]    [mkdir] Created dir: /work/tmp/scratch/docbuilder/buildArea/build_1890506/out/images
[stdout]
[stdout]copy-graphics:
[stdout]     [echo] Doing copy graphics...
[stdout]
[stdout]check-image-list-item-1:
[stdout]
[stdout]report-image-list-item-1:
[stdout]
[stdout]copy-image-list-item-1:
[stdout]     [copy] Copying 1 file to /work/tmp/scratch/docbuilder/buildArea/build_1890506/out/img
[stdout]
[stdout]check-image-list-item-2:
[stdout]
[stdout]report-image-list-item-2:
[stdout]
[stdout]copy-image-list-item-2:
[stdout]     [copy] Copying 1 file to /work/tmp/scratch/docbuilder/buildArea/build_1890506/out/img
[stdout]
[stdout]check-image-list-item-3:
[stdout]
[stdout]report-image-list-item-3:
[stdout]
[stdout]copy-image-list-item-3:
[stdout]     [copy] Copying 1 file to /work/tmp/scratch/docbuilder/buildArea/build_1890506/out/img
[stdout]
[stdout]check-image-list-item-4:
[stdout]
[stdout]report-image-list-item-4:
[stdout]
[stdout]copy-image-list-item-4:
[stdout]     [copy] Copying 1 file to /work/tmp/scratch/docbuilder/buildArea/build_1890506/out/img
[stdout]
[stdout]check-image-list-item-5:
[stdout]
[stdout]report-image-list-item-5:
[stdout]
[stdout]copy-image-list-item-5:
[stdout]     [copy] Copying 1 file to /work/tmp/scratch/docbuilder/buildArea/build_1890506/out/img
[stdout]
[stdout]check-image-list-item-6:
[stdout]
[stdout]report-image-list-item-6:
[stdout]
[stdout]copy-image-list-item-6:
[stdout]     [copy] Copying 1 file to /work/tmp/scratch/docbuilder/buildArea/build_1890506/out/img
[stdout]
[stdout]check-image-list-item-7:
[stdout]
[stdout]report-image-list-item-7:
[stdout]
[stdout]copy-image-list-item-7:
[stdout]     [copy] Copying 1 file to /work/tmp/scratch/docbuilder/buildArea/build_1890506/out/img
[stdout]
[stdout]check-image-list-item-8:
[stdout]
[stdout]report-image-list-item-8:
[stdout]
[stdout]copy-image-list-item-8:
[stdout]     [copy] Copying 1 file to /work/tmp/scratch/docbuilder/buildArea/build_1890506/out/img
[stdout]
[stdout]check-d1213e1:
[stdout]
[stdout]report-d1213e1:
[stdout]
[stdout]copy-d1213e1:
[stdout]     [copy] Copying 1 file to /work/tmp/scratch/docbuilder/buildArea/build_1890506/out/img
[stdout]
[stdout]check-d1213e2:
[stdout]
[stdout]report-d1213e2:
[stdout]
[stdout]copy-d1213e2:
[stdout]     [copy] Copying 1 file to /work/tmp/scratch/docbuilder/buildArea/build_1890506/out/img
[stdout]
[stdout]check-d1213e3:
[stdout]
[stdout]report-d1213e3:
[stdout]
[stdout]copy-d1213e3:
[stdout]     [copy] Copying 1 file to /work/tmp/scratch/docbuilder/buildArea/build_1890506/out/img
[stdout]
[stdout]check-d1213e4:
[stdout]
[stdout]report-d1213e4:
[stdout]
[stdout]copy-d1213e4:
[stdout]     [copy] Copying 1 file to /work/tmp/scratch/docbuilder/buildArea/build_1890506/out/img
[stdout]
[stdout]check-d1213e5:
[stdout]
[stdout]report-d1213e5:
[stdout]
[stdout]copy-d1213e5:
[stdout]     [copy] Copying 1 file to /work/tmp/scratch/docbuilder/buildArea/build_1890506/out/img
[stdout]
[stdout]check-d1213e6:
[stdout]
[stdout]report-d1213e6:
[stdout]
[stdout]copy-d1213e6:
[stdout]     [copy] Copying 1 file to /work/tmp/scratch/docbuilder/buildArea/build_1890506/out/img
[stdout]
[stdout]check-d1213e7:
[stdout]
[stdout]report-d1213e7:
[stdout]
[stdout]copy-d1213e7:
[stdout]     [copy] Copying 1 file to /work/tmp/scratch/docbuilder/buildArea/build_1890506/out/img
[stdout]
[stdout]check-d1213e8:
[stdout]
[stdout]report-d1213e8:
[stdout]
[stdout]copy-d1213e8:
[stdout]     [copy] Copying 1 file to /work/tmp/scratch/docbuilder/buildArea/build_1890506/out/img
[stdout]     [echo] Copy graphics done.
[stdout]
[stdout]html5.cleanup:
[stdout]   [delete] Deleting: /work/tmp/scratch/docbuilder/buildArea/build_1890506/out/copy-graphics.xml
[stdout]
[stdout]html5:
[stdout]
[stdout]dita2d4p-html5:
[stdout]
[stdout]infodev-xhtml-report-file-check:
[stdout]
[stdout]infodev-xhtml-report2properties-failover:
[stdout]
[stdout]infodev-xhtml-report2properties:
[stdout]     [xslt] Processing /work/transformations/build_1890506/dita2dita/GUID-D5023ABB-EAA8-4E85-98D4-654CDB9F9A12.report.xml to /work/tmp/scratch/docbuilder/buildArea/build_1890506/tmp/report.properties
[stdout]     [xslt] Loading stylesheet /u01/docbuilder/dita-ot-1.8.5/plugins/infodev.xhtml/xsl/preprocess/report2properties.xsl
[stdout][echoproperties] #Ant properties
[stdout][echoproperties] #Sun May 11 21:23:00 PDT 2025
[stdout]
[stdout]infodev-xhtml-searchreplace-file-check:
[stdout]
[stdout]infodev-xhtml-searchreplace-failover:
[stdout][DOTA201I][INFO] XHTML search and replace file not found. Nothing to do.
[stdout]
[stdout]infodev-xhtml-search-replace:
[stdout]
[stdout]dita2sp_docbuilder.xhtml.postBuildCleanup:
[stdout]     [move] Moving 13 files to /work/tmp/scratch/docbuilder/buildArea/build_1890506/tmp/htmlNoNamespace
[stderr]     [move] Warning: /work/tmp/scratch/docbuilder/buildArea/build_1890506/out/html5-themes does not exist.
[stderr]     [move] Warning: Could not find resource file "/work/tmp/scratch/docbuilder/buildArea/build_1890506/out/copy-graphics.xml" to copy.
[stdout]     [move] Moving 18 files to /work/tmp/scratch/docbuilder/buildArea/build_1890506/tmp
[stdout]
[stdout]dita2sp_docbuilder.xhtml.legacyCompatHtml2Html5:
[stdout][setDoctype] Transforming into /work/tmp/scratch/docbuilder/buildArea/build_1890506/out/html5output
[stdout][setDoctype] Processing /work/tmp/scratch/docbuilder/buildArea/build_1890506/out/toc.html to /work/tmp/scratch/docbuilder/buildArea/build_1890506/out/html5output/toc.html
[stdout][setDoctype] Loading stylesheet /u01/docbuilder/dita-ot-1.8.5/plugins/sp_docbuilder.xhtml/xsl/post-process/legacyCompatHtml2html5.xsl
[stdout]     [move] Moving 1 file to /work/tmp/scratch/docbuilder/buildArea/build_1890506/out
[stdout]
[stdout]dita2sp_docbuilder.xhtml.keepTocAsHTM:
[stdout]     [move] Moving 1 file to /work/tmp/scratch/docbuilder/buildArea/build_1890506/out
[stdout]
[stdout]dita2sp_docbuilder.xhtml.includeSpCommonOffline.check:
[stdout]
[stdout]dita2sp_docbuilder.xhtml.includeSpCommonOffline:
[stdout]     [java] html: toc.htm
[stdout]     [java] html: book-index.html
[stdout]     [java] html: glossary.html
[stdout]     [java] html: upgrading-downgrading-in-data-guard-broker-configuration.html
[stdout]     [java] html: troubleshooting-oracle-data-guard-broker.html
[stdout]     [java] html: oracle-data-guard-broker-properties.html
[stdout]     [java] html: oracle-data-guard-broker-commands.html
[stdout]     [java] html: examples-using-data-guard-broker-DGMGRL-utility.html
[stdout]     [java] html: using-data-guard-broker-to-manage-switchovers-failovers.html
[stdout]     [java] html: managing-oracle-data-guard-broker-configuration-members.html
[stdout]     [java] html: managing-oracle-data-guard-broker-configurations.html
[stdout]     [java] html: oracle-data-guard-broker-installation-requirements.html
[stdout]     [java] html: oracle-data-guard-broker-concepts.html
[stdout]     [java] html: release-changes.html
[stdout]     [java] html: preface.html
[stdout]     [java] html: index.html
[stdout]     [java] html: lot.html
[stdout]     [java] html: lof.html
[stdout]     [java] html: loe.html
[stdout]     [java] downloading: https://artifacthub-iad.oci.oraclecorp.com/desp-den-prod/sp_common/book-template2-latest.zip
[stdout]     [java] copying zip entry: book-template/requirejs/require.js
[stdout]     [java] copying zip entry: book-template/ohc-book-template/css/ojuxIconFont_Thin.woff2
[stdout]     [java] copying zip entry: book-template/ohc-book-template/css/ojuxIconFont_Thin.woff
[stdout]     [java] copying zip entry: book-template/ohc-book-template/css/ojuxIconFont_Thin.ttf
[stdout]     [java] copying zip entry: book-template/ohc-book-template/css/ojuxIconFont_XLt.woff2
[stdout]     [java] copying zip entry: book-template/ohc-book-template/css/ojuxIconFont_XLt.woff
[stdout]     [java] copying zip entry: book-template/ohc-book-template/css/ojuxIconFont_XLt.ttf
[stdout]     [java] copying zip entry: book-template/ohc-book-template/css/ojuxIconFont_Lt.woff2
[stdout]     [java] copying zip entry: book-template/ohc-book-template/css/ojuxIconFont_Lt.woff
[stdout]     [java] copying zip entry: book-template/ohc-book-template/css/ojuxIconFont_Lt.ttf
[stdout]     [java] copying zip entry: book-template/ohc-book-template/css/ojuxIconFont_Rg.woff2
[stdout]     [java] copying zip entry: book-template/ohc-book-template/css/ojuxIconFont_Rg.woff
[stdout]     [java] copying zip entry: book-template/ohc-book-template/css/ojuxIconFont_Rg.ttf
[stdout]     [java] copying zip entry: book-template/ohc-book-template/css/ojuxIconFont_Md.woff2
[stdout]     [java] copying zip entry: book-template/ohc-book-template/css/ojuxIconFont_Md.woff
[stdout]     [java] copying zip entry: book-template/ohc-book-template/css/ojuxIconFont_Md.ttf
[stdout]     [java] copying zip entry: book-template/ohc-book-template/css/ojuxIconFont_SBd.woff2
[stdout]     [java] copying zip entry: book-template/ohc-book-template/css/ojuxIconFont_SBd.woff
[stdout]     [java] copying zip entry: book-template/ohc-book-template/css/ojuxIconFont_SBd.ttf
[stdout]     [java] copying zip entry: book-template/ohc-book-template/css/ojuxIconFont_Bd.woff2
[stdout]     [java] copying zip entry: book-template/ohc-book-template/css/ojuxIconFont_Bd.woff
[stdout]     [java] copying zip entry: book-template/ohc-book-template/css/ojuxIconFont_Bd.ttf
[stdout]     [java] copying zip entry: book-template/ohc-book-template/css/ojuxIconFont_XBd.woff2
[stdout]     [java] copying zip entry: book-template/ohc-book-template/css/ojuxIconFont_XBd.woff
[stdout]     [java] copying zip entry: book-template/ohc-book-template/css/ojuxIconFont_XBd.ttf
[stdout]     [java] copying zip entry: book-template/ohc-book-template/css/ojuxIconFont_Blk.woff2
[stdout]     [java] copying zip entry: book-template/ohc-book-template/css/ojuxIconFont_Blk.woff
[stdout]     [java] copying zip entry: book-template/ohc-book-template/css/ojuxIconFont_Blk.ttf
[stdout]     [java] copying zip entry: book-template/ohc-book-template/css/ojuxIconFont_XBlk.woff2
[stdout]     [java] copying zip entry: book-template/ohc-book-template/css/ojuxIconFont_XBlk.woff
[stdout]     [java] copying zip entry: book-template/ohc-book-template/css/ojuxIconFont_XBlk.ttf
[stdout]     [java] copying zip entry: book-template/ohc-book-template/css/fonts/internal_iconfont.woff2
[stdout]     [java] copying zip entry: book-template/ohc-book-template/css/images/avatar-pattern1.png
[stdout]     [java] copying zip entry: book-template/ohc-book-template/css/images/avatar-pattern10.png
[stdout]     [java] copying zip entry: book-template/ohc-book-template/css/images/avatar-pattern2.png
[stdout]     [java] copying zip entry: book-template/ohc-book-template/css/images/avatar-pattern3.png
[stdout]     [java] copying zip entry: book-template/ohc-book-template/css/images/avatar-pattern4.png
[stdout]     [java] copying zip entry: book-template/ohc-book-template/css/images/avatar-pattern5.png
[stdout]     [java] copying zip entry: book-template/ohc-book-template/css/images/avatar-pattern6.png
[stdout]     [java] copying zip entry: book-template/ohc-book-template/css/images/avatar-pattern7.png
[stdout]     [java] copying zip entry: book-template/ohc-book-template/css/images/avatar-pattern8.png
[stdout]     [java] copying zip entry: book-template/ohc-book-template/css/images/avatar-pattern9.png
[stdout]     [java] copying zip entry: book-template/ohc-book-template/css/images/components/common/related-content/related-content-background.png
[stdout]     [java] copying zip entry: book-template/ohc-book-template/css/images/components/main/background-pattern-blue.png
[stdout]     [java] copying zip entry: book-template/ohc-book-template/css/images/components/main/background-pattern-dark-neutral.png
[stdout]     [java] copying zip entry: book-template/ohc-book-template/css/images/components/main/background-pattern-green.png
[stdout]     [java] copying zip entry: book-template/ohc-book-template/css/images/components/main/background-pattern-lilac.png
[stdout]     [java] copying zip entry: book-template/ohc-book-template/css/images/components/main/background-pattern-neutral.png
[stdout]     [java] copying zip entry: book-template/ohc-book-template/css/images/components/main/background-pattern-ocean.png
[stdout]     [java] copying zip entry: book-template/ohc-book-template/css/images/components/main/background-pattern-pebble.png
[stdout]     [java] copying zip entry: book-template/ohc-book-template/css/images/components/main/background-pattern-rose.png
[stdout]     [java] copying zip entry: book-template/ohc-book-template/css/images/components/main/background-pattern-slate.png
[stdout]     [java] copying zip entry: book-template/ohc-book-template/css/images/components/main/background-pattern-teal.png
[stdout]     [java] copying zip entry: book-template/ohc-book-template/css/images/components/main/background-top-blue.png
[stdout]     [java] copying zip entry: book-template/ohc-book-template/css/images/components/main/background-top-dark-neutral.png
[stdout]     [java] copying zip entry: book-template/ohc-book-template/css/images/components/main/background-top-green.png
[stdout]     [java] copying zip entry: book-template/ohc-book-template/css/images/components/main/background-top-lilac.png
[stdout]     [java] copying zip entry: book-template/ohc-book-template/css/images/components/main/background-top-neutral.png
[stdout]     [java] copying zip entry: book-template/ohc-book-template/css/images/components/main/background-top-ocean.png
[stdout]     [java] copying zip entry: book-template/ohc-book-template/css/images/components/main/background-top-pebble.png
[stdout]     [java] copying zip entry: book-template/ohc-book-template/css/images/components/main/background-top-rose.png
[stdout]     [java] copying zip entry: book-template/ohc-book-template/css/images/components/main/background-top-slate.png
[stdout]     [java] copying zip entry: book-template/ohc-book-template/css/images/components/main/background-top-teal.png
[stdout]     [java] copying zip entry: book-template/ohc-book-template/css/images/components/main/stripe-blue.png
[stdout]     [java] copying zip entry: book-template/ohc-book-template/css/images/components/main/stripe-dark-neutral.png
[stdout]     [java] copying zip entry: book-template/ohc-book-template/css/images/components/main/stripe-green.png
[stdout]     [java] copying zip entry: book-template/ohc-book-template/css/images/components/main/stripe-lilac.png
[stdout]     [java] copying zip entry: book-template/ohc-book-template/css/images/components/main/stripe-neutral.png
[stdout]     [java] copying zip entry: book-template/ohc-book-template/css/images/components/main/stripe-ocean.png
[stdout]     [java] copying zip entry: book-template/ohc-book-template/css/images/components/main/stripe-pebble.png
[stdout]     [java] copying zip entry: book-template/ohc-book-template/css/images/components/main/stripe-rose.png
[stdout]     [java] copying zip entry: book-template/ohc-book-template/css/images/components/main/stripe-slate.png
[stdout]     [java] copying zip entry: book-template/ohc-book-template/css/images/components/main/stripe-teal.png
[stdout]     [java] copying zip entry: book-template/ohc-book-template/css/images/components/secondary-message/survey-banner/achievement-goals.png
[stdout]     [java] copying zip entry: book-template/ohc-book-template/css/images/components/secondary-message/survey-banner/first-cloud-shape.png
[stdout]     [java] copying zip entry: book-template/ohc-book-template/css/images/components/secondary-message/survey-banner/second-cloud-shape.png
[stdout]     [java] copying zip entry: book-template/ohc-book-template/css/images/content/NSE_bulhorn.png
[stdout]     [java] copying zip entry: book-template/ohc-book-template/css/images/content/NSE_rocket.png
[stdout]     [java] copying zip entry: book-template/ohc-book-template/css/images/content/caution.svg
[stdout]     [java] copying zip entry: book-template/ohc-book-template/css/images/content/important.svg
[stdout]     [java] copying zip entry: book-template/ohc-book-template/css/images/content/note.svg
[stdout]     [java] copying zip entry: book-template/ohc-book-template/css/images/content/restrict.svg
[stdout]     [java] copying zip entry: book-template/ohc-book-template/css/images/content/tip.svg
[stdout]     [java] copying zip entry: book-template/ohc-book-template/css/images/content/warning.svg
[stdout]     [java] copying zip entry: book-template/ohc-book-template/css/images/favicon.ico
[stdout]     [java] copying zip entry: book-template/ohc-book-template/css/images/ico-domain-white.svg
[stdout]     [java] copying zip entry: book-template/ohc-book-template/css/images/ico-location-pin.svg
[stdout]     [java] copying zip entry: book-template/ohc-book-template/css/images/node_anim.gif
[stdout]     [java] copying zip entry: book-template/ohc-book-template/css/images/none.svg
[stdout]     [java] copying zip entry: book-template/ohc-book-template/css/images/spectrum-opacity-slider-bg.png
[stdout]     [java] copying zip entry: book-template/ohc-book-template/css/images/spinner_full.gif
[stdout]     [java] copying zip entry: book-template/ohc-book-template/css/images/texture-dialog-144x20-opacity-08.png
[stdout]     [java] copying zip entry: book-template/ohc-book-template/css/images/utilitybar/avatar-white.svg
[stdout]     [java] copying zip entry: book-template/ohc-book-template/css/images/utilitybar/book_icon.svg
[stdout]     [java] copying zip entry: book-template/ohc-book-template/css/images/utilitybar/close_icon.svg
[stdout]     [java] copying zip entry: book-template/ohc-book-template/css/images/utilitybar/learn_icon.svg
[stdout]     [java] copying zip entry: book-template/ohc-book-template/css/images/utilitybar/menu.svg
[stdout]     [java] copying zip entry: book-template/ohc-book-template/css/images/utilitybar/oracle-o-red.svg
[stdout]     [java] copying zip entry: book-template/ohc-book-template/css/images/utilitybar/pdf-icon.svg
[stdout]     [java] copying zip entry: book-template/ohc-book-template/css/images/utilitybar/preview-no-results-icon.svg
[stdout]     [java] copying zip entry: book-template/ohc-book-template/css/images/utilitybar/preview-results-error.svg
[stdout]     [java] copying zip entry: book-template/ohc-book-template/css/images/utilitybar/product_icon.svg
[stdout]     [java] copying zip entry: book-template/ohc-book-template/css/images/utilitybar/products-icon.svg
[stdout]     [java] copying zip entry: book-template/ohc-book-template/css/images/utilitybar/search-icon-white.svg
[stdout]     [java] copying zip entry: book-template/ohc-book-template/css/images/utilitybar/search-icon.svg
[stdout]     [java] copying zip entry: book-template/ohc-book-template/css/images/utilitybar/solutions_icon.svg
[stdout]     [java] copying zip entry: book-template/ohc-book-template/css/images/utilitybar/video-icon.svg
[stdout]     [java] copying zip entry: book-template/ohc-book-template/css/feedback/css/images/feedback/close-icon.png
[stdout]     [java] copying zip entry: book-template/ohc-book-template/css/feedback/css/images/feedback/close-icon.svg
[stdout]     [java] copying zip entry: book-template/ohc-book-template/css/feedback/css/images/feedback/thumbs-down-white.png
[stdout]     [java] copying zip entry: book-template/ohc-book-template/css/feedback/css/images/feedback/thumbs-down-white.svg
[stdout]     [java] copying zip entry: book-template/ohc-book-template/css/feedback/css/images/feedback/thumbs-up-white.png
[stdout]     [java] copying zip entry: book-template/ohc-book-template/css/feedback/css/images/feedback/thumbs-up-white.svg
[stdout]     [java] copying zip entry: book-template/ohc-book-template/css/book.css
[stdout]     [java] copying zip entry: book-template/ohc-book-template/js/resources/nls/ar/translations.js
[stdout]     [java] copying zip entry: book-template/ohc-book-template/js/resources/nls/ar/localeElements.js
[stdout]     [java] copying zip entry: book-template/ohc-book-template/js/resources/nls/ar/ojtranslations.js
[stdout]     [java] copying zip entry: book-template/ohc-book-template/js/resources/nls/ar/timezoneData.js
[stdout]     [java] copying zip entry: book-template/ohc-book-template/js/resources/nls/de/translations.js
[stdout]     [java] copying zip entry: book-template/ohc-book-template/js/resources/nls/de/localeElements.js
[stdout]     [java] copying zip entry: book-template/ohc-book-template/js/resources/nls/de/ojtranslations.js
[stdout]     [java] copying zip entry: book-template/ohc-book-template/js/resources/nls/de/timezoneData.js
[stdout]     [java] copying zip entry: book-template/ohc-book-template/js/resources/nls/es/translations.js
[stdout]     [java] copying zip entry: book-template/ohc-book-template/js/resources/nls/es/localeElements.js
[stdout]     [java] copying zip entry: book-template/ohc-book-template/js/resources/nls/es/ojtranslations.js
[stdout]     [java] copying zip entry: book-template/ohc-book-template/js/resources/nls/es/timezoneData.js
[stdout]     [java] copying zip entry: book-template/ohc-book-template/js/resources/nls/fr/translations.js
[stdout]     [java] copying zip entry: book-template/ohc-book-template/js/resources/nls/fr/localeElements.js
[stdout]     [java] copying zip entry: book-template/ohc-book-template/js/resources/nls/fr/ojtranslations.js
[stdout]     [java] copying zip entry: book-template/ohc-book-template/js/resources/nls/fr/timezoneData.js
[stdout]     [java] copying zip entry: book-template/ohc-book-template/js/resources/nls/fr-CA/translations.js
[stdout]     [java] copying zip entry: book-template/ohc-book-template/js/resources/nls/fr-CA/localeElements.js
[stdout]     [java] copying zip entry: book-template/ohc-book-template/js/resources/nls/fr-CA/ojtranslations.js
[stdout]     [java] copying zip entry: book-template/ohc-book-template/js/resources/nls/fr-CA/timezoneData.js
[stdout]     [java] copying zip entry: book-template/ohc-book-template/js/resources/nls/it/translations.js
[stdout]     [java] copying zip entry: book-template/ohc-book-template/js/resources/nls/it/localeElements.js
[stdout]     [java] copying zip entry: book-template/ohc-book-template/js/resources/nls/it/ojtranslations.js
[stdout]     [java] copying zip entry: book-template/ohc-book-template/js/resources/nls/it/timezoneData.js
[stdout]     [java] copying zip entry: book-template/ohc-book-template/js/resources/nls/ja/translations.js
[stdout]     [java] copying zip entry: book-template/ohc-book-template/js/resources/nls/ja/localeElements.js
[stdout]     [java] copying zip entry: book-template/ohc-book-template/js/resources/nls/ja/ojtranslations.js
[stdout]     [java] copying zip entry: book-template/ohc-book-template/js/resources/nls/ja/timezoneData.js
[stdout]     [java] copying zip entry: book-template/ohc-book-template/js/resources/nls/ko/translations.js
[stdout]     [java] copying zip entry: book-template/ohc-book-template/js/resources/nls/ko/localeElements.js
[stdout]     [java] copying zip entry: book-template/ohc-book-template/js/resources/nls/ko/ojtranslations.js
[stdout]     [java] copying zip entry: book-template/ohc-book-template/js/resources/nls/ko/timezoneData.js
[stdout]     [java] copying zip entry: book-template/ohc-book-template/js/resources/nls/pt/translations.js
[stdout]     [java] copying zip entry: book-template/ohc-book-template/js/resources/nls/pt/localeElements.js
[stdout]     [java] copying zip entry: book-template/ohc-book-template/js/resources/nls/pt/ojtranslations.js
[stdout]     [java] copying zip entry: book-template/ohc-book-template/js/resources/nls/pt/timezoneData.js
[stdout]     [java] copying zip entry: book-template/ohc-book-template/js/resources/nls/root/translations.js
[stdout]     [java] copying zip entry: book-template/ohc-book-template/js/resources/nls/translations.js
[stdout]     [java] copying zip entry: book-template/ohc-book-template/js/resources/nls/zh-Hans/translations.js
[stdout]     [java] copying zip entry: book-template/ohc-book-template/js/resources/nls/zh-Hans/localeElements.js
[stdout]     [java] copying zip entry: book-template/ohc-book-template/js/resources/nls/zh-Hans/ojtranslations.js
[stdout]     [java] copying zip entry: book-template/ohc-book-template/js/resources/nls/zh-Hans/timezoneData.js
[stdout]     [java] copying zip entry: book-template/ohc-book-template/js/resources/nls/zh-Hant/translations.js
[stdout]     [java] copying zip entry: book-template/ohc-book-template/js/resources/nls/zh-Hant/localeElements.js
[stdout]     [java] copying zip entry: book-template/ohc-book-template/js/resources/nls/zh-Hant/ojtranslations.js
[stdout]     [java] copying zip entry: book-template/ohc-book-template/js/resources/nls/zh-Hant/timezoneData.js
[stdout]     [java] copying zip entry: book-template/ohc-book-template/js/resources/nls/bg/localeElements.js
[stdout]     [java] copying zip entry: book-template/ohc-book-template/js/resources/nls/bg/ojtranslations.js
[stdout]     [java] copying zip entry: book-template/ohc-book-template/js/resources/nls/bg/timezoneData.js
[stdout]     [java] copying zip entry: book-template/ohc-book-template/js/resources/nls/ca/localeElements.js
[stdout]     [java] copying zip entry: book-template/ohc-book-template/js/resources/nls/ca/timezoneData.js
[stdout]     [java] copying zip entry: book-template/ohc-book-template/js/resources/nls/cs/localeElements.js
[stdout]     [java] copying zip entry: book-template/ohc-book-template/js/resources/nls/cs/ojtranslations.js
[stdout]     [java] copying zip entry: book-template/ohc-book-template/js/resources/nls/cs/timezoneData.js
[stdout]     [java] copying zip entry: book-template/ohc-book-template/js/resources/nls/da/localeElements.js
[stdout]     [java] copying zip entry: book-template/ohc-book-template/js/resources/nls/da/ojtranslations.js
[stdout]     [java] copying zip entry: book-template/ohc-book-template/js/resources/nls/da/timezoneData.js
[stdout]     [java] copying zip entry: book-template/ohc-book-template/js/resources/nls/el/localeElements.js
[stdout]     [java] copying zip entry: book-template/ohc-book-template/js/resources/nls/el/ojtranslations.js
[stdout]     [java] copying zip entry: book-template/ohc-book-template/js/resources/nls/el/timezoneData.js
[stdout]     [java] copying zip entry: book-template/ohc-book-template/js/resources/nls/fi/localeElements.js
[stdout]     [java] copying zip entry: book-template/ohc-book-template/js/resources/nls/fi/ojtranslations.js
[stdout]     [java] copying zip entry: book-template/ohc-book-template/js/resources/nls/fi/timezoneData.js
[stdout]     [java] copying zip entry: book-template/ohc-book-template/js/resources/nls/he/localeElements.js
[stdout]     [java] copying zip entry: book-template/ohc-book-template/js/resources/nls/he/ojtranslations.js
[stdout]     [java] copying zip entry: book-template/ohc-book-template/js/resources/nls/he/timezoneData.js
[stdout]     [java] copying zip entry: book-template/ohc-book-template/js/resources/nls/hi/localeElements.js
[stdout]     [java] copying zip entry: book-template/ohc-book-template/js/resources/nls/hi/timezoneData.js
[stdout]     [java] copying zip entry: book-template/ohc-book-template/js/resources/nls/hr/localeElements.js
[stdout]     [java] copying zip entry: book-template/ohc-book-template/js/resources/nls/hr/ojtranslations.js
[stdout]     [java] copying zip entry: book-template/ohc-book-template/js/resources/nls/hr/timezoneData.js
[stdout]     [java] copying zip entry: book-template/ohc-book-template/js/resources/nls/hu/localeElements.js
[stdout]     [java] copying zip entry: book-template/ohc-book-template/js/resources/nls/hu/ojtranslations.js
[stdout]     [java] copying zip entry: book-template/ohc-book-template/js/resources/nls/hu/timezoneData.js
[stdout]     [java] copying zip entry: book-template/ohc-book-template/js/resources/nls/is/localeElements.js
[stdout]     [java] copying zip entry: book-template/ohc-book-template/js/resources/nls/is/ojtranslations.js
[stdout]     [java] copying zip entry: book-template/ohc-book-template/js/resources/nls/is/timezoneData.js
[stdout]     [java] copying zip entry: book-template/ohc-book-template/js/resources/nls/localeElements.js
[stdout]     [java] copying zip entry: book-template/ohc-book-template/js/resources/nls/nb/localeElements.js
[stdout]     [java] copying zip entry: book-template/ohc-book-template/js/resources/nls/nb/timezoneData.js
[stdout]     [java] copying zip entry: book-template/ohc-book-template/js/resources/nls/nl/localeElements.js
[stdout]     [java] copying zip entry: book-template/ohc-book-template/js/resources/nls/nl/ojtranslations.js
[stdout]     [java] copying zip entry: book-template/ohc-book-template/js/resources/nls/nl/timezoneData.js
[stdout]     [java] copying zip entry: book-template/ohc-book-template/js/resources/nls/no/localeElements.js
[stdout]     [java] copying zip entry: book-template/ohc-book-template/js/resources/nls/no/ojtranslations.js
[stdout]     [java] copying zip entry: book-template/ohc-book-template/js/resources/nls/no/timezoneData.js
[stdout]     [java] copying zip entry: book-template/ohc-book-template/js/resources/nls/ojtranslations.js
[stdout]     [java] copying zip entry: book-template/ohc-book-template/js/resources/nls/pl/localeElements.js
[stdout]     [java] copying zip entry: book-template/ohc-book-template/js/resources/nls/pl/ojtranslations.js
[stdout]     [java] copying zip entry: book-template/ohc-book-template/js/resources/nls/pl/timezoneData.js
[stdout]     [java] copying zip entry: book-template/ohc-book-template/js/resources/nls/pt-BR/localeElements.js
[stdout]     [java] copying zip entry: book-template/ohc-book-template/js/resources/nls/pt-BR/timezoneData.js
[stdout]     [java] copying zip entry: book-template/ohc-book-template/js/resources/nls/ro/localeElements.js
[stdout]     [java] copying zip entry: book-template/ohc-book-template/js/resources/nls/ro/ojtranslations.js
[stdout]     [java] copying zip entry: book-template/ohc-book-template/js/resources/nls/ro/timezoneData.js
[stdout]     [java] copying zip entry: book-template/ohc-book-template/js/resources/nls/ru/localeElements.js
[stdout]     [java] copying zip entry: book-template/ohc-book-template/js/resources/nls/ru/ojtranslations.js
[stdout]     [java] copying zip entry: book-template/ohc-book-template/js/resources/nls/ru/timezoneData.js
[stdout]     [java] copying zip entry: book-template/ohc-book-template/js/resources/nls/sk/localeElements.js
[stdout]     [java] copying zip entry: book-template/ohc-book-template/js/resources/nls/sk/ojtranslations.js
[stdout]     [java] copying zip entry: book-template/ohc-book-template/js/resources/nls/sk/timezoneData.js
[stdout]     [java] copying zip entry: book-template/ohc-book-template/js/resources/nls/sq/localeElements.js
[stdout]     [java] copying zip entry: book-template/ohc-book-template/js/resources/nls/sq/timezoneData.js
[stdout]     [java] copying zip entry: book-template/ohc-book-template/js/resources/nls/sv/localeElements.js
[stdout]     [java] copying zip entry: book-template/ohc-book-template/js/resources/nls/sv/ojtranslations.js
[stdout]     [java] copying zip entry: book-template/ohc-book-template/js/resources/nls/sv/timezoneData.js
[stdout]     [java] copying zip entry: book-template/ohc-book-template/js/resources/nls/th/localeElements.js
[stdout]     [java] copying zip entry: book-template/ohc-book-template/js/resources/nls/th/ojtranslations.js
[stdout]     [java] copying zip entry: book-template/ohc-book-template/js/resources/nls/th/timezoneData.js
[stdout]     [java] copying zip entry: book-template/ohc-book-template/js/resources/nls/timezoneData.js
[stdout]     [java] copying zip entry: book-template/ohc-book-template/js/resources/nls/tr/localeElements.js
[stdout]     [java] copying zip entry: book-template/ohc-book-template/js/resources/nls/tr/ojtranslations.js
[stdout]     [java] copying zip entry: book-template/ohc-book-template/js/resources/nls/tr/timezoneData.js
[stdout]     [java] copying zip entry: book-template/ohc-book-template/js/resources/nls/vi/localeElements.js
[stdout]     [java] copying zip entry: book-template/ohc-book-template/js/resources/nls/vi/ojtranslations.js
[stdout]     [java] copying zip entry: book-template/ohc-book-template/js/resources/nls/vi/timezoneData.js
[stdout]     [java] copying zip entry: book-template/ohc-book-template/js/book-config.js
[stdout]     [java] copying zip entry: book-template/ohc-book-template/js/ie-init.js
[stdout]     [java] copying zip entry: book-template/ohc-book-template/js/bundle.js
[stdout]     [java] Attempting to generate toc.js
[stdout]
[stdout]dita2sp_docbuilder.xhtml.includeOraReview.check:
[stdout]
[stdout]dita2sp_docbuilder.xhtml.includeOraReview:
[stdout]
[stdout]dita2sp_docbuilder.xhtml.local:
[stdout]
[stdout]clean-temp:
[stdout]
[stdout]BUILD SUCCESSFUL
[stdout]Total time: 27 seconds
